/* Auto-generated by embed_omma_cubin.py — do not edit. */
#pragma once
static const unsigned char nvfp4_omma_cubin[] = {
    0x7f,0x45,0x4c,0x46,0x02,0x01,0x01,0x41,0x08,0x00,0x00,0x00,
    0x00,0x00,0x00,0x00,0x02,0x00,0xbe,0x00,0x01,0x00,0x00,0x00,
    0x00,0x00,0x00,0x00,0x00,0x00,0x00,0x00,0xe0,0xe6,0x01,0x00,
    0x00,0x00,0x00,0x00,0x20,0xd6,0x01,0x00,0x00,0x00,0x00,0x00,
    0x02,0x78,0x00,0x06,0x40,0x00,0x38,0x00,0x06,0x00,0x40,0x00,
    0x43,0x00,0x01,0x00,0x00,0x2e,0x73,0x68,0x73,0x74,0x72,0x74,
    0x61,0x62,0x00,0x2e,0x73,0x74,0x72,0x74,0x61,0x62,0x00,0x2e,
    0x73,0x79,0x6d,0x74,0x61,0x62,0x00,0x2e,0x73,0x79,0x6d,0x74,
    0x61,0x62,0x5f,0x73,0x68,0x6e,0x64,0x78,0x00,0x2e,0x6e,0x6f,
    0x74,0x65,0x2e,0x6e,0x76,0x2e,0x74,0x6b,0x69,0x6e,0x66,0x6f,
    0x00,0x2e,0x6e,0x6f,0x74,0x65,0x2e,0x6e,0x76,0x2e,0x63,0x75,
    0x69,0x6e,0x66,0x6f,0x00,0x2e,0x6e,0x76,0x2e,0x69,0x6e,0x66,
    0x6f,0x00,0x2e,0x6e,0x76,0x2e,0x63,0x6f,0x6d,0x70,0x61,0x74,
    0x00,0x2e,0x74,0x65,0x78,0x74,0x2e,0x6e,0x76,0x66,0x70,0x34,
    0x5f,0x67,0x65,0x6d,0x76,0x5f,0x73,0x6d,0x65,0x6d,0x5f,0x66,
    0x75,0x73,0x65,0x64,0x5f,0x6b,0x65,0x72,0x6e,0x65,0x6c,0x00,
    0x2e,0x6e,0x76,0x2e,0x69,0x6e,0x66,0x6f,0x2e,0x6e,0x76,0x66,
    0x70,0x34,0x5f,0x67,0x65,0x6d,0x76,0x5f,0x73,0x6d,0x65,0x6d,
    0x5f,0x66,0x75,0x73,0x65,0x64,0x5f,0x6b,0x65,0x72,0x6e,0x65,
    0x6c,0x00,0x2e,0x6e,0x76,0x2e,0x73,0x68,0x61,0x72,0x65,0x64,
    0x2e,0x6e,0x76,0x66,0x70,0x34,0x5f,0x67,0x65,0x6d,0x76,0x5f,
    0x73,0x6d,0x65,0x6d,0x5f,0x66,0x75,0x73,0x65,0x64,0x5f,0x6b,
    0x65,0x72,0x6e,0x65,0x6c,0x00,0x2e,0x6e,0x76,0x2e,0x73,0x68,
    0x61,0x72,0x65,0x64,0x2e,0x72,0x65,0x73,0x65,0x72,0x76,0x65,
    0x64,0x2e,0x30,0x00,0x2e,0x6e,0x76,0x2e,0x63,0x6f,0x6e,0x73,
    0x74,0x61,0x6e,0x74,0x33,0x00,0x00,0x00,0x00,0x00,0x2e,0x72,
    0x65,0x6c,0x2e,0x74,0x65,0x78,0x74,0x2e,0x6e,0x76,0x66,0x70,
    0x34,0x5f,0x67,0x65,0x6d,0x76,0x5f,0x73,0x6d,0x65,0x6d,0x5f,
    0x66,0x75,0x73,0x65,0x64,0x5f,0x6b,0x65,0x72,0x6e,0x65,0x6c,
    0x00,0x2e,0x72,0x65,0x6c,0x61,0x2e,0x74,0x65,0x78,0x74,0x2e,
    0x6e,0x76,0x66,0x70,0x34,0x5f,0x67,0x65,0x6d,0x76,0x5f,0x73,
    0x6d,0x65,0x6d,0x5f,0x66,0x75,0x73,0x65,0x64,0x5f,0x6b,0x65,
    0x72,0x6e,0x65,0x6c,0x00,0x2e,0x74,0x65,0x78,0x74,0x2e,0x6e,
    0x76,0x66,0x70,0x34,0x5f,0x6f,0x6d,0x6d,0x61,0x5f,0x6d,0x74,
    0x5f,0x6b,0x65,0x72,0x6e,0x65,0x6c,0x00,0x2e,0x6e,0x76,0x2e,
    0x69,0x6e,0x66,0x6f,0x2e,0x6e,0x76,0x66,0x70,0x34,0x5f,0x6f,
    0x6d,0x6d,0x61,0x5f,0x6d,0x74,0x5f,0x6b,0x65,0x72,0x6e,0x65,
    0x6c,0x00,0x2e,0x6e,0x76,0x2e,0x73,0x68,0x61,0x72,0x65,0x64,
    0x2e,0x6e,0x76,0x66,0x70,0x34,0x5f,0x6f,0x6d,0x6d,0x61,0x5f,
    0x6d,0x74,0x5f,0x6b,0x65,0x72,0x6e,0x65,0x6c,0x00,0x2e,0x74,
    0x65,0x78,0x74,0x2e,0x6e,0x76,0x66,0x70,0x34,0x5f,0x70,0x72,
    0x6f,0x62,0x65,0x5f,0x66,0x75,0x6c,0x6c,0x5f,0x6b,0x65,0x72,
    0x6e,0x65,0x6c,0x00,0x2e,0x6e,0x76,0x2e,0x69,0x6e,0x66,0x6f,
    0x2e,0x6e,0x76,0x66,0x70,0x34,0x5f,0x70,0x72,0x6f,0x62,0x65,
    0x5f,0x66,0x75,0x6c,0x6c,0x5f,0x6b,0x65,0x72,0x6e,0x65,0x6c,
    0x00,0x2e,0x6e,0x76,0x2e,0x73,0x68,0x61,0x72,0x65,0x64,0x2e,
    0x6e,0x76,0x66,0x70,0x34,0x5f,0x70,0x72,0x6f,0x62,0x65,0x5f,
    0x66,0x75,0x6c,0x6c,0x5f,0x6b,0x65,0x72,0x6e,0x65,0x6c,0x00,
    0x2e,0x74,0x65,0x78,0x74,0x2e,0x6e,0x76,0x66,0x70,0x34,0x5f,
    0x6f,0x6d,0x6d,0x61,0x5f,0x68,0x61,0x72,0x64,0x63,0x6f,0x64,
    0x65,0x64,0x5f,0x6b,0x65,0x72,0x6e,0x65,0x6c,0x00,0x2e,0x6e,
    0x76,0x2e,0x69,0x6e,0x66,0x6f,0x2e,0x6e,0x76,0x66,0x70,0x34,
    0x5f,0x6f,0x6d,0x6d,0x61,0x5f,0x68,0x61,0x72,0x64,0x63,0x6f,
    0x64,0x65,0x64,0x5f,0x6b,0x65,0x72,0x6e,0x65,0x6c,0x00,0x2e,
    0x6e,0x76,0x2e,0x73,0x68,0x61,0x72,0x65,0x64,0x2e,0x6e,0x76,
    0x66,0x70,0x34,0x5f,0x6f,0x6d,0x6d,0x61,0x5f,0x68,0x61,0x72,
    0x64,0x63,0x6f,0x64,0x65,0x64,0x5f,0x6b,0x65,0x72,0x6e,0x65,
    0x6c,0x00,0x2e,0x74,0x65,0x78,0x74,0x2e,0x6e,0x76,0x66,0x70,
    0x34,0x5f,0x70,0x72,0x6f,0x62,0x65,0x5f,0x6b,0x65,0x72,0x6e,
    0x65,0x6c,0x00,0x2e,0x6e,0x76,0x2e,0x69,0x6e,0x66,0x6f,0x2e,
    0x6e,0x76,0x66,0x70,0x34,0x5f,0x70,0x72,0x6f,0x62,0x65,0x5f,
    0x6b,0x65,0x72,0x6e,0x65,0x6c,0x00,0x2e,0x6e,0x76,0x2e,0x73,
    0x68,0x61,0x72,0x65,0x64,0x2e,0x6e,0x76,0x66,0x70,0x34,0x5f,
    0x70,0x72,0x6f,0x62,0x65,0x5f,0x6b,0x65,0x72,0x6e,0x65,0x6c,
    0x00,0x2e,0x74,0x65,0x78,0x74,0x2e,0x6e,0x76,0x66,0x70,0x34,
    0x5f,0x67,0x65,0x6d,0x76,0x5f,0x66,0x75,0x73,0x65,0x64,0x5f,
    0x77,0x68,0x34,0x5f,0x6b,0x65,0x72,0x6e,0x65,0x6c,0x00,0x2e,
    0x6e,0x76,0x2e,0x69,0x6e,0x66,0x6f,0x2e,0x6e,0x76,0x66,0x70,
    0x34,0x5f,0x67,0x65,0x6d,0x76,0x5f,0x66,0x75,0x73,0x65,0x64,
    0x5f,0x77,0x68,0x34,0x5f,0x6b,0x65,0x72,0x6e,0x65,0x6c,0x00,
    0x2e,0x6e,0x76,0x2e,0x73,0x68,0x61,0x72,0x65,0x64,0x2e,0x6e,
    0x76,0x66,0x70,0x34,0x5f,0x67,0x65,0x6d,0x76,0x5f,0x66,0x75,
    0x73,0x65,0x64,0x5f,0x77,0x68,0x34,0x5f,0x6b,0x65,0x72,0x6e,
    0x65,0x6c,0x00,0x2e,0x74,0x65,0x78,0x74,0x2e,0x6e,0x76,0x66,
    0x70,0x34,0x5f,0x67,0x65,0x6d,0x76,0x5f,0x66,0x75,0x73,0x65,
    0x64,0x5f,0x6b,0x65,0x72,0x6e,0x65,0x6c,0x00,0x2e,0x6e,0x76,
    0x2e,0x69,0x6e,0x66,0x6f,0x2e,0x6e,0x76,0x66,0x70,0x34,0x5f,
    0x67,0x65,0x6d,0x76,0x5f,0x66,0x75,0x73,0x65,0x64,0x5f,0x6b,
    0x65,0x72,0x6e,0x65,0x6c,0x00,0x2e,0x6e,0x76,0x2e,0x73,0x68,
    0x61,0x72,0x65,0x64,0x2e,0x6e,0x76,0x66,0x70,0x34,0x5f,0x67,
    0x65,0x6d,0x76,0x5f,0x66,0x75,0x73,0x65,0x64,0x5f,0x6b,0x65,
    0x72,0x6e,0x65,0x6c,0x00,0x2e,0x74,0x65,0x78,0x74,0x2e,0x6e,
    0x76,0x66,0x70,0x34,0x5f,0x67,0x65,0x6d,0x76,0x5f,0x62,0x61,
    0x74,0x63,0x68,0x5f,0x6b,0x65,0x72,0x6e,0x65,0x6c,0x00,0x2e,
    0x6e,0x76,0x2e,0x69,0x6e,0x66,0x6f,0x2e,0x6e,0x76,0x66,0x70,
    0x34,0x5f,0x67,0x65,0x6d,0x76,0x5f,0x62,0x61,0x74,0x63,0x68,
    0x5f,0x6b,0x65,0x72,0x6e,0x65,0x6c,0x00,0x2e,0x6e,0x76,0x2e,
    0x73,0x68,0x61,0x72,0x65,0x64,0x2e,0x6e,0x76,0x66,0x70,0x34,
    0x5f,0x67,0x65,0x6d,0x76,0x5f,0x62,0x61,0x74,0x63,0x68,0x5f,
    0x6b,0x65,0x72,0x6e,0x65,0x6c,0x00,0x2e,0x74,0x65,0x78,0x74,
    0x2e,0x6e,0x76,0x66,0x70,0x34,0x5f,0x67,0x65,0x6d,0x76,0x5f,
    0x6b,0x65,0x72,0x6e,0x65,0x6c,0x00,0x2e,0x6e,0x76,0x2e,0x69,
    0x6e,0x66,0x6f,0x2e,0x6e,0x76,0x66,0x70,0x34,0x5f,0x67,0x65,
    0x6d,0x76,0x5f,0x6b,0x65,0x72,0x6e,0x65,0x6c,0x00,0x2e,0x6e,
    0x76,0x2e,0x73,0x68,0x61,0x72,0x65,0x64,0x2e,0x6e,0x76,0x66,
    0x70,0x34,0x5f,0x67,0x65,0x6d,0x76,0x5f,0x6b,0x65,0x72,0x6e,
    0x65,0x6c,0x00,0x2e,0x64,0x65,0x62,0x75,0x67,0x5f,0x66,0x72,
    0x61,0x6d,0x65,0x00,0x2e,0x72,0x65,0x6c,0x2e,0x64,0x65,0x62,
    0x75,0x67,0x5f,0x66,0x72,0x61,0x6d,0x65,0x00,0x2e,0x72,0x65,
    0x6c,0x61,0x2e,0x64,0x65,0x62,0x75,0x67,0x5f,0x66,0x72,0x61,
    0x6d,0x65,0x00,0x2e,0x6e,0x76,0x2e,0x63,0x61,0x6c,0x6c,0x67,
    0x72,0x61,0x70,0x68,0x00,0x2e,0x6e,0x76,0x2e,0x70,0x72,0x6f,
    0x74,0x6f,0x74,0x79,0x70,0x65,0x00,0x2e,0x6e,0x76,0x2e,0x63,
    0x6f,0x6e,0x73,0x74,0x61,0x6e,0x74,0x30,0x2e,0x6e,0x76,0x66,
    0x70,0x34,0x5f,0x67,0x65,0x6d,0x76,0x5f,0x73,0x6d,0x65,0x6d,
    0x5f,0x66,0x75,0x73,0x65,0x64,0x5f,0x6b,0x65,0x72,0x6e,0x65,
    0x6c,0x00,0x2e,0x6e,0x76,0x2e,0x63,0x6f,0x6e,0x73,0x74,0x61,
    0x6e,0x74,0x30,0x2e,0x6e,0x76,0x66,0x70,0x34,0x5f,0x6f,0x6d,
    0x6d,0x61,0x5f,0x6d,0x74,0x5f,0x6b,0x65,0x72,0x6e,0x65,0x6c,
    0x00,0x2e,0x6e,0x76,0x2e,0x63,0x6f,0x6e,0x73,0x74,0x61,0x6e,
    0x74,0x30,0x2e,0x6e,0x76,0x66,0x70,0x34,0x5f,0x70,0x72,0x6f,
    0x62,0x65,0x5f,0x66,0x75,0x6c,0x6c,0x5f,0x6b,0x65,0x72,0x6e,
    0x65,0x6c,0x00,0x2e,0x6e,0x76,0x2e,0x63,0x6f,0x6e,0x73,0x74,
    0x61,0x6e,0x74,0x30,0x2e,0x6e,0x76,0x66,0x70,0x34,0x5f,0x6f,
    0x6d,0x6d,0x61,0x5f,0x68,0x61,0x72,0x64,0x63,0x6f,0x64,0x65,
    0x64,0x5f,0x6b,0x65,0x72,0x6e,0x65,0x6c,0x00,0x2e,0x6e,0x76,
    0x2e,0x63,0x6f,0x6e,0x73,0x74,0x61,0x6e,0x74,0x30,0x2e,0x6e,
    0x76,0x66,0x70,0x34,0x5f,0x70,0x72,0x6f,0x62,0x65,0x5f,0x6b,
    0x65,0x72,0x6e,0x65,0x6c,0x00,0x2e,0x6e,0x76,0x2e,0x63,0x6f,
    0x6e,0x73,0x74,0x61,0x6e,0x74,0x30,0x2e,0x6e,0x76,0x66,0x70,
    0x34,0x5f,0x67,0x65,0x6d,0x76,0x5f,0x66,0x75,0x73,0x65,0x64,
    0x5f,0x77,0x68,0x34,0x5f,0x6b,0x65,0x72,0x6e,0x65,0x6c,0x00,
    0x2e,0x6e,0x76,0x2e,0x63,0x6f,0x6e,0x73,0x74,0x61,0x6e,0x74,
    0x30,0x2e,0x6e,0x76,0x66,0x70,0x34,0x5f,0x67,0x65,0x6d,0x76,
    0x5f,0x66,0x75,0x73,0x65,0x64,0x5f,0x6b,0x65,0x72,0x6e,0x65,
    0x6c,0x00,0x2e,0x6e,0x76,0x2e,0x63,0x6f,0x6e,0x73,0x74,0x61,
    0x6e,0x74,0x30,0x2e,0x6e,0x76,0x66,0x70,0x34,0x5f,0x67,0x65,
    0x6d,0x76,0x5f,0x62,0x61,0x74,0x63,0x68,0x5f,0x6b,0x65,0x72,
    0x6e,0x65,0x6c,0x00,0x2e,0x6e,0x76,0x2e,0x63,0x6f,0x6e,0x73,
    0x74,0x61,0x6e,0x74,0x30,0x2e,0x6e,0x76,0x66,0x70,0x34,0x5f,
    0x67,0x65,0x6d,0x76,0x5f,0x6b,0x65,0x72,0x6e,0x65,0x6c,0x00,
    0x2e,0x6e,0x76,0x2e,0x63,0x61,0x70,0x6d,0x65,0x72,0x63,0x2e,
    0x74,0x65,0x78,0x74,0x2e,0x6e,0x76,0x66,0x70,0x34,0x5f,0x67,
    0x65,0x6d,0x76,0x5f,0x73,0x6d,0x65,0x6d,0x5f,0x66,0x75,0x73,
    0x65,0x64,0x5f,0x6b,0x65,0x72,0x6e,0x65,0x6c,0x00,0x2e,0x6e,
    0x76,0x2e,0x63,0x61,0x70,0x6d,0x65,0x72,0x63,0x2e,0x74,0x65,
    0x78,0x74,0x2e,0x6e,0x76,0x66,0x70,0x34,0x5f,0x6f,0x6d,0x6d,
    0x61,0x5f,0x6d,0x74,0x5f,0x6b,0x65,0x72,0x6e,0x65,0x6c,0x00,
    0x2e,0x6e,0x76,0x2e,0x63,0x61,0x70,0x6d,0x65,0x72,0x63,0x2e,
    0x74,0x65,0x78,0x74,0x2e,0x6e,0x76,0x66,0x70,0x34,0x5f,0x70,
    0x72,0x6f,0x62,0x65,0x5f,0x66,0x75,0x6c,0x6c,0x5f,0x6b,0x65,
    0x72,0x6e,0x65,0x6c,0x00,0x2e,0x6e,0x76,0x2e,0x63,0x61,0x70,
    0x6d,0x65,0x72,0x63,0x2e,0x74,0x65,0x78,0x74,0x2e,0x6e,0x76,
    0x66,0x70,0x34,0x5f,0x6f,0x6d,0x6d,0x61,0x5f,0x68,0x61,0x72,
    0x64,0x63,0x6f,0x64,0x65,0x64,0x5f,0x6b,0x65,0x72,0x6e,0x65,
    0x6c,0x00,0x2e,0x6e,0x76,0x2e,0x63,0x61,0x70,0x6d,0x65,0x72,
    0x63,0x2e,0x74,0x65,0x78,0x74,0x2e,0x6e,0x76,0x66,0x70,0x34,
    0x5f,0x70,0x72,0x6f,0x62,0x65,0x5f,0x6b,0x65,0x72,0x6e,0x65,
    0x6c,0x00,0x2e,0x6e,0x76,0x2e,0x63,0x61,0x70,0x6d,0x65,0x72,
    0x63,0x2e,0x74,0x65,0x78,0x74,0x2e,0x6e,0x76,0x66,0x70,0x34,
    0x5f,0x67,0x65,0x6d,0x76,0x5f,0x66,0x75,0x73,0x65,0x64,0x5f,
    0x77,0x68,0x34,0x5f,0x6b,0x65,0x72,0x6e,0x65,0x6c,0x00,0x2e,
    0x6e,0x76,0x2e,0x63,0x61,0x70,0x6d,0x65,0x72,0x63,0x2e,0x74,
    0x65,0x78,0x74,0x2e,0x6e,0x76,0x66,0x70,0x34,0x5f,0x67,0x65,
    0x6d,0x76,0x5f,0x66,0x75,0x73,0x65,0x64,0x5f,0x6b,0x65,0x72,
    0x6e,0x65,0x6c,0x00,0x2e,0x6e,0x76,0x2e,0x63,0x61,0x70,0x6d,
    0x65,0x72,0x63,0x2e,0x74,0x65,0x78,0x74,0x2e,0x6e,0x76,0x66,
    0x70,0x34,0x5f,0x67,0x65,0x6d,0x76,0x5f,0x62,0x61,0x74,0x63,
    0x68,0x5f,0x6b,0x65,0x72,0x6e,0x65,0x6c,0x00,0x2e,0x6e,0x76,
    0x2e,0x63,0x61,0x70,0x6d,0x65,0x72,0x63,0x2e,0x74,0x65,0x78,
    0x74,0x2e,0x6e,0x76,0x66,0x70,0x34,0x5f,0x67,0x65,0x6d,0x76,
    0x5f,0x6b,0x65,0x72,0x6e,0x65,0x6c,0x00,0x2e,0x6e,0x76,0x2e,
    0x6d,0x65,0x72,0x63,0x2e,0x64,0x65,0x62,0x75,0x67,0x5f,0x66,
    0x72,0x61,0x6d,0x65,0x00,0x2e,0x6e,0x76,0x2e,0x6d,0x65,0x72,
    0x63,0x2e,0x6e,0x76,0x2e,0x69,0x6e,0x66,0x6f,0x00,0x2e,0x6e,
    0x76,0x2e,0x6d,0x65,0x72,0x63,0x2e,0x6e,0x76,0x2e,0x69,0x6e,
    0x66,0x6f,0x2e,0x6e,0x76,0x66,0x70,0x34,0x5f,0x67,0x65,0x6d,
    0x76,0x5f,0x73,0x6d,0x65,0x6d,0x5f,0x66,0x75,0x73,0x65,0x64,
    0x5f,0x6b,0x65,0x72,0x6e,0x65,0x6c,0x00,0x2e,0x6e,0x76,0x2e,
    0x6d,0x65,0x72,0x63,0x2e,0x6e,0x76,0x2e,0x69,0x6e,0x66,0x6f,
    0x2e,0x6e,0x76,0x66,0x70,0x34,0x5f,0x6f,0x6d,0x6d,0x61,0x5f,
    0x6d,0x74,0x5f,0x6b,0x65,0x72,0x6e,0x65,0x6c,0x00,0x2e,0x6e,
    0x76,0x2e,0x6d,0x65,0x72,0x63,0x2e,0x6e,0x76,0x2e,0x69,0x6e,
    0x66,0x6f,0x2e,0x6e,0x76,0x66,0x70,0x34,0x5f,0x70,0x72,0x6f,
    0x62,0x65,0x5f,0x66,0x75,0x6c,0x6c,0x5f,0x6b,0x65,0x72,0x6e,
    0x65,0x6c,0x00,0x2e,0x6e,0x76,0x2e,0x6d,0x65,0x72,0x63,0x2e,
    0x6e,0x76,0x2e,0x69,0x6e,0x66,0x6f,0x2e,0x6e,0x76,0x66,0x70,
    0x34,0x5f,0x6f,0x6d,0x6d,0x61,0x5f,0x68,0x61,0x72,0x64,0x63,
    0x6f,0x64,0x65,0x64,0x5f,0x6b,0x65,0x72,0x6e,0x65,0x6c,0x00,
    0x2e,0x6e,0x76,0x2e,0x6d,0x65,0x72,0x63,0x2e,0x6e,0x76,0x2e,
    0x69,0x6e,0x66,0x6f,0x2e,0x6e,0x76,0x66,0x70,0x34,0x5f,0x70,
    0x72,0x6f,0x62,0x65,0x5f,0x6b,0x65,0x72,0x6e,0x65,0x6c,0x00,
    0x2e,0x6e,0x76,0x2e,0x6d,0x65,0x72,0x63,0x2e,0x6e,0x76,0x2e,
    0x69,0x6e,0x66,0x6f,0x2e,0x6e,0x76,0x66,0x70,0x34,0x5f,0x67,
    0x65,0x6d,0x76,0x5f,0x66,0x75,0x73,0x65,0x64,0x5f,0x77,0x68,
    0x34,0x5f,0x6b,0x65,0x72,0x6e,0x65,0x6c,0x00,0x2e,0x6e,0x76,
    0x2e,0x6d,0x65,0x72,0x63,0x2e,0x6e,0x76,0x2e,0x69,0x6e,0x66,
    0x6f,0x2e,0x6e,0x76,0x66,0x70,0x34,0x5f,0x67,0x65,0x6d,0x76,
    0x5f,0x66,0x75,0x73,0x65,0x64,0x5f,0x6b,0x65,0x72,0x6e,0x65,
    0x6c,0x00,0x2e,0x6e,0x76,0x2e,0x6d,0x65,0x72,0x63,0x2e,0x6e,
    0x76,0x2e,0x69,0x6e,0x66,0x6f,0x2e,0x6e,0x76,0x66,0x70,0x34,
    0x5f,0x67,0x65,0x6d,0x76,0x5f,0x62,0x61,0x74,0x63,0x68,0x5f,
    0x6b,0x65,0x72,0x6e,0x65,0x6c,0x00,0x2e,0x6e,0x76,0x2e,0x6d,
    0x65,0x72,0x63,0x2e,0x6e,0x76,0x2e,0x69,0x6e,0x66,0x6f,0x2e,
    0x6e,0x76,0x66,0x70,0x34,0x5f,0x67,0x65,0x6d,0x76,0x5f,0x6b,
    0x65,0x72,0x6e,0x65,0x6c,0x00,0x2e,0x6e,0x76,0x2e,0x6d,0x65,
    0x72,0x63,0x2e,0x72,0x65,0x6c,0x61,0x2e,0x74,0x65,0x78,0x74,
    0x2e,0x6e,0x76,0x66,0x70,0x34,0x5f,0x67,0x65,0x6d,0x76,0x5f,
    0x73,0x6d,0x65,0x6d,0x5f,0x66,0x75,0x73,0x65,0x64,0x5f,0x6b,
    0x65,0x72,0x6e,0x65,0x6c,0x00,0x2e,0x6e,0x76,0x2e,0x6d,0x65,
    0x72,0x63,0x2e,0x72,0x65,0x6c,0x61,0x2e,0x64,0x65,0x62,0x75,
    0x67,0x5f,0x66,0x72,0x61,0x6d,0x65,0x00,0x2e,0x6e,0x76,0x2e,
    0x6d,0x65,0x72,0x63,0x2e,0x6e,0x76,0x2e,0x63,0x6f,0x6e,0x73,
    0x74,0x61,0x6e,0x74,0x2e,0x75,0x73,0x65,0x72,0x00,0x2e,0x6e,
    0x76,0x2e,0x6d,0x65,0x72,0x63,0x2e,0x6e,0x76,0x2e,0x73,0x68,
    0x61,0x72,0x65,0x64,0x2e,0x72,0x65,0x73,0x65,0x72,0x76,0x65,
    0x64,0x2e,0x30,0x00,0x2e,0x6e,0x76,0x2e,0x6d,0x65,0x72,0x63,
    0x2e,0x73,0x79,0x6d,0x74,0x61,0x62,0x00,0x00,0x00,0x00,0x00,
    0x00,0x00,0x00,0x00,0x00,0x00,0x00,0x00,0x00,0x00,0x00,0x00,
    0x00,0x00,0x00,0x00,0x00,0x00,0x00,0x00,0x00,0x00,0x00,0x00,
    0x00,0x00,0x00,0x00,0x00,0x00,0x00,0x00,0x00,0x2e,0x73,0x68,
    0x73,0x74,0x72,0x74,0x61,0x62,0x00,0x2e,0x73,0x74,0x72,0x74,
    0x61,0x62,0x00,0x2e,0x73,0x79,0x6d,0x74,0x61,0x62,0x00,0x2e,
    0x73,0x79,0x6d,0x74,0x61,0x62,0x5f,0x73,0x68,0x6e,0x64,0x78,
    0x00,0x2e,0x6e,0x6f,0x74,0x65,0x2e,0x6e,0x76,0x2e,0x74,0x6b,
    0x69,0x6e,0x66,0x6f,0x00,0x2e,0x6e,0x6f,0x74,0x65,0x2e,0x6e,
    0x76,0x2e,0x63,0x75,0x69,0x6e,0x66,0x6f,0x00,0x2e,0x6e,0x76,
    0x2e,0x69,0x6e,0x66,0x6f,0x00,0x2e,0x6e,0x76,0x2e,0x63,0x6f,
    0x6d,0x70,0x61,0x74,0x00,0x2e,0x74,0x65,0x78,0x74,0x2e,0x6e,
    0x76,0x66,0x70,0x34,0x5f,0x67,0x65,0x6d,0x76,0x5f,0x73,0x6d,
    0x65,0x6d,0x5f,0x66,0x75,0x73,0x65,0x64,0x5f,0x6b,0x65,0x72,
    0x6e,0x65,0x6c,0x00,0x2e,0x6e,0x76,0x2e,0x69,0x6e,0x66,0x6f,
    0x2e,0x6e,0x76,0x66,0x70,0x34,0x5f,0x67,0x65,0x6d,0x76,0x5f,
    0x73,0x6d,0x65,0x6d,0x5f,0x66,0x75,0x73,0x65,0x64,0x5f,0x6b,
    0x65,0x72,0x6e,0x65,0x6c,0x00,0x2e,0x6e,0x76,0x2e,0x73,0x68,
    0x61,0x72,0x65,0x64,0x2e,0x6e,0x76,0x66,0x70,0x34,0x5f,0x67,
    0x65,0x6d,0x76,0x5f,0x73,0x6d,0x65,0x6d,0x5f,0x66,0x75,0x73,
    0x65,0x64,0x5f,0x6b,0x65,0x72,0x6e,0x65,0x6c,0x00,0x2e,0x6e,
    0x76,0x2e,0x72,0x65,0x73,0x65,0x72,0x76,0x65,0x64,0x53,0x6d,
    0x65,0x6d,0x2e,0x6f,0x66,0x66,0x73,0x65,0x74,0x30,0x00,0x2e,
    0x6e,0x76,0x2e,0x73,0x68,0x61,0x72,0x65,0x64,0x2e,0x72,0x65,
    0x73,0x65,0x72,0x76,0x65,0x64,0x2e,0x30,0x00,0x5f,0x5f,0x6e,
    0x76,0x5f,0x72,0x65,0x73,0x65,0x72,0x76,0x65,0x64,0x53,0x4d,
    0x45,0x4d,0x5f,0x6f,0x66,0x66,0x73,0x65,0x74,0x5f,0x30,0x5f,
    0x61,0x6c,0x69,0x61,0x73,0x00,0x2e,0x6e,0x76,0x2e,0x63,0x6f,
    0x6e,0x73,0x74,0x61,0x6e,0x74,0x2e,0x75,0x73,0x65,0x72,0x00,
    0x65,0x32,0x6d,0x31,0x5f,0x6c,0x75,0x74,0x00,0x2e,0x6e,0x76,
    0x2e,0x72,0x65,0x73,0x65,0x72,0x76,0x65,0x64,0x53,0x6d,0x65,
    0x6d,0x2e,0x63,0x61,0x70,0x00,0x2e,0x72,0x65,0x6c,0x2e,0x74,
    0x65,0x78,0x74,0x2e,0x6e,0x76,0x66,0x70,0x34,0x5f,0x67,0x65,
    0x6d,0x76,0x5f,0x73,0x6d,0x65,0x6d,0x5f,0x66,0x75,0x73,0x65,
    0x64,0x5f,0x6b,0x65,0x72,0x6e,0x65,0x6c,0x00,0x2e,0x72,0x65,
    0x6c,0x61,0x2e,0x74,0x65,0x78,0x74,0x2e,0x6e,0x76,0x66,0x70,
    0x34,0x5f,0x67,0x65,0x6d,0x76,0x5f,0x73,0x6d,0x65,0x6d,0x5f,
    0x66,0x75,0x73,0x65,0x64,0x5f,0x6b,0x65,0x72,0x6e,0x65,0x6c,
    0x00,0x2e,0x74,0x65,0x78,0x74,0x2e,0x6e,0x76,0x66,0x70,0x34,
    0x5f,0x6f,0x6d,0x6d,0x61,0x5f,0x6d,0x74,0x5f,0x6b,0x65,0x72,
    0x6e,0x65,0x6c,0x00,0x2e,0x6e,0x76,0x2e,0x69,0x6e,0x66,0x6f,
    0x2e,0x6e,0x76,0x66,0x70,0x34,0x5f,0x6f,0x6d,0x6d,0x61,0x5f,
    0x6d,0x74,0x5f,0x6b,0x65,0x72,0x6e,0x65,0x6c,0x00,0x2e,0x6e,
    0x76,0x2e,0x73,0x68,0x61,0x72,0x65,0x64,0x2e,0x6e,0x76,0x66,
    0x70,0x34,0x5f,0x6f,0x6d,0x6d,0x61,0x5f,0x6d,0x74,0x5f,0x6b,
    0x65,0x72,0x6e,0x65,0x6c,0x00,0x2e,0x74,0x65,0x78,0x74,0x2e,
    0x6e,0x76,0x66,0x70,0x34,0x5f,0x70,0x72,0x6f,0x62,0x65,0x5f,
    0x66,0x75,0x6c,0x6c,0x5f,0x6b,0x65,0x72,0x6e,0x65,0x6c,0x00,
    0x2e,0x6e,0x76,0x2e,0x69,0x6e,0x66,0x6f,0x2e,0x6e,0x76,0x66,
    0x70,0x34,0x5f,0x70,0x72,0x6f,0x62,0x65,0x5f,0x66,0x75,0x6c,
    0x6c,0x5f,0x6b,0x65,0x72,0x6e,0x65,0x6c,0x00,0x2e,0x6e,0x76,
    0x2e,0x73,0x68,0x61,0x72,0x65,0x64,0x2e,0x6e,0x76,0x66,0x70,
    0x34,0x5f,0x70,0x72,0x6f,0x62,0x65,0x5f,0x66,0x75,0x6c,0x6c,
    0x5f,0x6b,0x65,0x72,0x6e,0x65,0x6c,0x00,0x2e,0x74,0x65,0x78,
    0x74,0x2e,0x6e,0x76,0x66,0x70,0x34,0x5f,0x6f,0x6d,0x6d,0x61,
    0x5f,0x68,0x61,0x72,0x64,0x63,0x6f,0x64,0x65,0x64,0x5f,0x6b,
    0x65,0x72,0x6e,0x65,0x6c,0x00,0x2e,0x6e,0x76,0x2e,0x69,0x6e,
    0x66,0x6f,0x2e,0x6e,0x76,0x66,0x70,0x34,0x5f,0x6f,0x6d,0x6d,
    0x61,0x5f,0x68,0x61,0x72,0x64,0x63,0x6f,0x64,0x65,0x64,0x5f,
    0x6b,0x65,0x72,0x6e,0x65,0x6c,0x00,0x2e,0x6e,0x76,0x2e,0x73,
    0x68,0x61,0x72,0x65,0x64,0x2e,0x6e,0x76,0x66,0x70,0x34,0x5f,
    0x6f,0x6d,0x6d,0x61,0x5f,0x68,0x61,0x72,0x64,0x63,0x6f,0x64,
    0x65,0x64,0x5f,0x6b,0x65,0x72,0x6e,0x65,0x6c,0x00,0x2e,0x74,
    0x65,0x78,0x74,0x2e,0x6e,0x76,0x66,0x70,0x34,0x5f,0x70,0x72,
    0x6f,0x62,0x65,0x5f,0x6b,0x65,0x72,0x6e,0x65,0x6c,0x00,0x2e,
    0x6e,0x76,0x2e,0x69,0x6e,0x66,0x6f,0x2e,0x6e,0x76,0x66,0x70,
    0x34,0x5f,0x70,0x72,0x6f,0x62,0x65,0x5f,0x6b,0x65,0x72,0x6e,
    0x65,0x6c,0x00,0x2e,0x6e,0x76,0x2e,0x73,0x68,0x61,0x72,0x65,
    0x64,0x2e,0x6e,0x76,0x66,0x70,0x34,0x5f,0x70,0x72,0x6f,0x62,
    0x65,0x5f,0x6b,0x65,0x72,0x6e,0x65,0x6c,0x00,0x2e,0x74,0x65,
    0x78,0x74,0x2e,0x6e,0x76,0x66,0x70,0x34,0x5f,0x67,0x65,0x6d,
    0x76,0x5f,0x66,0x75,0x73,0x65,0x64,0x5f,0x77,0x68,0x34,0x5f,
    0x6b,0x65,0x72,0x6e,0x65,0x6c,0x00,0x2e,0x6e,0x76,0x2e,0x69,
    0x6e,0x66,0x6f,0x2e,0x6e,0x76,0x66,0x70,0x34,0x5f,0x67,0x65,
    0x6d,0x76,0x5f,0x66,0x75,0x73,0x65,0x64,0x5f,0x77,0x68,0x34,
    0x5f,0x6b,0x65,0x72,0x6e,0x65,0x6c,0x00,0x2e,0x6e,0x76,0x2e,
    0x73,0x68,0x61,0x72,0x65,0x64,0x2e,0x6e,0x76,0x66,0x70,0x34,
    0x5f,0x67,0x65,0x6d,0x76,0x5f,0x66,0x75,0x73,0x65,0x64,0x5f,
    0x77,0x68,0x34,0x5f,0x6b,0x65,0x72,0x6e,0x65,0x6c,0x00,0x2e,
    0x74,0x65,0x78,0x74,0x2e,0x6e,0x76,0x66,0x70,0x34,0x5f,0x67,
    0x65,0x6d,0x76,0x5f,0x66,0x75,0x73,0x65,0x64,0x5f,0x6b,0x65,
    0x72,0x6e,0x65,0x6c,0x00,0x2e,0x6e,0x76,0x2e,0x69,0x6e,0x66,
    0x6f,0x2e,0x6e,0x76,0x66,0x70,0x34,0x5f,0x67,0x65,0x6d,0x76,
    0x5f,0x66,0x75,0x73,0x65,0x64,0x5f,0x6b,0x65,0x72,0x6e,0x65,
    0x6c,0x00,0x2e,0x6e,0x76,0x2e,0x73,0x68,0x61,0x72,0x65,0x64,
    0x2e,0x6e,0x76,0x66,0x70,0x34,0x5f,0x67,0x65,0x6d,0x76,0x5f,
    0x66,0x75,0x73,0x65,0x64,0x5f,0x6b,0x65,0x72,0x6e,0x65,0x6c,
    0x00,0x2e,0x74,0x65,0x78,0x74,0x2e,0x6e,0x76,0x66,0x70,0x34,
    0x5f,0x67,0x65,0x6d,0x76,0x5f,0x62,0x61,0x74,0x63,0x68,0x5f,
    0x6b,0x65,0x72,0x6e,0x65,0x6c,0x00,0x2e,0x6e,0x76,0x2e,0x69,
    0x6e,0x66,0x6f,0x2e,0x6e,0x76,0x66,0x70,0x34,0x5f,0x67,0x65,
    0x6d,0x76,0x5f,0x62,0x61,0x74,0x63,0x68,0x5f,0x6b,0x65,0x72,
    0x6e,0x65,0x6c,0x00,0x2e,0x6e,0x76,0x2e,0x73,0x68,0x61,0x72,
    0x65,0x64,0x2e,0x6e,0x76,0x66,0x70,0x34,0x5f,0x67,0x65,0x6d,
    0x76,0x5f,0x62,0x61,0x74,0x63,0x68,0x5f,0x6b,0x65,0x72,0x6e,
    0x65,0x6c,0x00,0x2e,0x74,0x65,0x78,0x74,0x2e,0x6e,0x76,0x66,
    0x70,0x34,0x5f,0x67,0x65,0x6d,0x76,0x5f,0x6b,0x65,0x72,0x6e,
    0x65,0x6c,0x00,0x2e,0x6e,0x76,0x2e,0x69,0x6e,0x66,0x6f,0x2e,
    0x6e,0x76,0x66,0x70,0x34,0x5f,0x67,0x65,0x6d,0x76,0x5f,0x6b,
    0x65,0x72,0x6e,0x65,0x6c,0x00,0x2e,0x6e,0x76,0x2e,0x73,0x68,
    0x61,0x72,0x65,0x64,0x2e,0x6e,0x76,0x66,0x70,0x34,0x5f,0x67,
    0x65,0x6d,0x76,0x5f,0x6b,0x65,0x72,0x6e,0x65,0x6c,0x00,0x2e,
    0x64,0x65,0x62,0x75,0x67,0x5f,0x66,0x72,0x61,0x6d,0x65,0x00,
    0x2e,0x72,0x65,0x6c,0x2e,0x64,0x65,0x62,0x75,0x67,0x5f,0x66,
    0x72,0x61,0x6d,0x65,0x00,0x2e,0x72,0x65,0x6c,0x61,0x2e,0x64,
    0x65,0x62,0x75,0x67,0x5f,0x66,0x72,0x61,0x6d,0x65,0x00,0x2e,
    0x6e,0x76,0x2e,0x63,0x61,0x6c,0x6c,0x67,0x72,0x61,0x70,0x68,
    0x00,0x2e,0x6e,0x76,0x2e,0x70,0x72,0x6f,0x74,0x6f,0x74,0x79,
    0x70,0x65,0x00,0x6e,0x76,0x66,0x70,0x34,0x5f,0x67,0x65,0x6d,
    0x76,0x5f,0x73,0x6d,0x65,0x6d,0x5f,0x66,0x75,0x73,0x65,0x64,
    0x5f,0x6b,0x65,0x72,0x6e,0x65,0x6c,0x00,0x6e,0x76,0x66,0x70,
    0x34,0x5f,0x6f,0x6d,0x6d,0x61,0x5f,0x6d,0x74,0x5f,0x6b,0x65,
    0x72,0x6e,0x65,0x6c,0x00,0x6e,0x76,0x66,0x70,0x34,0x5f,0x70,
    0x72,0x6f,0x62,0x65,0x5f,0x66,0x75,0x6c,0x6c,0x5f,0x6b,0x65,
    0x72,0x6e,0x65,0x6c,0x00,0x6e,0x76,0x66,0x70,0x34,0x5f,0x6f,
    0x6d,0x6d,0x61,0x5f,0x68,0x61,0x72,0x64,0x63,0x6f,0x64,0x65,
    0x64,0x5f,0x6b,0x65,0x72,0x6e,0x65,0x6c,0x00,0x6e,0x76,0x66,
    0x70,0x34,0x5f,0x70,0x72,0x6f,0x62,0x65,0x5f,0x6b,0x65,0x72,
    0x6e,0x65,0x6c,0x00,0x6e,0x76,0x66,0x70,0x34,0x5f,0x67,0x65,
    0x6d,0x76,0x5f,0x66,0x75,0x73,0x65,0x64,0x5f,0x77,0x68,0x34,
    0x5f,0x6b,0x65,0x72,0x6e,0x65,0x6c,0x00,0x6e,0x76,0x66,0x70,
    0x34,0x5f,0x67,0x65,0x6d,0x76,0x5f,0x66,0x75,0x73,0x65,0x64,
    0x5f,0x6b,0x65,0x72,0x6e,0x65,0x6c,0x00,0x6e,0x76,0x66,0x70,
    0x34,0x5f,0x67,0x65,0x6d,0x76,0x5f,0x62,0x61,0x74,0x63,0x68,
    0x5f,0x6b,0x65,0x72,0x6e,0x65,0x6c,0x00,0x6e,0x76,0x66,0x70,
    0x34,0x5f,0x67,0x65,0x6d,0x76,0x5f,0x6b,0x65,0x72,0x6e,0x65,
    0x6c,0x00,0x2e,0x6e,0x76,0x2e,0x63,0x6f,0x6e,0x73,0x74,0x61,
    0x6e,0x74,0x33,0x00,0x2e,0x6e,0x76,0x2e,0x63,0x6f,0x6e,0x73,
    0x74,0x61,0x6e,0x74,0x30,0x2e,0x6e,0x76,0x66,0x70,0x34,0x5f,
    0x67,0x65,0x6d,0x76,0x5f,0x73,0x6d,0x65,0x6d,0x5f,0x66,0x75,
    0x73,0x65,0x64,0x5f,0x6b,0x65,0x72,0x6e,0x65,0x6c,0x00,0x2e,
    0x6e,0x76,0x2e,0x63,0x6f,0x6e,0x73,0x74,0x61,0x6e,0x74,0x30,
    0x2e,0x6e,0x76,0x66,0x70,0x34,0x5f,0x6f,0x6d,0x6d,0x61,0x5f,
    0x6d,0x74,0x5f,0x6b,0x65,0x72,0x6e,0x65,0x6c,0x00,0x2e,0x6e,
    0x76,0x2e,0x63,0x6f,0x6e,0x73,0x74,0x61,0x6e,0x74,0x30,0x2e,
    0x6e,0x76,0x66,0x70,0x34,0x5f,0x70,0x72,0x6f,0x62,0x65,0x5f,
    0x66,0x75,0x6c,0x6c,0x5f,0x6b,0x65,0x72,0x6e,0x65,0x6c,0x00,
    0x2e,0x6e,0x76,0x2e,0x63,0x6f,0x6e,0x73,0x74,0x61,0x6e,0x74,
    0x30,0x2e,0x6e,0x76,0x66,0x70,0x34,0x5f,0x6f,0x6d,0x6d,0x61,
    0x5f,0x68,0x61,0x72,0x64,0x63,0x6f,0x64,0x65,0x64,0x5f,0x6b,
    0x65,0x72,0x6e,0x65,0x6c,0x00,0x2e,0x6e,0x76,0x2e,0x63,0x6f,
    0x6e,0x73,0x74,0x61,0x6e,0x74,0x30,0x2e,0x6e,0x76,0x66,0x70,
    0x34,0x5f,0x70,0x72,0x6f,0x62,0x65,0x5f,0x6b,0x65,0x72,0x6e,
    0x65,0x6c,0x00,0x2e,0x6e,0x76,0x2e,0x63,0x6f,0x6e,0x73,0x74,
    0x61,0x6e,0x74,0x30,0x2e,0x6e,0x76,0x66,0x70,0x34,0x5f,0x67,
    0x65,0x6d,0x76,0x5f,0x66,0x75,0x73,0x65,0x64,0x5f,0x77,0x68,
    0x34,0x5f,0x6b,0x65,0x72,0x6e,0x65,0x6c,0x00,0x2e,0x6e,0x76,
    0x2e,0x63,0x6f,0x6e,0x73,0x74,0x61,0x6e,0x74,0x30,0x2e,0x6e,
    0x76,0x66,0x70,0x34,0x5f,0x67,0x65,0x6d,0x76,0x5f,0x66,0x75,
    0x73,0x65,0x64,0x5f,0x6b,0x65,0x72,0x6e,0x65,0x6c,0x00,0x2e,
    0x6e,0x76,0x2e,0x63,0x6f,0x6e,0x73,0x74,0x61,0x6e,0x74,0x30,
    0x2e,0x6e,0x76,0x66,0x70,0x34,0x5f,0x67,0x65,0x6d,0x76,0x5f,
    0x62,0x61,0x74,0x63,0x68,0x5f,0x6b,0x65,0x72,0x6e,0x65,0x6c,
    0x00,0x2e,0x6e,0x76,0x2e,0x63,0x6f,0x6e,0x73,0x74,0x61,0x6e,
    0x74,0x30,0x2e,0x6e,0x76,0x66,0x70,0x34,0x5f,0x67,0x65,0x6d,
    0x76,0x5f,0x6b,0x65,0x72,0x6e,0x65,0x6c,0x00,0x00,0x00,0x00,
    0x00,0x00,0x00,0x00,0x00,0x00,0x00,0x00,0x00,0x00,0x00,0x00,
    0x00,0x00,0x00,0x00,0x00,0x00,0x00,0x00,0x00,0x00,0x00,0x00,
    0x00,0x00,0x00,0x00,0x29,0x00,0x00,0x00,0x03,0x00,0x05,0x00,
    0x00,0x00,0x00,0x00,0x00,0x00,0x00,0x00,0x00,0x00,0x00,0x00,
    0x00,0x00,0x00,0x00,0x39,0x00,0x00,0x00,0x03,0x00,0x06,0x00,
    0x00,0x00,0x00,0x00,0x00,0x00,0x00,0x00,0x00,0x00,0x00,0x00,
    0x00,0x00,0x00,0x00,0x5d,0x00,0x00,0x00,0x03,0x00,0x16,0x00,
    0x00,0x00,0x00,0x00,0x00,0x00,0x00,0x00,0x00,0x00,0x00,0x00,
    0x00,0x00,0x00,0x00,0xa6,0x00,0x00,0x00,0x03,0x00,0x1f,0x00,
    0x00,0x00,0x00,0x00,0x00,0x00,0x00,0x00,0x00,0x00,0x00,0x00,
    0x00,0x00,0x00,0x00,0xce,0x00,0x00,0x00,0x21,0x00,0x00,0x00,
    0x40,0x00,0x00,0x00,0x00,0x00,0x00,0x00,0x04,0x00,0x00,0x00,
    0x00,0x00,0x00,0x00,0xfd,0x00,0x00,0x00,0x20,0xa0,0x20,0x00,
    0x40,0x00,0x00,0x00,0x00,0x00,0x00,0x00,0x00,0x00,0x00,0x00,
    0x00,0x00,0x00,0x00,0xbe,0x05,0x00,0x00,0x03,0x00,0x15,0x00,
    0x00,0x00,0x00,0x00,0x00,0x00,0x00,0x00,0x00,0x00,0x00,0x00,
    0x00,0x00,0x00,0x00,0x30,0x01,0x00,0x00,0x01,0x00,0x15,0x00,
    0x00,0x00,0x00,0x00,0x00,0x00,0x00,0x00,0x40,0x00,0x00,0x00,
    0x00,0x00,0x00,0x00,0x39,0x01,0x00,0x00,0x21,0x00,0x00,0x00,
    0x00,0x04,0x00,0x00,0x00,0x00,0x00,0x00,0x04,0x00,0x00,0x00,
    0x00,0x00,0x00,0x00,0x9d,0x01,0x00,0x00,0x03,0x00,0x17,0x00,
    0x00,0x00,0x00,0x00,0x00,0x00,0x00,0x00,0x00,0x00,0x00,0x00,
    0x00,0x00,0x00,0x00,0xf6,0x01,0x00,0x00,0x03,0x00,0x18,0x00,
    0x00,0x00,0x00,0x00,0x00,0x00,0x00,0x00,0x00,0x00,0x00,0x00,
    0x00,0x00,0x00,0x00,0x58,0x02,0x00,0x00,0x03,0x00,0x19,0x00,
    0x00,0x00,0x00,0x00,0x00,0x00,0x00,0x00,0x00,0x00,0x00,0x00,
    0x00,0x00,0x00,0x00,0xc6,0x02,0x00,0x00,0x03,0x00,0x1a,0x00,
    0x00,0x00,0x00,0x00,0x00,0x00,0x00,0x00,0x00,0x00,0x00,0x00,
    0x00,0x00,0x00,0x00,0x19,0x03,0x00,0x00,0x03,0x00,0x1b,0x00,
    0x00,0x00,0x00,0x00,0x00,0x00,0x00,0x00,0x00,0x00,0x00,0x00,
    0x00,0x00,0x00,0x00,0x87,0x03,0x00,0x00,0x03,0x00,0x1c,0x00,
    0x00,0x00,0x00,0x00,0x00,0x00,0x00,0x00,0x00,0x00,0x00,0x00,
    0x00,0x00,0x00,0x00,0xe9,0x03,0x00,0x00,0x03,0x00,0x1d,0x00,
    0x00,0x00,0x00,0x00,0x00,0x00,0x00,0x00,0x00,0x00,0x00,0x00,
    0x00,0x00,0x00,0x00,0x4b,0x04,0x00,0x00,0x03,0x00,0x1e,0x00,
    0x00,0x00,0x00,0x00,0x00,0x00,0x00,0x00,0x00,0x00,0x00,0x00,
    0x00,0x00,0x00,0x00,0x9b,0x04,0x00,0x00,0x03,0x00,0x04,0x00,
    0x00,0x00,0x00,0x00,0x00,0x00,0x00,0x00,0x00,0x00,0x00,0x00,
    0x00,0x00,0x00,0x00,0xcb,0x04,0x00,0x00,0x03,0x00,0x12,0x00,
    0x00,0x00,0x00,0x00,0x00,0x00,0x00,0x00,0x00,0x00,0x00,0x00,
    0x00,0x00,0x00,0x00,0xe7,0x04,0x00,0x00,0x12,0x10,0x16,0x00,
    0x00,0x00,0x00,0x00,0x00,0x00,0x00,0x00,0x00,0x24,0x00,0x00,
    0x00,0x00,0x00,0x00,0x04,0x05,0x00,0x00,0x12,0x10,0x17,0x00,
    0x00,0x00,0x00,0x00,0x00,0x00,0x00,0x00,0x80,0x05,0x00,0x00,
    0x00,0x00,0x00,0x00,0x19,0x05,0x00,0x00,0x12,0x10,0x18,0x00,
    0x00,0x00,0x00,0x00,0x00,0x00,0x00,0x00,0x00,0x34,0x00,0x00,
    0x00,0x00,0x00,0x00,0x31,0x05,0x00,0x00,0x12,0x10,0x19,0x00,
    0x00,0x00,0x00,0x00,0x00,0x00,0x00,0x00,0x00,0x02,0x00,0x00,
    0x00,0x00,0x00,0x00,0x4d,0x05,0x00,0x00,0x12,0x10,0x1a,0x00,
    0x00,0x00,0x00,0x00,0x00,0x00,0x00,0x00,0x80,0x03,0x00,0x00,
    0x00,0x00,0x00,0x00,0x60,0x05,0x00,0x00,0x12,0x10,0x1b,0x00,
    0x00,0x00,0x00,0x00,0x00,0x00,0x00,0x00,0x80,0x4d,0x00,0x00,
    0x00,0x00,0x00,0x00,0x7c,0x05,0x00,0x00,0x12,0x10,0x1c,0x00,
    0x00,0x00,0x00,0x00,0x00,0x00,0x00,0x00,0x80,0x44,0x00,0x00,
    0x00,0x00,0x00,0x00,0x94,0x05,0x00,0x00,0x12,0x10,0x1d,0x00,
    0x00,0x00,0x00,0x00,0x00,0x00,0x00,0x00,0x00,0x25,0x00,0x00,
    0x00,0x00,0x00,0x00,0xac,0x05,0x00,0x00,0x12,0x10,0x1e,0x00,
    0x00,0x00,0x00,0x00,0x00,0x00,0x00,0x00,0x80,0x24,0x00,0x00,
    0x00,0x00,0x00,0x00,0xcc,0x05,0x00,0x00,0x03,0x00,0x21,0x00,
    0x00,0x00,0x00,0x00,0x00,0x00,0x00,0x00,0x00,0x00,0x00,0x00,
    0x00,0x00,0x00,0x00,0xf7,0x05,0x00,0x00,0x03,0x00,0x22,0x00,
    0x00,0x00,0x00,0x00,0x00,0x00,0x00,0x00,0x00,0x00,0x00,0x00,
    0x00,0x00,0x00,0x00,0x1a,0x06,0x00,0x00,0x03,0x00,0x23,0x00,
    0x00,0x00,0x00,0x00,0x00,0x00,0x00,0x00,0x00,0x00,0x00,0x00,
    0x00,0x00,0x00,0x00,0x40,0x06,0x00,0x00,0x03,0x00,0x24,0x00,
    0x00,0x00,0x00,0x00,0x00,0x00,0x00,0x00,0x00,0x00,0x00,0x00,
    0x00,0x00,0x00,0x00,0x6a,0x06,0x00,0x00,0x03,0x00,0x25,0x00,
    0x00,0x00,0x00,0x00,0x00,0x00,0x00,0x00,0x00,0x00,0x00,0x00,
    0x00,0x00,0x00,0x00,0x8b,0x06,0x00,0x00,0x03,0x00,0x26,0x00,
    0x00,0x00,0x00,0x00,0x00,0x00,0x00,0x00,0x00,0x00,0x00,0x00,
    0x00,0x00,0x00,0x00,0xb5,0x06,0x00,0x00,0x03,0x00,0x27,0x00,
    0x00,0x00,0x00,0x00,0x00,0x00,0x00,0x00,0x00,0x00,0x00,0x00,
    0x00,0x00,0x00,0x00,0xdb,0x06,0x00,0x00,0x03,0x00,0x28,0x00,
    0x00,0x00,0x00,0x00,0x00,0x00,0x00,0x00,0x00,0x00,0x00,0x00,
    0x00,0x00,0x00,0x00,0x01,0x07,0x00,0x00,0x03,0x00,0x29,0x00,
    0x00,0x00,0x00,0x00,0x00,0x00,0x00,0x00,0x00,0x00,0x00,0x00,
    0x00,0x00,0x00,0x00,0xff,0xff,0xff,0xff,0x24,0x00,0x00,0x00,
    0x00,0x00,0x00,0x00,0xff,0xff,0xff,0xff,0xff,0xff,0xff,0xff,
    0x03,0x00,0x04,0x7c,0xff,0xff,0xff,0xff,0x0f,0x0c,0x81,0x80,
    0x80,0x28,0x00,0x08,0xff,0x81,0x80,0x28,0x08,0x81,0x80,0x80,
    0x28,0x00,0x00,0x00,0xff,0xff,0xff,0xff,0x2c,0x00,0x00,0x00,
    0x00,0x00,0x00,0x00,0x00,0x00,0x00,0x00,0x00,0x00,0x00,0x00,
    0x00,0x00,0x00,0x00,0x00,0x00,0x00,0x00,0x00,0x24,0x00,0x00,
    0x00,0x00,0x00,0x00,0x04,0x14,0x00,0x00,0x00,0x0c,0x81,0x80,
    0x80,0x28,0x00,0x04,0xb0,0x08,0x00,0x00,0x00,0x00,0x00,0x00,
    0xff,0xff,0xff,0xff,0x24,0x00,0x00,0x00,0x00,0x00,0x00,0x00,
    0xff,0xff,0xff,0xff,0xff,0xff,0xff,0xff,0x03,0x00,0x04,0x7c,
    0xff,0xff,0xff,0xff,0x0f,0x0c,0x81,0x80,0x80,0x28,0x00,0x08,
    0xff,0x81,0x80,0x28,0x08,0x81,0x80,0x80,0x28,0x00,0x00,0x00,
    0xff,0xff,0xff,0xff,0x2c,0x00,0x00,0x00,0x00,0x00,0x00,0x00,
    0x68,0x00,0x00,0x00,0x00,0x00,0x00,0x00,0x00,0x00,0x00,0x00,
    0x00,0x00,0x00,0x00,0x80,0x05,0x00,0x00,0x00,0x00,0x00,0x00,
    0x04,0x10,0x00,0x00,0x00,0x0c,0x81,0x80,0x80,0x28,0x08,0x04,
    0x20,0x01,0x00,0x00,0x00,0x00,0x00,0x00,0xff,0xff,0xff,0xff,
    0x24,0x00,0x00,0x00,0x00,0x00,0x00,0x00,0xff,0xff,0xff,0xff,
    0xff,0xff,0xff,0xff,0x03,0x00,0x04,0x7c,0xff,0xff,0xff,0xff,
    0x0f,0x0c,0x81,0x80,0x80,0x28,0x00,0x08,0xff,0x81,0x80,0x28,
    0x08,0x81,0x80,0x80,0x28,0x00,0x00,0x00,0xff,0xff,0xff,0xff,
    0x2c,0x00,0x00,0x00,0x00,0x00,0x00,0x00,0xd0,0x00,0x00,0x00,
    0x00,0x00,0x00,0x00,0x00,0x00,0x00,0x00,0x00,0x00,0x00,0x00,
    0x00,0x34,0x00,0x00,0x00,0x00,0x00,0x00,0x04,0x14,0x00,0x00,
    0x00,0x0c,0x81,0x80,0x80,0x28,0x00,0x04,0xac,0x0c,0x00,0x00,
    0x00,0x00,0x00,0x00,0xff,0xff,0xff,0xff,0x24,0x00,0x00,0x00,
    0x00,0x00,0x00,0x00,0xff,0xff,0xff,0xff,0xff,0xff,0xff,0xff,
    0x03,0x00,0x04,0x7c,0xff,0xff,0xff,0xff,0x0f,0x0c,0x81,0x80,
    0x80,0x28,0x00,0x08,0xff,0x81,0x80,0x28,0x08,0x81,0x80,0x80,
    0x28,0x00,0x00,0x00,0xff,0xff,0xff,0xff,0x2c,0x00,0x00,0x00,
    0x00,0x00,0x00,0x00,0x38,0x01,0x00,0x00,0x00,0x00,0x00,0x00,
    0x00,0x00,0x00,0x00,0x00,0x00,0x00,0x00,0x00,0x02,0x00,0x00,
    0x00,0x00,0x00,0x00,0x04,0x1c,0x00,0x00,0x00,0x0c,0x81,0x80,
    0x80,0x28,0x00,0x04,0x38,0x00,0x00,0x00,0x00,0x00,0x00,0x00,
    0xff,0xff,0xff,0xff,0x24,0x00,0x00,0x00,0x00,0x00,0x00,0x00,
    0xff,0xff,0xff,0xff,0xff,0xff,0xff,0xff,0x03,0x00,0x04,0x7c,
    0xff,0xff,0xff,0xff,0x0f,0x0c,0x81,0x80,0x80,0x28,0x00,0x08,
    0xff,0x81,0x80,0x28,0x08,0x81,0x80,0x80,0x28,0x00,0x00,0x00,
    0xff,0xff,0xff,0xff,0x2c,0x00,0x00,0x00,0x00,0x00,0x00,0x00,
    0xa0,0x01,0x00,0x00,0x00,0x00,0x00,0x00,0x00,0x00,0x00,0x00,
    0x00,0x00,0x00,0x00,0x80,0x03,0x00,0x00,0x00,0x00,0x00,0x00,
    0x04,0x14,0x00,0x00,0x00,0x0c,0x81,0x80,0x80,0x28,0x00,0x04,
    0x94,0x00,0x00,0x00,0x00,0x00,0x00,0x00,0xff,0xff,0xff,0xff,
    0x24,0x00,0x00,0x00,0x00,0x00,0x00,0x00,0xff,0xff,0xff,0xff,
    0xff,0xff,0xff,0xff,0x03,0x00,0x04,0x7c,0xff,0xff,0xff,0xff,
    0x0f,0x0c,0x81,0x80,0x80,0x28,0x00,0x08,0xff,0x81,0x80,0x28,
    0x08,0x81,0x80,0x80,0x28,0x00,0x00,0x00,0xff,0xff,0xff,0xff,
    0x2c,0x00,0x00,0x00,0x00,0x00,0x00,0x00,0x08,0x02,0x00,0x00,
    0x00,0x00,0x00,0x00,0x00,0x00,0x00,0x00,0x00,0x00,0x00,0x00,
    0x80,0x4d,0x00,0x00,0x00,0x00,0x00,0x00,0x04,0x10,0x00,0x00,
    0x00,0x0c,0x81,0x80,0x80,0x28,0x20,0x04,0x0c,0x13,0x00,0x00,
    0x00,0x00,0x00,0x00,0xff,0xff,0xff,0xff,0x24,0x00,0x00,0x00,
    0x00,0x00,0x00,0x00,0xff,0xff,0xff,0xff,0xff,0xff,0xff,0xff,
    0x03,0x00,0x04,0x7c,0xff,0xff,0xff,0xff,0x0f,0x0c,0x81,0x80,
    0x80,0x28,0x00,0x08,0xff,0x81,0x80,0x28,0x08,0x81,0x80,0x80,
    0x28,0x00,0x00,0x00,0xff,0xff,0xff,0xff,0x2c,0x00,0x00,0x00,
    0x00,0x00,0x00,0x00,0x70,0x02,0x00,0x00,0x00,0x00,0x00,0x00,
    0x00,0x00,0x00,0x00,0x00,0x00,0x00,0x00,0x80,0x44,0x00,0x00,
    0x00,0x00,0x00,0x00,0x04,0x10,0x00,0x00,0x00,0x0c,0x81,0x80,
    0x80,0x28,0x30,0x04,0xd0,0x10,0x00,0x00,0x00,0x00,0x00,0x00,
    0xff,0xff,0xff,0xff,0x24,0x00,0x00,0x00,0x00,0x00,0x00,0x00,
    0xff,0xff,0xff,0xff,0xff,0xff,0xff,0xff,0x03,0x00,0x04,0x7c,
    0xff,0xff,0xff,0xff,0x0f,0x0c,0x81,0x80,0x80,0x28,0x00,0x08,
    0xff,0x81,0x80,0x28,0x08,0x81,0x80,0x80,0x28,0x00,0x00,0x00,
    0xff,0xff,0xff,0xff,0x2c,0x00,0x00,0x00,0x00,0x00,0x00,0x00,
    0xd8,0x02,0x00,0x00,0x00,0x00,0x00,0x00,0x00,0x00,0x00,0x00,
    0x00,0x00,0x00,0x00,0x00,0x25,0x00,0x00,0x00,0x00,0x00,0x00,
    0x04,0x14,0x00,0x00,0x00,0x0c,0x81,0x80,0x80,0x28,0x10,0x04,
    0xf8,0x08,0x00,0x00,0x00,0x00,0x00,0x00,0xff,0xff,0xff,0xff,
    0x24,0x00,0x00,0x00,0x00,0x00,0x00,0x00,0xff,0xff,0xff,0xff,
    0xff,0xff,0xff,0xff,0x03,0x00,0x04,0x7c,0xff,0xff,0xff,0xff,
    0x0f,0x0c,0x81,0x80,0x80,0x28,0x00,0x08,0xff,0x81,0x80,0x28,
    0x08,0x81,0x80,0x80,0x28,0x00,0x00,0x00,0xff,0xff,0xff,0xff,
    0x2c,0x00,0x00,0x00,0x00,0x00,0x00,0x00,0x40,0x03,0x00,0x00,
    0x00,0x00,0x00,0x00,0x00,0x00,0x00,0x00,0x00,0x00,0x00,0x00,
    0x80,0x24,0x00,0x00,0x00,0x00,0x00,0x00,0x04,0x10,0x00,0x00,
    0x00,0x0c,0x81,0x80,0x80,0x28,0x10,0x04,0xdc,0x08,0x00,0x00,
    0x00,0x00,0x00,0x00,0x0c,0x00,0x00,0x00,0x90,0x00,0x00,0x00,
    0xd0,0x07,0x00,0x00,0x4e,0x56,0x49,0x44,0x49,0x41,0x20,0x43,
    0x6f,0x72,0x70,0x00,0x02,0x00,0x00,0x00,0x00,0x00,0x00,0x00,
    0x01,0x00,0x00,0x00,0x07,0x00,0x00,0x00,0x36,0x00,0x00,0x00,
    0x60,0x00,0x00,0x00,0x00,0x70,0x74,0x78,0x61,0x73,0x00,0x43,
    0x75,0x64,0x61,0x20,0x63,0x6f,0x6d,0x70,0x69,0x6c,0x61,0x74,
    0x69,0x6f,0x6e,0x20,0x74,0x6f,0x6f,0x6c,0x73,0x2c,0x20,0x72,
    0x65,0x6c,0x65,0x61,0x73,0x65,0x20,0x31,0x33,0x2e,0x33,0x2c,
    0x20,0x56,0x31,0x33,0x2e,0x33,0x2e,0x33,0x33,0x00,0x42,0x75,
    0x69,0x6c,0x64,0x20,0x63,0x75,0x64,0x61,0x5f,0x31,0x33,0x2e,
    0x33,0x2e,0x72,0x31,0x33,0x2e,0x33,0x2f,0x63,0x6f,0x6d,0x70,
    0x69,0x6c,0x65,0x72,0x2e,0x33,0x37,0x38,0x36,0x32,0x31,0x32,
    0x37,0x5f,0x30,0x00,0x2d,0x61,0x72,0x63,0x68,0x20,0x73,0x6d,
    0x5f,0x31,0x32,0x30,0x61,0x20,0x2d,0x6d,0x20,0x36,0x34,0x20,
    0x00,0x00,0x00,0x00,0x0c,0x00,0x00,0x00,0x08,0x00,0x00,0x00,
    0xe8,0x03,0x00,0x00,0x4e,0x56,0x49,0x44,0x49,0x41,0x20,0x43,
    0x6f,0x72,0x70,0x00,0x02,0x00,0x78,0x00,0x85,0x00,0x00,0x00,
    0x04,0x2f,0x08,0x00,0x1c,0x00,0x00,0x00,0x1c,0x00,0x00,0x00,
    0x04,0x11,0x08,0x00,0x1c,0x00,0x00,0x00,0x10,0x00,0x00,0x00,
    0x04,0x2f,0x08,0x00,0x1b,0x00,0x00,0x00,0x1f,0x00,0x00,0x00,
    0x04,0x11,0x08,0x00,0x1b,0x00,0x00,0x00,0x10,0x00,0x00,0x00,
    0x04,0x2f,0x08,0x00,0x1a,0x00,0x00,0x00,0x25,0x00,0x00,0x00,
    0x04,0x11,0x08,0x00,0x1a,0x00,0x00,0x00,0x30,0x00,0x00,0x00,
    0x04,0x2f,0x08,0x00,0x19,0x00,0x00,0x00,0x28,0x00,0x00,0x00,
    0x04,0x11,0x08,0x00,0x19,0x00,0x00,0x00,0x20,0x00,0x00,0x00,
    0x04,0x2f,0x08,0x00,0x18,0x00,0x00,0x00,0x0e,0x00,0x00,0x00,
    0x04,0x11,0x08,0x00,0x18,0x00,0x00,0x00,0x00,0x00,0x00,0x00,
    0x04,0x2f,0x08,0x00,0x17,0x00,0x00,0x00,0x0e,0x00,0x00,0x00,
    0x04,0x11,0x08,0x00,0x17,0x00,0x00,0x00,0x00,0x00,0x00,0x00,
    0x04,0x2f,0x08,0x00,0x16,0x00,0x00,0x00,0x27,0x00,0x00,0x00,
    0x04,0x11,0x08,0x00,0x16,0x00,0x00,0x00,0x00,0x00,0x00,0x00,
    0x04,0x2f,0x08,0x00,0x15,0x00,0x00,0x00,0x13,0x00,0x00,0x00,
    0x04,0x11,0x08,0x00,0x15,0x00,0x00,0x00,0x08,0x00,0x00,0x00,
    0x04,0x2f,0x08,0x00,0x14,0x00,0x00,0x00,0x28,0x00,0x00,0x00,
    0x04,0x11,0x08,0x00,0x14,0x00,0x00,0x00,0x00,0x00,0x00,0x00,
    0x04,0x12,0x08,0x00,0x14,0x00,0x00,0x00,0x00,0x00,0x00,0x00,
    0x04,0x12,0x08,0x00,0x15,0x00,0x00,0x00,0x08,0x00,0x00,0x00,
    0x04,0x12,0x08,0x00,0x16,0x00,0x00,0x00,0x00,0x00,0x00,0x00,
    0x04,0x12,0x08,0x00,0x17,0x00,0x00,0x00,0x00,0x00,0x00,0x00,
    0x04,0x12,0x08,0x00,0x18,0x00,0x00,0x00,0x00,0x00,0x00,0x00,
    0x04,0x12,0x08,0x00,0x19,0x00,0x00,0x00,0x20,0x00,0x00,0x00,
    0x04,0x12,0x08,0x00,0x1a,0x00,0x00,0x00,0x30,0x00,0x00,0x00,
    0x04,0x12,0x08,0x00,0x1b,0x00,0x00,0x00,0x10,0x00,0x00,0x00,
    0x04,0x12,0x08,0x00,0x1c,0x00,0x00,0x00,0x10,0x00,0x00,0x00,
    0x02,0x09,0x01,0x00,0x02,0x02,0x02,0x00,0x03,0x0d,0x01,0x01,
    0x03,0x07,0x01,0x01,0x02,0x03,0x00,0x00,0x04,0x0b,0x08,0x00,
    0x10,0x00,0x00,0x00,0x00,0x00,0x00,0x00,0x04,0x66,0x04,0x00,
    0x03,0x00,0x00,0x00,0x04,0x37,0x04,0x00,0x85,0x00,0x00,0x00,
    0x04,0x17,0x0c,0x00,0x00,0x00,0x00,0x00,0x05,0x00,0x20,0x00,
    0x00,0xf0,0x11,0x00,0x04,0x17,0x0c,0x00,0x00,0x00,0x00,0x00,
    0x04,0x00,0x1c,0x00,0x00,0xf0,0x11,0x00,0x04,0x17,0x0c,0x00,
    0x00,0x00,0x00,0x00,0x03,0x00,0x18,0x00,0x00,0xf0,0x11,0x00,
    0x04,0x17,0x0c,0x00,0x00,0x00,0x00,0x00,0x02,0x00,0x10,0x00,
    0x00,0xf5,0x21,0x00,0x04,0x17,0x0c,0x00,0x00,0x00,0x00,0x00,
    0x01,0x00,0x08,0x00,0x00,0xf5,0x21,0x00,0x04,0x17,0x0c,0x00,
    0x00,0x00,0x00,0x00,0x00,0x00,0x00,0x00,0x00,0xf5,0x21,0x00,
    0x03,0x50,0x00,0x00,0x03,0x1b,0xff,0x00,0x02,0x4c,0x01,0x00,
    0x03,0x5f,0x01,0x01,0x02,0x4a,0x00,0x00,0x04,0x1c,0x0c,0x00,
    0x40,0x00,0x00,0x00,0xd0,0x22,0x00,0x00,0x10,0x23,0x00,0x00,
    0x04,0x1e,0x04,0x00,0x00,0x00,0x00,0x00,0x03,0x19,0x24,0x00,
    0x04,0x0a,0x08,0x00,0x1d,0x00,0x00,0x00,0x80,0x03,0x24,0x00,
    0x04,0x36,0x04,0x00,0x00,0x00,0x00,0x00,0x03,0x6b,0x01,0x00,
    0x04,0x66,0x04,0x00,0x03,0x00,0x00,0x00,0x04,0x37,0x04,0x00,
    0x85,0x00,0x00,0x00,0x04,0x17,0x0c,0x00,0x00,0x00,0x00,0x00,
    0x01,0x00,0x08,0x00,0x00,0xf0,0x11,0x00,0x04,0x17,0x0c,0x00,
    0x00,0x00,0x00,0x00,0x00,0x00,0x00,0x00,0x00,0xf5,0x21,0x00,
    0x03,0x50,0x00,0x00,0x03,0x1b,0xff,0x00,0x03,0x5f,0x01,0x01,
    0x02,0x4a,0x00,0x00,0x04,0x1c,0x0c,0x00,0x50,0x00,0x00,0x00,
    0x70,0x04,0x00,0x00,0xc0,0x04,0x00,0x00,0x03,0x19,0x0c,0x00,
    0x04,0x0a,0x08,0x00,0x1e,0x00,0x00,0x00,0x80,0x03,0x0c,0x00,
    0x04,0x36,0x04,0x00,0x00,0x00,0x00,0x00,0x03,0x6b,0x01,0x00,
    0x04,0x66,0x04,0x00,0x03,0x00,0x00,0x00,0x04,0x37,0x04,0x00,
    0x85,0x00,0x00,0x00,0x04,0x17,0x0c,0x00,0x00,0x00,0x00,0x00,
    0x05,0x00,0x20,0x00,0x00,0xf0,0x11,0x00,0x04,0x17,0x0c,0x00,
    0x00,0x00,0x00,0x00,0x04,0x00,0x1c,0x00,0x00,0xf0,0x11,0x00,
    0x04,0x17,0x0c,0x00,0x00,0x00,0x00,0x00,0x03,0x00,0x18,0x00,
    0x00,0xf0,0x11,0x00,0x04,0x17,0x0c,0x00,0x00,0x00,0x00,0x00,
    0x02,0x00,0x10,0x00,0x00,0xf5,0x21,0x00,0x04,0x17,0x0c,0x00,
    0x00,0x00,0x00,0x00,0x01,0x00,0x08,0x00,0x00,0xf5,0x21,0x00,
    0x04,0x17,0x0c,0x00,0x00,0x00,0x00,0x00,0x00,0x00,0x00,0x00,
    0x00,0xf5,0x21,0x00,0x03,0x50,0x00,0x00,0x03,0x1b,0xff,0x00,
    0x03,0x5f,0x01,0x01,0x04,0x29,0x14,0x00,0xff,0xff,0xff,0xff,
    0xff,0xff,0xff,0xff,0xff,0xff,0xff,0xff,0xff,0xff,0xff,0xff,
    0xff,0xff,0xff,0xff,0x04,0x28,0x14,0x00,0x10,0x32,0x00,0x00,
    0x40,0x32,0x00,0x00,0x60,0x32,0x00,0x00,0x80,0x32,0x00,0x00,
    0xa0,0x32,0x00,0x00,0x02,0x4a,0x00,0x00,0x04,0x1c,0x0c,0x00,
    0x40,0x00,0x00,0x00,0xb0,0x32,0x00,0x00,0x00,0x33,0x00,0x00,
    0x03,0x19,0x24,0x00,0x04,0x0a,0x08,0x00,0x1f,0x00,0x00,0x00,
    0x80,0x03,0x24,0x00,0x04,0x36,0x04,0x00,0x00,0x00,0x00,0x00,
    0x03,0x6b,0x01,0x00,0x04,0x66,0x04,0x00,0x03,0x00,0x00,0x00,
    0x04,0x37,0x04,0x00,0x85,0x00,0x00,0x00,0x04,0x17,0x0c,0x00,
    0x00,0x00,0x00,0x00,0x05,0x00,0x20,0x00,0x00,0xf0,0x11,0x00,
    0x04,0x17,0x0c,0x00,0x00,0x00,0x00,0x00,0x04,0x00,0x1c,0x00,
    0x00,0xf0,0x11,0x00,0x04,0x17,0x0c,0x00,0x00,0x00,0x00,0x00,
    0x03,0x00,0x18,0x00,0x00,0xf0,0x11,0x00,0x04,0x17,0x0c,0x00,
    0x00,0x00,0x00,0x00,0x02,0x00,0x10,0x00,0x00,0xf5,0x21,0x00,
    0x04,0x17,0x0c,0x00,0x00,0x00,0x00,0x00,0x01,0x00,0x08,0x00,
    0x00,0xf5,0x21,0x00,0x04,0x17,0x0c,0x00,0x00,0x00,0x00,0x00,
    0x00,0x00,0x00,0x00,0x00,0xf5,0x21,0x00,0x03,0x50,0x00,0x00,
    0x03,0x1b,0xff,0x00,0x03,0x5f,0x01,0x01,0x02,0x4a,0x00,0x00,
    0x04,0x1c,0x08,0x00,0x60,0x00,0x00,0x00,0x50,0x01,0x00,0x00,
    0x03,0x19,0x24,0x00,0x04,0x0a,0x08,0x00,0x20,0x00,0x00,0x00,
    0x80,0x03,0x24,0x00,0x04,0x36,0x04,0x00,0x00,0x00,0x00,0x00,
    0x03,0x6b,0x01,0x00,0x04,0x66,0x04,0x00,0x03,0x00,0x00,0x00,
    0x04,0x37,0x04,0x00,0x85,0x00,0x00,0x00,0x04,0x17,0x0c,0x00,
    0x00,0x00,0x00,0x00,0x05,0x00,0x20,0x00,0x00,0xf0,0x11,0x00,
    0x04,0x17,0x0c,0x00,0x00,0x00,0x00,0x00,0x04,0x00,0x1c,0x00,
    0x00,0xf0,0x11,0x00,0x04,0x17,0x0c,0x00,0x00,0x00,0x00,0x00,
    0x03,0x00,0x18,0x00,0x00,0xf0,0x11,0x00,0x04,0x17,0x0c,0x00,
    0x00,0x00,0x00,0x00,0x02,0x00,0x10,0x00,0x00,0xf5,0x21,0x00,
    0x04,0x17,0x0c,0x00,0x00,0x00,0x00,0x00,0x01,0x00,0x08,0x00,
    0x00,0xf5,0x21,0x00,0x04,0x17,0x0c,0x00,0x00,0x00,0x00,0x00,
    0x00,0x00,0x00,0x00,0x00,0xf5,0x21,0x00,0x03,0x50,0x00,0x00,
    0x03,0x1b,0xff,0x00,0x03,0x5f,0x01,0x01,0x04,0x29,0x04,0x00,
    0xff,0xff,0xff,0xff,0x04,0x28,0x04,0x00,0x90,0x02,0x00,0x00,
    0x02,0x4a,0x00,0x00,0x04,0x1c,0x10,0x00,0x40,0x00,0x00,0x00,
    0x60,0x02,0x00,0x00,0x80,0x02,0x00,0x00,0xa0,0x02,0x00,0x00,
    0x04,0x1e,0x04,0x00,0x00,0x00,0x00,0x00,0x03,0x19,0x24,0x00,
    0x04,0x0a,0x08,0x00,0x21,0x00,0x00,0x00,0x80,0x03,0x24,0x00,
    0x04,0x36,0x04,0x00,0x00,0x00,0x00,0x00,0x03,0x6b,0x01,0x00,
    0x04,0x66,0x04,0x00,0x03,0x00,0x00,0x00,0x04,0x37,0x04,0x00,
    0x85,0x00,0x00,0x00,0x04,0x17,0x0c,0x00,0x00,0x00,0x00,0x00,
    0x05,0x00,0x20,0x00,0x00,0xf0,0x11,0x00,0x04,0x17,0x0c,0x00,
    0x00,0x00,0x00,0x00,0x04,0x00,0x1c,0x00,0x00,0xf0,0x11,0x00,
    0x04,0x17,0x0c,0x00,0x00,0x00,0x00,0x00,0x03,0x00,0x18,0x00,
    0x00,0xf0,0x11,0x00,0x04,0x17,0x0c,0x00,0x00,0x00,0x00,0x00,
    0x02,0x00,0x10,0x00,0x00,0xf5,0x21,0x00,0x04,0x17,0x0c,0x00,
    0x00,0x00,0x00,0x00,0x01,0x00,0x08,0x00,0x00,0xf5,0x21,0x00,
    0x04,0x17,0x0c,0x00,0x00,0x00,0x00,0x00,0x00,0x00,0x00,0x00,
    0x00,0xf5,0x21,0x00,0x03,0x50,0x00,0x00,0x03,0x1b,0xff,0x00,
    0x03,0x5f,0x01,0x01,0x04,0x29,0x80,0x00,0x15,0x00,0x00,0x05,
    0x15,0x00,0x00,0x05,0x15,0x00,0x00,0x05,0x15,0x00,0x00,0x05,
    0x15,0x00,0x00,0x05,0x15,0x00,0x00,0x05,0x15,0x00,0x00,0x05,
    0x15,0x00,0x00,0x05,0x15,0x00,0x00,0x05,0x15,0x00,0x00,0x05,
    0x15,0x00,0x00,0x05,0x15,0x00,0x00,0x05,0x15,0x00,0x00,0x05,
    0x15,0x00,0x00,0x05,0x15,0x00,0x00,0x05,0x15,0x00,0x00,0x05,
    0x15,0x00,0x00,0x05,0x15,0x00,0x00,0x05,0x15,0x00,0x00,0x05,
    0x15,0x00,0x00,0x05,0x15,0x00,0x00,0x05,0x15,0x00,0x00,0x05,
    0x15,0x00,0x00,0x05,0x15,0x00,0x00,0x05,0x15,0x00,0x00,0x05,
    0x15,0x00,0x00,0x05,0x15,0x00,0x00,0x05,0x15,0x00,0x00,0x05,
    0x15,0x00,0x00,0x05,0x15,0x00,0x00,0x05,0x15,0x00,0x00,0x05,
    0x15,0x00,0x00,0x05,0x04,0x28,0x80,0x00,0xd0,0x19,0x00,0x00,
    0x80,0x1a,0x00,0x00,0xa0,0x1a,0x00,0x00,0xb0,0x1a,0x00,0x00,
    0xe0,0x1a,0x00,0x00,0x70,0x1b,0x00,0x00,0x90,0x1b,0x00,0x00,
    0xd0,0x1b,0x00,0x00,0xf0,0x1b,0x00,0x00,0x20,0x1c,0x00,0x00,
    0x60,0x1c,0x00,0x00,0x80,0x1c,0x00,0x00,0xa0,0x1c,0x00,0x00,
    0xe0,0x1c,0x00,0x00,0x10,0x1d,0x00,0x00,0x70,0x1d,0x00,0x00,
    0x90,0x1d,0x00,0x00,0xb0,0x1d,0x00,0x00,0xf0,0x1d,0x00,0x00,
    0x40,0x1e,0x00,0x00,0x60,0x1e,0x00,0x00,0x80,0x1e,0x00,0x00,
    0xa0,0x1e,0x00,0x00,0xb0,0x1e,0x00,0x00,0xf0,0x1e,0x00,0x00,
    0x40,0x1f,0x00,0x00,0x70,0x1f,0x00,0x00,0x90,0x1f,0x00,0x00,
    0xc0,0x1f,0x00,0x00,0x00,0x20,0x00,0x00,0x20,0x20,0x00,0x00,
    0x50,0x20,0x00,0x00,0x02,0x4a,0x00,0x00,0x04,0x1c,0x0c,0x00,
    0x60,0x00,0x00,0x00,0x30,0x4c,0x00,0x00,0x70,0x4c,0x00,0x00,
    0x04,0x1e,0x04,0x00,0x00,0x00,0x00,0x00,0x03,0x19,0x24,0x00,
    0x04,0x0a,0x08,0x00,0x22,0x00,0x00,0x00,0x80,0x03,0x24,0x00,
    0x04,0x36,0x04,0x00,0x00,0x00,0x00,0x00,0x03,0x6b,0x01,0x00,
    0x04,0x66,0x04,0x00,0x03,0x00,0x00,0x00,0x04,0x37,0x04,0x00,
    0x85,0x00,0x00,0x00,0x04,0x17,0x0c,0x00,0x00,0x00,0x00,0x00,
    0x05,0x00,0x20,0x00,0x00,0xf0,0x11,0x00,0x04,0x17,0x0c,0x00,
    0x00,0x00,0x00,0x00,0x04,0x00,0x1c,0x00,0x00,0xf0,0x11,0x00,
    0x04,0x17,0x0c,0x00,0x00,0x00,0x00,0x00,0x03,0x00,0x18,0x00,
    0x00,0xf0,0x11,0x00,0x04,0x17,0x0c,0x00,0x00,0x00,0x00,0x00,
    0x02,0x00,0x10,0x00,0x00,0xf5,0x21,0x00,0x04,0x17,0x0c,0x00,
    0x00,0x00,0x00,0x00,0x01,0x00,0x08,0x00,0x00,0xf5,0x21,0x00,
    0x04,0x17,0x0c,0x00,0x00,0x00,0x00,0x00,0x00,0x00,0x00,0x00,
    0x00,0xf5,0x21,0x00,0x03,0x50,0x00,0x00,0x03,0x1b,0xff,0x00,
    0x03,0x5f,0x01,0x01,0x02,0x4a,0x00,0x00,0x04,0x1c,0x0c,0x00,
    0x50,0x00,0x00,0x00,0x40,0x43,0x00,0x00,0x80,0x43,0x00,0x00,
    0x04,0x1e,0x04,0x00,0x00,0x00,0x00,0x00,0x03,0x19,0x24,0x00,
    0x04,0x0a,0x08,0x00,0x23,0x00,0x00,0x00,0x80,0x03,0x24,0x00,
    0x04,0x36,0x04,0x00,0x00,0x00,0x00,0x00,0x03,0x6b,0x01,0x00,
    0x04,0x66,0x04,0x00,0x03,0x00,0x00,0x00,0x04,0x37,0x04,0x00,
    0x85,0x00,0x00,0x00,0x04,0x17,0x0c,0x00,0x00,0x00,0x00,0x00,
    0x05,0x00,0x20,0x00,0x00,0xf0,0x11,0x00,0x04,0x17,0x0c,0x00,
    0x00,0x00,0x00,0x00,0x04,0x00,0x1c,0x00,0x00,0xf0,0x11,0x00,
    0x04,0x17,0x0c,0x00,0x00,0x00,0x00,0x00,0x03,0x00,0x18,0x00,
    0x00,0xf0,0x11,0x00,0x04,0x17,0x0c,0x00,0x00,0x00,0x00,0x00,
    0x02,0x00,0x10,0x00,0x00,0xf5,0x21,0x00,0x04,0x17,0x0c,0x00,
    0x00,0x00,0x00,0x00,0x01,0x00,0x08,0x00,0x00,0xf5,0x21,0x00,
    0x04,0x17,0x0c,0x00,0x00,0x00,0x00,0x00,0x00,0x00,0x00,0x00,
    0x00,0xf5,0x21,0x00,0x03,0x50,0x00,0x00,0x03,0x1b,0xff,0x00,
    0x03,0x5f,0x01,0x01,0x02,0x4a,0x00,0x00,0x04,0x1c,0x0c,0x00,
    0x80,0x00,0x00,0x00,0xf0,0x23,0x00,0x00,0x30,0x24,0x00,0x00,
    0x04,0x1e,0x04,0x00,0x00,0x00,0x00,0x00,0x03,0x19,0x24,0x00,
    0x04,0x0a,0x08,0x00,0x24,0x00,0x00,0x00,0x80,0x03,0x24,0x00,
    0x04,0x36,0x04,0x00,0x00,0x00,0x00,0x00,0x03,0x6b,0x01,0x00,
    0x04,0x66,0x04,0x00,0x03,0x00,0x00,0x00,0x04,0x37,0x04,0x00,
    0x85,0x00,0x00,0x00,0x04,0x17,0x0c,0x00,0x00,0x00,0x00,0x00,
    0x05,0x00,0x20,0x00,0x00,0xf0,0x11,0x00,0x04,0x17,0x0c,0x00,
    0x00,0x00,0x00,0x00,0x04,0x00,0x1c,0x00,0x00,0xf0,0x11,0x00,
    0x04,0x17,0x0c,0x00,0x00,0x00,0x00,0x00,0x03,0x00,0x18,0x00,
    0x00,0xf0,0x11,0x00,0x04,0x17,0x0c,0x00,0x00,0x00,0x00,0x00,
    0x02,0x00,0x10,0x00,0x00,0xf5,0x21,0x00,0x04,0x17,0x0c,0x00,
    0x00,0x00,0x00,0x00,0x01,0x00,0x08,0x00,0x00,0xf5,0x21,0x00,
    0x04,0x17,0x0c,0x00,0x00,0x00,0x00,0x00,0x00,0x00,0x00,0x00,
    0x00,0xf5,0x21,0x00,0x03,0x50,0x00,0x00,0x03,0x1b,0xff,0x00,
    0x03,0x5f,0x01,0x01,0x02,0x4a,0x00,0x00,0x04,0x1c,0x0c,0x00,
    0x50,0x00,0x00,0x00,0x70,0x23,0x00,0x00,0xb0,0x23,0x00,0x00,
    0x04,0x1e,0x04,0x00,0x00,0x00,0x00,0x00,0x03,0x19,0x24,0x00,
    0x04,0x0a,0x08,0x00,0x25,0x00,0x00,0x00,0x80,0x03,0x24,0x00,
    0x04,0x36,0x04,0x00,0x00,0x00,0x00,0x00,0x03,0x6b,0x01,0x00,
    0x00,0x00,0x00,0x00,0xff,0xff,0xff,0xff,0x00,0x00,0x00,0x00,
    0xfe,0xff,0xff,0xff,0x00,0x00,0x00,0x00,0xfd,0xff,0xff,0xff,
    0x00,0x00,0x00,0x00,0xfc,0xff,0xff,0xff,0x00,0x00,0x00,0x00,
    0x84,0x03,0x00,0x00,0x00,0x00,0x00,0x00,0x02,0x00,0x00,0x00,
    0x1c,0x00,0x00,0x00,0x00,0x00,0x00,0x00,0x00,0x00,0x00,0x00,
    0x1c,0x03,0x00,0x00,0x00,0x00,0x00,0x00,0x02,0x00,0x00,0x00,
    0x1b,0x00,0x00,0x00,0x00,0x00,0x00,0x00,0x00,0x00,0x00,0x00,
    0xb4,0x02,0x00,0x00,0x00,0x00,0x00,0x00,0x02,0x00,0x00,0x00,
    0x1a,0x00,0x00,0x00,0x00,0x00,0x00,0x00,0x00,0x00,0x00,0x00,
    0x4c,0x02,0x00,0x00,0x00,0x00,0x00,0x00,0x02,0x00,0x00,0x00,
    0x19,0x00,0x00,0x00,0x00,0x00,0x00,0x00,0x00,0x00,0x00,0x00,
    0xe4,0x01,0x00,0x00,0x00,0x00,0x00,0x00,0x02,0x00,0x00,0x00,
    0x18,0x00,0x00,0x00,0x00,0x00,0x00,0x00,0x00,0x00,0x00,0x00,
    0x7c,0x01,0x00,0x00,0x00,0x00,0x00,0x00,0x02,0x00,0x00,0x00,
    0x17,0x00,0x00,0x00,0x00,0x00,0x00,0x00,0x00,0x00,0x00,0x00,
    0x14,0x01,0x00,0x00,0x00,0x00,0x00,0x00,0x02,0x00,0x00,0x00,
    0x16,0x00,0x00,0x00,0x00,0x00,0x00,0x00,0x00,0x00,0x00,0x00,
    0xac,0x00,0x00,0x00,0x00,0x00,0x00,0x00,0x02,0x00,0x00,0x00,
    0x15,0x00,0x00,0x00,0x00,0x00,0x00,0x00,0x00,0x00,0x00,0x00,
    0x44,0x00,0x00,0x00,0x00,0x00,0x00,0x00,0x02,0x00,0x00,0x00,
    0x14,0x00,0x00,0x00,0x00,0x00,0x00,0x00,0x00,0x00,0x00,0x00,
    0x00,0x00,0x00,0x00,0x00,0x00,0x00,0x3f,0x00,0x00,0x80,0x3f,
    0x00,0x00,0xc0,0x3f,0x00,0x00,0x00,0x40,0x00,0x00,0x40,0x40,
    0x00,0x00,0x80,0x40,0x00,0x00,0xc0,0x40,0x00,0x00,0x00,0x80,
    0x00,0x00,0x00,0xbf,0x00,0x00,0x80,0xbf,0x00,0x00,0xc0,0xbf,
    0x00,0x00,0x00,0xc0,0x00,0x00,0x40,0xc0,0x00,0x00,0x80,0xc0,
    0x00,0x00,0xc0,0xc0,0x00,0x00,0x00,0x00,0x00,0x00,0x00,0x00,
    0x00,0x00,0x00,0x00,0x00,0x00,0x00,0x00,0x82,0x7b,0x01,0xff,
    0x00,0xdf,0x00,0x00,0x00,0x08,0x00,0x00,0x00,0xe2,0x0f,0x00,
    0x19,0x79,0x00,0x00,0x00,0x00,0x00,0x00,0x00,0x25,0x00,0x00,
    0x00,0x22,0x0e,0x00,0xac,0x77,0x04,0xff,0x00,0x73,0x00,0x00,
    0x00,0x08,0x00,0x08,0x00,0x24,0x0e,0x00,0x0c,0x7c,0x00,0x00,
    0x04,0x00,0x00,0x00,0x70,0x62,0xf0,0x0b,0x00,0xda,0x1f,0x00,
    0x4d,0x09,0x00,0x00,0x00,0x00,0x00,0x00,0x00,0x00,0x80,0x03,
    0x00,0xea,0x0f,0x00,0xac,0x77,0x04,0xff,0x00,0x74,0x00,0x00,
    0x00,0x08,0x00,0x08,0x00,0x22,0x0e,0x00,0x19,0x79,0x14,0x00,
    0x00,0x00,0x00,0x00,0x00,0x21,0x00,0x00,0x00,0x62,0x0e,0x00,
    0x02,0x72,0x03,0x00,0xff,0x00,0x00,0x00,0x00,0x0f,0x00,0x00,
    0x00,0xe2,0x0f,0x00,0xac,0x77,0x08,0xff,0x00,0x6b,0x00,0x00,
    0x00,0x0a,0x00,0x08,0x00,0xa2,0x0e,0x00,0x8c,0x78,0x00,0x04,
    0x01,0x00,0x00,0x00,0x70,0x62,0xf0,0x0b,0x00,0xd2,0x1f,0x00,
    0x47,0x75,0x84,0x08,0x21,0x00,0x00,0x00,0x00,0x00,0x80,0x0b,
    0x00,0xea,0x0f,0x00,0xc3,0x79,0x05,0x00,0x00,0x00,0x00,0x00,
    0x00,0x88,0x00,0x00,0x00,0x22,0x0e,0x00,0xac,0x77,0x06,0xff,
    0x00,0x70,0x00,0x00,0x00,0x0a,0x00,0x08,0x00,0xe2,0x0e,0x00,
    0x12,0x78,0x05,0x14,0xf8,0x03,0x00,0x00,0xff,0xc0,0x8e,0x07,
    0x00,0xe2,0x2f,0x04,0x24,0x78,0x06,0x14,0x10,0x00,0x00,0x00,
    0xff,0x00,0x8e,0x07,0x00,0xe2,0x0f,0x04,0x48,0x78,0x07,0x14,
    0xe0,0x00,0x00,0x00,0x00,0x00,0xfe,0x07,0x00,0xe2,0x0f,0x00,
    0x82,0x78,0x04,0x00,0x00,0x04,0x00,0x00,0x00,0x00,0x00,0x00,
    0x00,0xe2,0x0f,0x00,0x02,0x72,0x15,0x00,0xff,0x00,0x00,0x00,
    0x00,0x0f,0x00,0x00,0x00,0xe2,0x0f,0x00,0x90,0x78,0x04,0x04,
    0x40,0x02,0x00,0x00,0xff,0xe0,0xff,0x0f,0x00,0xe2,0x0f,0x00,
    0x35,0x78,0x08,0x05,0x21,0x00,0x00,0x00,0x00,0x00,0x8e,0x07,
    0x00,0xe2,0x0f,0x04,0x12,0x78,0x0c,0x05,0x02,0x00,0x00,0x00,
    0xff,0xfc,0x8e,0x07,0x00,0xe2,0x0f,0x04,0x05,0x78,0x02,0x00,
    0x00,0x00,0x00,0x00,0x00,0xff,0x01,0x00,0x00,0xe2,0x0f,0x00,
    0x35,0x78,0x0d,0x05,0x23,0x00,0x00,0x00,0x00,0x00,0x8e,0x07,
    0x00,0xe2,0x0f,0x04,0x12,0x78,0x0e,0x05,0x04,0x00,0x00,0x00,
    0xff,0xfc,0x8e,0x07,0x00,0xe2,0x0f,0x04,0x35,0x78,0x0f,0x05,
    0x25,0x00,0x00,0x00,0x00,0x00,0x8e,0x07,0x00,0xe2,0x0f,0x04,
    0x12,0x78,0x10,0x05,0x06,0x00,0x00,0x00,0xff,0xfc,0x8e,0x07,
    0x00,0xc4,0x0f,0x00,0x19,0x78,0x04,0xff,0x01,0x00,0x00,0x00,
    0x05,0x16,0x01,0x00,0x00,0xe2,0x0f,0x00,0x35,0x78,0x11,0x05,
    0x27,0x00,0x00,0x00,0x00,0x00,0x8e,0x07,0x00,0xe2,0x0f,0x00,
    0x12,0x78,0x05,0x06,0x30,0x00,0x00,0x00,0xff,0xc0,0x8e,0x07,
    0x00,0xe2,0x0f,0x00,0x35,0x7c,0x12,0x14,0x06,0x00,0x00,0x00,
    0x00,0x02,0x8e,0x0f,0x00,0xe4,0x8f,0x00,0x91,0x72,0x04,0x05,
    0x04,0x00,0x00,0x00,0xff,0xc0,0x8e,0x0f,0x00,0xe2,0x1f,0x00,
    0x10,0x78,0x06,0x07,0x1f,0x00,0x00,0x00,0x14,0xe8,0xff,0x07,
    0x00,0xe4,0x0f,0x00,0x19,0x78,0x07,0xff,0x01,0x00,0x00,0x00,
    0x08,0x16,0x01,0x00,0x00,0xe4,0x0f,0x00,0x19,0x78,0x0c,0xff,
    0x01,0x00,0x00,0x00,0x0c,0x16,0x01,0x00,0x00,0xc4,0x0f,0x00,
    0x19,0x78,0x0d,0xff,0x01,0x00,0x00,0x00,0x0d,0x16,0x01,0x00,
    0x00,0xe4,0x0f,0x00,0x19,0x78,0x0e,0xff,0x01,0x00,0x00,0x00,
    0x0e,0x16,0x01,0x00,0x00,0xe4,0x0f,0x00,0x19,0x78,0x0f,0xff,
    0x01,0x00,0x00,0x00,0x0f,0x16,0x01,0x00,0x00,0xe4,0x0f,0x00,
    0x19,0x78,0x10,0xff,0x01,0x00,0x00,0x00,0x10,0x16,0x01,0x00,
    0x00,0xe4,0x0f,0x00,0x19,0x78,0x11,0xff,0x01,0x00,0x00,0x00,
    0x11,0x16,0x01,0x00,0x00,0xe4,0x0f,0x00,0x12,0x78,0x1a,0x06,
    0x60,0x00,0x00,0x00,0xff,0xc0,0x8e,0x07,0x00,0xc4,0x0f,0x00,
    0x11,0x7c,0x1b,0x14,0x04,0x00,0x00,0x00,0xff,0x10,0x8e,0x0f,
    0x00,0xce,0x4f,0x00,0xac,0x77,0x04,0xff,0x00,0x74,0x00,0x00,
    0x00,0x08,0x00,0x08,0x00,0x22,0x0e,0x00,0x82,0x7b,0x08,0xff,
    0x00,0xe0,0x00,0x00,0x00,0x0a,0x00,0x00,0x00,0x62,0x0e,0x00,
    0x02,0x72,0x0a,0x00,0x02,0x00,0x00,0x00,0x00,0x0f,0x00,0x00,
    0x00,0xe2,0x0f,0x00,0x02,0x72,0x0b,0x00,0xff,0x00,0x00,0x00,
    0x00,0x0f,0x00,0x00,0x00,0xc8,0x0f,0x00,0x25,0x7c,0x0a,0x00,
    0x04,0x00,0x00,0x00,0x0a,0x00,0x8e,0x0f,0x00,0xc8,0x1f,0x00,
    0x24,0x78,0x17,0x0b,0x92,0x00,0x00,0x00,0xff,0x02,0x8e,0x07,
    0x00,0xe4,0x0f,0x00,0x25,0x78,0x08,0x0a,0x92,0x00,0x00,0x00,
    0x08,0x00,0x8e,0x07,0x00,0xca,0x2f,0x00,0x35,0x72,0x09,0x09,
    0x17,0x00,0x00,0x00,0x00,0x00,0x8e,0x07,0x00,0xca,0x0f,0x00,
    0x81,0x79,0x1c,0x08,0x08,0x00,0x00,0x00,0x00,0x95,0x1e,0x0c,
    0x00,0x62,0x01,0x00,0x0c,0x78,0x00,0x14,0x7f,0x00,0x00,0x00,
    0x70,0x40,0xf0,0x03,0x00,0xe2,0x0f,0x04,0x45,0x79,0x00,0x00,
    0x30,0x01,0x00,0x00,0x00,0x02,0x80,0x03,0x00,0xe2,0x0f,0x00,
    0x0c,0x78,0x00,0x14,0x03,0x00,0x00,0x00,0x70,0x40,0xf2,0x03,
    0x00,0xd6,0x0f,0x00,0x47,0x09,0x3c,0x00,0x00,0x00,0x00,0x00,
    0x00,0x00,0x80,0x03,0x00,0xea,0x0f,0x00,0x19,0x79,0x18,0x00,
    0x00,0x00,0x00,0x00,0x00,0x88,0x00,0x00,0x00,0x62,0x0e,0x00,
    0x25,0x78,0x0a,0x0a,0x92,0x00,0x00,0x00,0x12,0x00,0x8e,0x07,
    0x00,0xe2,0x0f,0x00,0x02,0x78,0x16,0x00,0x00,0x04,0x00,0x00,
    0x00,0x0f,0x00,0x00,0x00,0xc8,0x0f,0x00,0x35,0x72,0x0b,0x17,
    0x0b,0x00,0x00,0x00,0x00,0x00,0x8e,0x07,0x00,0xe2,0x0f,0x00,
    0x35,0x78,0x17,0x16,0x40,0x00,0x00,0x00,0x00,0x00,0x8e,0x07,
    0x00,0xe2,0x0f,0x00,0x02,0x72,0x16,0x00,0x14,0x00,0x00,0x00,
    0x00,0x0f,0x00,0x00,0x00,0xc6,0x0f,0x00,0x35,0x78,0x0a,0x0a,
    0x12,0x00,0x00,0x00,0x00,0x02,0x8e,0x07,0x00,0xc6,0x0f,0x00,
    0x11,0x72,0x19,0x18,0x17,0x00,0x00,0x00,0xff,0xc0,0x8e,0x07,
    0x00,0xce,0x3f,0x00,0x81,0x79,0x17,0x0a,0x08,0x00,0x00,0x00,
    0x00,0x91,0x1e,0x0c,0x00,0xa2,0x20,0x00,0x35,0x72,0x18,0x19,
    0x16,0x00,0x00,0x00,0x00,0x00,0x8e,0x07,0x00,0xe2,0x0f,0x00,
    0x0c,0x78,0x00,0x16,0x60,0x00,0x00,0x00,0x70,0x60,0xf0,0x03,
    0x00,0xe2,0x0f,0x04,0x35,0x78,0x16,0x16,0x20,0x00,0x00,0x00,
    0x00,0x00,0x8e,0x07,0x00,0xe2,0x0f,0x00,0x35,0x78,0x0a,0x0a,
    0x20,0x00,0x00,0x00,0x00,0x02,0x8e,0x07,0x00,0xe4,0x1f,0x00,
    0x88,0x73,0x00,0x18,0x17,0x00,0x00,0x00,0x00,0x00,0x00,0x00,
    0x00,0xf2,0x43,0x00,0x47,0x89,0xe4,0x00,0xfc,0xff,0xff,0xff,
    0xff,0xff,0x83,0x03,0x00,0xea,0x0f,0x00,0x18,0x79,0x00,0x00,
    0x00,0x00,0x00,0x00,0x00,0x00,0x00,0x00,0x00,0xe2,0x0f,0x00,
    0x41,0x79,0x00,0x00,0x00,0x00,0x00,0x00,0x00,0x02,0x80,0x03,
    0x00,0xea,0x0f,0x00,0x45,0x79,0x00,0x00,0x40,0x06,0x00,0x00,
    0x00,0x02,0x80,0x03,0x00,0xe2,0x0f,0x00,0x30,0x72,0x1c,0xff,
    0x1c,0x00,0x00,0x20,0x00,0x41,0x00,0x00,0x00,0xc6,0x0f,0x02,
    0x47,0x19,0x80,0x00,0x04,0x00,0x00,0x00,0x00,0x00,0x80,0x03,
    0x00,0xea,0x0f,0x00,0x02,0x72,0x22,0x00,0x14,0x00,0x00,0x00,
    0x00,0x0f,0x00,0x00,0x00,0xe2,0x0f,0x00,0x45,0x79,0x01,0x00,
    0x00,0x01,0x00,0x00,0x00,0x02,0x80,0x03,0x00,0xe2,0x0f,0x00,
    0x1c,0x78,0x08,0x00,0x00,0x00,0x00,0x00,0x70,0xf0,0xf0,0x03,
    0x00,0xc6,0x0f,0x00,0x0c,0x78,0x00,0x22,0x04,0x00,0x00,0x00,
    0x70,0x60,0xf2,0x03,0x00,0xda,0x0f,0x00,0x47,0x99,0x2c,0x00,
    0x00,0x00,0x00,0x00,0x00,0x00,0x80,0x03,0x00,0xea,0x0f,0x00,
    0x24,0x78,0x16,0x22,0x04,0x00,0x00,0x00,0xff,0x00,0x8e,0x07,
    0x00,0xe2,0x0f,0x00,0x02,0x72,0x0b,0x00,0xff,0x00,0x00,0x00,
    0x00,0x0f,0x00,0x00,0x00,0xc8,0x0f,0x00,0x02,0x72,0x0a,0x00,
    0x16,0x00,0x00,0x00,0x00,0x0f,0x00,0x00,0x00,0xca,0x0f,0x00,
    0x35,0x72,0x0a,0x08,0x0a,0x00,0x00,0x00,0x00,0x02,0x8e,0x07,
    0x00,0xce,0x0f,0x00,0x81,0x79,0x0b,0x0a,0x08,0x02,0x00,0x00,
    0x00,0x99,0x1e,0x0c,0x00,0xa2,0x0e,0x00,0xc3,0x79,0x05,0x00,
    0x00,0x00,0x00,0x00,0x00,0x88,0x00,0x00,0x00,0xe2,0x0e,0x00,
    0x82,0x78,0x04,0x00,0x00,0x04,0x00,0x00,0x00,0x00,0x00,0x00,
    0x00,0xe2,0x0f,0x00,0x1c,0x78,0x80,0x00,0x00,0x00,0x00,0x00,
    0x70,0xe1,0xf0,0x03,0x00,0xe2,0x0f,0x00,0x35,0x78,0x22,0x22,
    0x01,0x00,0x00,0x00,0x00,0x00,0x8e,0x07,0x00,0xe2,0x0f,0x00,
    0x91,0x72,0x04,0x05,0x04,0x00,0x00,0x00,0xff,0xc0,0x8e,0x0f,
    0x00,0xd2,0x8f,0x00,0x88,0x79,0x00,0x16,0x0b,0x00,0x00,0x00,
    0x04,0x08,0x00,0x08,0x00,0xe6,0x45,0x00,0x18,0x79,0x00,0x00,
    0x00,0x00,0x00,0x00,0x00,0x00,0x00,0x00,0x00,0xe2,0x0f,0x00,
    0x41,0x79,0x01,0x00,0x00,0x00,0x00,0x00,0x00,0x02,0x80,0x03,
    0x00,0xea,0x0f,0x00,0x35,0x78,0x0a,0x22,0x04,0x00,0x00,0x00,
    0x00,0x01,0x8e,0x07,0x00,0xe2,0x0f,0x00,0x45,0x79,0x01,0x00,
    0x60,0x02,0x00,0x00,0x00,0x02,0x80,0x03,0x00,0xe8,0x0f,0x00,
    0x0c,0x78,0x00,0x0a,0x03,0x00,0x00,0x00,0x70,0x42,0xf2,0x03,
    0x00,0xda,0x0f,0x00,0x47,0x99,0x88,0x00,0x00,0x00,0x00,0x00,
    0x00,0x00,0x80,0x03,0x00,0xea,0x0f,0x00,0x19,0x79,0x0a,0x00,
    0x00,0x00,0x00,0x00,0x00,0x88,0x00,0x00,0x00,0xe2,0x0e,0x00,
    0x02,0x78,0x1d,0x00,0x00,0x04,0x00,0x00,0x00,0x0f,0x00,0x00,
    0x00,0xe2,0x0f,0x00,0x1c,0x78,0x80,0x00,0x00,0x00,0x00,0x00,
    0x70,0xe1,0xf0,0x03,0x00,0xc8,0x0f,0x00,0x11,0x72,0x1d,0x0a,
    0x1d,0x00,0x00,0x00,0xff,0xc0,0x8e,0x07,0x00,0xd2,0xff,0x00,
    0x35,0x78,0x1e,0x22,0x01,0x00,0x00,0x00,0x00,0x00,0x8e,0x07,
    0x00,0xe2,0x8f,0x04,0x24,0x78,0x20,0x22,0x04,0x00,0x00,0x00,
    0xff,0x00,0x8e,0x07,0x00,0xe2,0x1f,0x04,0x02,0x72,0x21,0x00,
    0xff,0x00,0x00,0x00,0x00,0x0f,0x00,0x00,0x00,0xe2,0x0f,0x00,
    0x02,0x72,0x1f,0x00,0xff,0x00,0x00,0x00,0x00,0x0f,0x00,0x00,
    0x00,0xe2,0x0f,0x01,0x35,0x78,0x18,0x22,0x02,0x00,0x00,0x00,
    0x00,0x00,0x8e,0x07,0x00,0xe2,0x0f,0x00,0x24,0x78,0x1e,0x1e,
    0x04,0x00,0x00,0x00,0xff,0x00,0x8e,0x07,0x00,0xe4,0x0f,0x00,
    0x35,0x72,0x16,0x08,0x20,0x00,0x00,0x00,0x00,0x02,0x8e,0x07,
    0x00,0xe4,0x2f,0x00,0x24,0x78,0x18,0x18,0x04,0x00,0x00,0x00,
    0xff,0x00,0x8e,0x07,0x00,0xe2,0x0f,0x00,0x35,0x72,0x0a,0x08,
    0x1e,0x00,0x00,0x00,0x00,0x02,0x8e,0x07,0x00,0xc4,0x0f,0x00,
    0x35,0x78,0x1f,0x22,0x03,0x00,0x00,0x00,0x00,0x00,0x8e,0x07,
    0x00,0xe2,0x0f,0x00,0x02,0x72,0x19,0x00,0xff,0x00,0x00,0x00,
    0x00,0x0f,0x00,0x00,0x00,0xe2,0x0f,0x00,0x81,0x79,0x21,0x16,
    0x08,0x02,0x00,0x00,0x00,0x99,0x1e,0x0c,0x00,0xa8,0x00,0x00,
    0x35,0x72,0x24,0x08,0x18,0x00,0x00,0x00,0x00,0x02,0x8e,0x07,
    0x00,0xe4,0x0f,0x00,0x81,0x79,0x19,0x0a,0x08,0x02,0x00,0x00,
    0x00,0x99,0x1e,0x0c,0x00,0xe2,0x02,0x00,0x24,0x78,0x16,0x1f,
    0x04,0x00,0x00,0x00,0xff,0x00,0x8e,0x07,0x00,0xe2,0x1f,0x00,
    0x02,0x72,0x17,0x00,0xff,0x00,0x00,0x00,0x00,0x0f,0x00,0x00,
    0x00,0xc6,0x0f,0x00,0x81,0x79,0x24,0x24,0x08,0x02,0x00,0x00,
    0x00,0x99,0x1e,0x0c,0x00,0x24,0x0f,0x00,0x35,0x72,0x0a,0x08,
    0x16,0x00,0x00,0x00,0x00,0x02,0x8e,0x07,0x00,0xcc,0x2f,0x00,
    0x81,0x79,0x17,0x0a,0x08,0x02,0x00,0x00,0x00,0x99,0x1e,0x0c,
    0x00,0x62,0x0f,0x00,0x35,0x72,0x20,0x20,0x1d,0x00,0x00,0x00,
    0x00,0x00,0x8e,0x07,0x00,0xe2,0x0f,0x08,0x35,0x72,0x1e,0x1e,
    0x1d,0x00,0x00,0x00,0x00,0x00,0x8e,0x07,0x00,0xe2,0x0f,0x08,
    0x35,0x72,0x1f,0x18,0x1d,0x00,0x00,0x00,0x00,0x00,0x8e,0x07,
    0x00,0xe2,0x0f,0x08,0x35,0x72,0x16,0x16,0x1d,0x00,0x00,0x00,
    0x00,0x00,0x8e,0x07,0x00,0xe2,0x0f,0x00,0x35,0x78,0x22,0x22,
    0x04,0x00,0x00,0x00,0x00,0x00,0x8e,0x07,0x00,0xca,0x0f,0x00,
    0x0c,0x78,0x00,0x22,0x01,0x00,0x00,0x00,0x70,0x62,0xf2,0x03,
    0x00,0xe2,0x0f,0x00,0x88,0x73,0x00,0x20,0x21,0x00,0x00,0x00,
    0x00,0x08,0x00,0x00,0x00,0xe8,0x41,0x00,0x88,0x73,0x00,0x1e,
    0x19,0x00,0x00,0x00,0x00,0x08,0x00,0x00,0x00,0xe8,0x87,0x00,
    0x88,0x73,0x00,0x1f,0x24,0x00,0x00,0x00,0x00,0x08,0x00,0x00,
    0x00,0xe8,0x09,0x01,0x88,0x73,0x00,0x16,0x17,0x00,0x00,0x00,
    0x00,0x08,0x00,0x00,0x00,0xe2,0x03,0x02,0x47,0x99,0x88,0x00,
    0xfc,0xff,0xff,0xff,0xff,0xff,0x83,0x03,0x00,0xea,0x0f,0x00,
    0x18,0x79,0x00,0x00,0x00,0x00,0x00,0x00,0x00,0x00,0x00,0x00,
    0x00,0xe2,0x0f,0x00,0x41,0x79,0x01,0x00,0x00,0x00,0x00,0x00,
    0x00,0x02,0x80,0x03,0x00,0xea,0x0f,0x00,0x35,0x78,0x0a,0x22,
    0x04,0x00,0x00,0x00,0x00,0x01,0x8e,0x07,0x00,0xe2,0x0f,0x00,
    0x45,0x79,0x01,0x00,0x60,0x01,0x00,0x00,0x00,0x02,0x80,0x03,
    0x00,0xe8,0x0f,0x00,0x0c,0x78,0x00,0x0a,0x01,0x00,0x00,0x00,
    0x70,0x42,0xf2,0x03,0x00,0xda,0x0f,0x00,0x47,0x99,0x48,0x00,
    0x00,0x00,0x00,0x00,0x00,0x00,0x80,0x03,0x00,0xea,0x0f,0x00,
    0x35,0x78,0x18,0x22,0x01,0x00,0x00,0x00,0x00,0x00,0x8e,0x07,
    0x00,0xe2,0x2f,0x04,0x24,0x78,0x19,0x22,0x04,0x00,0x00,0x00,
    0xff,0x00,0x8e,0x07,0x00,0xe2,0x8f,0x00,0x02,0x72,0x0b,0x00,
    0xff,0x00,0x00,0x00,0x00,0x0f,0x00,0x00,0x00,0xe2,0x4f,0x00,
    0x02,0x72,0x17,0x00,0xff,0x00,0x00,0x00,0x00,0x0f,0x00,0x00,
    0x00,0xe4,0x0f,0x00,0x24,0x78,0x18,0x18,0x04,0x00,0x00,0x00,
    0xff,0x00,0x8e,0x07,0x00,0xe2,0x0f,0x00,0x02,0x72,0x0a,0x00,
    0x19,0x00,0x00,0x00,0x00,0x0f,0x00,0x00,0x00,0xc8,0x0f,0x00,
    0x02,0x72,0x16,0x00,0x18,0x00,0x00,0x00,0x00,0x0f,0x00,0x00,
    0x00,0xe2,0x0f,0x00,0x35,0x72,0x0a,0x08,0x0a,0x00,0x00,0x00,
    0x00,0x02,0x8e,0x07,0x00,0xc8,0x0f,0x00,0x35,0x72,0x16,0x08,
    0x16,0x00,0x00,0x00,0x00,0x02,0x8e,0x07,0x00,0xc6,0x0f,0x00,
    0x81,0x79,0x0a,0x0a,0x08,0x02,0x00,0x00,0x00,0x99,0x1e,0x0c,
    0x00,0xa8,0x0e,0x00,0x81,0x79,0x17,0x16,0x08,0x02,0x00,0x00,
    0x00,0x99,0x1e,0x0c,0x00,0xe2,0x0e,0x00,0xc3,0x79,0x05,0x00,
    0x00,0x00,0x00,0x00,0x00,0x88,0x00,0x00,0x00,0x62,0x0e,0x00,
    0x82,0x78,0x04,0x00,0x00,0x04,0x00,0x00,0x00,0x00,0x00,0x00,
    0x00,0xe2,0x0f,0x00,0x1c,0x78,0x80,0x00,0x00,0x00,0x00,0x00,
    0x70,0xe1,0xf0,0x03,0x00,0xe2,0x0f,0x00,0x35,0x78,0x22,0x22,
    0x02,0x00,0x00,0x00,0x00,0x00,0x8e,0x07,0x00,0xe2,0x0f,0x00,
    0x91,0x72,0x04,0x05,0x04,0x00,0x00,0x00,0xff,0xc0,0x8e,0x0f,
    0x00,0xd2,0x2f,0x00,0x88,0x79,0x00,0x19,0x0a,0x00,0x00,0x00,
    0x04,0x08,0x00,0x08,0x00,0xe8,0x43,0x00,0x88,0x79,0x00,0x18,
    0x17,0x00,0x00,0x00,0x04,0x08,0x00,0x08,0x00,0xe4,0x83,0x00,
    0x18,0x79,0x00,0x00,0x00,0x00,0x00,0x00,0x00,0x00,0x00,0x00,
    0x00,0xe2,0x0f,0x00,0x41,0x79,0x01,0x00,0x00,0x00,0x00,0x00,
    0x00,0x02,0x80,0x03,0x00,0xea,0x0f,0x00,0x0c,0x78,0x00,0x22,
    0x04,0x00,0x00,0x00,0x70,0x54,0x70,0x00,0x00,0xda,0x0f,0x00,
    0x47,0x89,0x30,0x00,0x00,0x00,0x00,0x00,0x00,0x00,0x80,0x03,
    0x00,0xea,0x0f,0x00,0x19,0x79,0x0b,0x00,0x00,0x00,0x00,0x00,
    0x00,0x88,0x00,0x00,0x00,0xe2,0x4e,0x00,0x02,0x78,0x0a,0x00,
    0x00,0x04,0x00,0x00,0x00,0x0f,0x00,0x00,0x00,0xca,0x2f,0x00,
    0x11,0x72,0x19,0x0b,0x0a,0x00,0x00,0x00,0xff,0xc0,0x8e,0x07,
    0x00,0xce,0x9f,0x01,0x24,0x78,0x16,0x22,0x04,0x00,0x00,0x00,
    0xff,0x00,0x8e,0x07,0x00,0xe2,0x0f,0x00,0x02,0x72,0x17,0x00,
    0xff,0x00,0x00,0x00,0x00,0x0f,0x00,0x00,0x00,0xca,0x1f,0x00,
    0x35,0x72,0x0a,0x08,0x16,0x00,0x00,0x00,0x00,0x02,0x8e,0x07,
    0x00,0xce,0x0f,0x00,0x81,0x79,0x0a,0x0a,0x08,0x02,0x00,0x00,
    0x00,0x99,0x1e,0x0c,0x00,0xa2,0x0e,0x00,0x35,0x72,0x17,0x16,
    0x19,0x00,0x00,0x00,0x00,0x00,0x8e,0x07,0x00,0xe2,0x0f,0x00,
    0x35,0x78,0x22,0x22,0x01,0x00,0x00,0x00,0x00,0x00,0x8e,0x07,
    0x00,0xca,0x0f,0x00,0x0c,0x78,0x00,0x22,0x04,0x00,0x00,0x00,
    0x70,0x50,0xf0,0x03,0x00,0xe2,0x0f,0x00,0x88,0x73,0x00,0x17,
    0x0a,0x00,0x00,0x00,0x00,0x08,0x00,0x00,0x00,0xd8,0x41,0x00,
    0x47,0x09,0xdc,0x00,0xfc,0xff,0xff,0xff,0xff,0xff,0x83,0x03,
    0x00,0xea,0x0f,0x00,0x18,0x79,0x00,0x00,0x00,0x00,0x00,0x00,
    0x00,0x00,0x00,0x00,0x00,0xe2,0x0f,0x00,0x41,0x79,0x00,0x00,
    0x00,0x00,0x00,0x00,0x00,0x02,0x80,0x03,0x00,0xea,0x0f,0x00,
    0x0c,0x78,0x00,0x14,0xff,0x00,0x00,0x00,0x70,0x40,0xf0,0x03,
    0x00,0xe2,0x0f,0x00,0xac,0x77,0x06,0xff,0x80,0x73,0x00,0x00,
    0x00,0x08,0x00,0x08,0x00,0x22,0x0e,0x00,0x45,0x79,0x01,0x00,
    0x30,0x06,0x00,0x00,0x00,0x02,0x80,0x03,0x00,0xe2,0x0f,0x00,
    0xac,0x77,0x0a,0xff,0x00,0x71,0x00,0x00,0x00,0x0a,0x00,0x08,
    0x00,0x34,0x0e,0x00,0x47,0x09,0x7c,0x00,0x04,0x00,0x00,0x00,
    0x00,0x00,0x80,0x03,0x00,0xea,0x0f,0x00,0x0c,0x78,0x00,0x1a,
    0x60,0x00,0x00,0x00,0x70,0x50,0xf0,0x03,0x00,0xe2,0x0f,0x00,
    0x45,0x79,0x00,0x00,0x20,0x03,0x00,0x00,0x00,0x02,0x80,0x03,
    0x00,0xe2,0x0f,0x00,0x24,0x78,0x18,0x02,0x00,0x01,0x00,0x00,
    0xff,0x00,0x8e,0x07,0x00,0xe2,0x2f,0x00,0x02,0x72,0x19,0x00,
    0x14,0x00,0x00,0x00,0x00,0x0f,0x00,0x00,0x00,0xd4,0x8f,0x00,
    0x47,0x89,0xb4,0x00,0x00,0x00,0x00,0x00,0x00,0x00,0x80,0x03,
    0x00,0xea,0x0f,0x00,0x82,0x7b,0x16,0xff,0x00,0xe7,0x00,0x00,
    0x00,0x08,0x00,0x00,0x00,0x62,0x4e,0x00,0x35,0x72,0x17,0x18,
    0x14,0x00,0x00,0x00,0x00,0x00,0x8e,0x07,0x00,0xe2,0x1f,0x00,
    0x45,0x79,0x02,0x00,0x90,0x00,0x00,0x00,0x00,0x02,0x80,0x03,
    0x00,0xe2,0x0f,0x00,0x02,0x72,0x0a,0x00,0xff,0x00,0x00,0x00,
    0x00,0x0f,0x00,0x00,0x00,0xc6,0x0f,0x00,0x0c,0x72,0x00,0x17,
    0x16,0x00,0x00,0x00,0x70,0x62,0xf0,0x03,0x00,0xda,0x2f,0x00,
    0x47,0x09,0x10,0x00,0x00,0x00,0x00,0x00,0x00,0x00,0x80,0x03,
    0x00,0xea,0x0f,0x00,0x82,0x7b,0x08,0xff,0x00,0xe2,0x00,0x00,
    0x00,0x0a,0x00,0x00,0x00,0x24,0x0e,0x00,0x25,0x78,0x08,0x17,
    0x02,0x00,0x00,0x00,0x08,0x00,0x8e,0x07,0x00,0xcc,0x1f,0x00,
    0x81,0x79,0x08,0x08,0x08,0x00,0x00,0x00,0x00,0x95,0x1e,0x0c,
    0x00,0xa4,0x0e,0x00,0x30,0x72,0x0a,0xff,0x08,0x00,0x00,0x20,
    0x00,0x41,0x00,0x00,0x00,0xce,0x4f,0x00,0x18,0x79,0x00,0x00,
    0x00,0x00,0x00,0x00,0x00,0x00,0x00,0x00,0x00,0xe2,0x0f,0x00,
    0x41,0x79,0x02,0x00,0x00,0x00,0x00,0x00,0x00,0x02,0x80,0x03,
    0x00,0xea,0x0f,0x00,0x88,0x73,0x00,0x1b,0x0a,0x00,0x00,0x00,
    0x00,0x08,0x00,0x00,0x00,0xe2,0x03,0x00,0x0c,0x72,0x00,0x1a,
    0xff,0x00,0x00,0x00,0x70,0x50,0xf0,0x03,0x00,0xe2,0x0f,0x00,
    0x35,0x78,0x19,0x14,0x20,0x00,0x00,0x00,0x00,0x00,0x8e,0x07,
    0x00,0xd8,0x0f,0x00,0x47,0x89,0x74,0x00,0x00,0x00,0x00,0x00,
    0x00,0x00,0x80,0x03,0x00,0xea,0x0f,0x00,0xac,0x77,0x04,0xff,
    0x00,0x71,0x00,0x00,0x00,0x0a,0x00,0x08,0x00,0x22,0x0e,0x00,
    0x35,0x78,0x09,0x17,0x20,0x00,0x00,0x00,0x00,0x00,0x8e,0x07,
    0x00,0xe2,0x0f,0x00,0x02,0x72,0x19,0x00,0xff,0x00,0x00,0x00,
    0x00,0x0f,0x00,0x00,0x00,0xe2,0x0f,0x00,0x45,0x79,0x02,0x00,
    0xa0,0x00,0x00,0x00,0x00,0x02,0x80,0x03,0x00,0xe6,0x0f,0x00,
    0x0c,0x72,0x00,0x09,0x16,0x00,0x00,0x00,0x70,0x62,0xf0,0x03,
    0x00,0xe2,0x0f,0x00,0x35,0x72,0x0a,0x14,0x18,0x00,0x00,0x00,
    0x00,0x02,0x8e,0x07,0x00,0xca,0x2f,0x00,0x11,0x7c,0x08,0x0a,
    0x04,0x00,0x00,0x00,0xff,0x08,0x82,0x0f,0x00,0xc8,0x1f,0x00,
    0x11,0x7c,0x09,0x0a,0x05,0x00,0x00,0x00,0x0b,0x0c,0x8f,0x08,
    0x00,0xe2,0x0f,0x00,0x02,0x72,0x0a,0x00,0xff,0x00,0x00,0x00,
    0x00,0x0f,0x00,0x00,0x00,0xe4,0x0f,0x00,0x47,0x09,0x08,0x00,
    0x00,0x00,0x00,0x00,0x00,0x00,0x80,0x03,0x00,0xec,0x0f,0x00,
    0x81,0x79,0x0a,0x08,0x08,0x40,0x00,0x00,0x00,0x95,0x1e,0x0c,
    0x00,0xa4,0x0e,0x00,0x30,0x72,0x0a,0xff,0x0a,0x00,0x00,0x20,
    0x00,0x41,0x00,0x00,0x00,0xce,0x4f,0x00,0x18,0x79,0x00,0x00,
    0x00,0x00,0x00,0x00,0x00,0x00,0x00,0x00,0x00,0xe2,0x0f,0x00,
    0x41,0x79,0x02,0x00,0x00,0x00,0x00,0x00,0x00,0x02,0x80,0x03,
    0x00,0xea,0x0f,0x00,0x88,0x73,0x00,0x1b,0x0a,0x80,0x00,0x00,
    0x00,0x08,0x00,0x00,0x00,0xe2,0x07,0x00,0x0c,0x78,0x00,0x1a,
    0x20,0x00,0x00,0x00,0x70,0x50,0xf0,0x03,0x00,0xe2,0x0f,0x00,
    0x35,0x78,0x19,0x14,0x40,0x00,0x00,0x00,0x00,0x00,0x8e,0x07,
    0x00,0xd8,0x0f,0x00,0x47,0x89,0x2c,0x00,0x00,0x00,0x00,0x00,
    0x00,0x00,0x80,0x03,0x00,0xea,0x0f,0x00,0x35,0x78,0x17,0x17,
    0x40,0x00,0x00,0x00,0x00,0x00,0x8e,0x07,0x00,0xe2,0x0f,0x00,
    0x45,0x79,0x02,0x00,0x70,0x00,0x00,0x00,0x00,0x02,0x80,0x03,
    0x00,0xe2,0x0f,0x00,0x02,0x72,0x0a,0x00,0xff,0x00,0x00,0x00,
    0x00,0x0f,0x00,0x00,0x00,0xc6,0x8f,0x00,0x0c,0x72,0x00,0x17,
    0x16,0x00,0x00,0x00,0x70,0x62,0xf0,0x03,0x00,0xda,0x0f,0x00,
    0x47,0x09,0x08,0x00,0x00,0x00,0x00,0x00,0x00,0x00,0x80,0x03,
    0x00,0xea,0x0f,0x00,0x81,0x79,0x08,0x08,0x08,0x80,0x00,0x00,
    0x00,0x95,0x1e,0x0c,0x00,0xa4,0x0e,0x00,0x30,0x72,0x0a,0xff,
    0x08,0x00,0x00,0x20,0x00,0x41,0x00,0x00,0x00,0xce,0x4f,0x00,
    0x18,0x79,0x00,0x00,0x00,0x00,0x00,0x00,0x00,0x00,0x00,0x00,
    0x00,0xe2,0x0f,0x00,0x41,0x79,0x02,0x00,0x00,0x00,0x00,0x00,
    0x00,0x02,0x80,0x03,0x00,0xea,0x0f,0x00,0x88,0x73,0x00,0x1b,
    0x0a,0x00,0x01,0x00,0x00,0x08,0x00,0x00,0x00,0xe2,0x01,0x00,
    0x35,0x78,0x19,0x14,0x60,0x00,0x00,0x00,0x00,0x00,0x8e,0x07,
    0x00,0xce,0x0f,0x00,0x18,0x79,0x00,0x00,0x00,0x00,0x00,0x00,
    0x00,0x00,0x00,0x00,0x00,0xe2,0x0f,0x00,0x41,0x79,0x00,0x00,
    0x00,0x00,0x00,0x00,0x00,0x02,0x80,0x03,0x00,0xea,0x1f,0x00,
    0x0c,0x78,0x00,0x06,0x60,0x00,0x00,0x00,0x70,0x60,0xf0,0x03,
    0x00,0xda,0x0f,0x00,0x47,0x89,0xa4,0x00,0x00,0x00,0x00,0x00,
    0x00,0x00,0x80,0x03,0x00,0xea,0xef,0x01,0x35,0x72,0x1d,0x18,
    0x19,0x00,0x00,0x00,0x00,0x00,0x8e,0x07,0x00,0xe2,0x0f,0x08,
    0x02,0x72,0x0a,0x00,0x18,0x00,0x00,0x00,0x00,0x0f,0x00,0x00,
    0x00,0xe2,0x0f,0x00,0x02,0x72,0x0b,0x00,0xff,0x00,0x00,0x00,
    0x00,0x0f,0x00,0x00,0x00,0xe2,0x0f,0x00,0x02,0x72,0x16,0x00,
    0x19,0x00,0x00,0x00,0x00,0x0f,0x00,0x00,0x00,0xe2,0x1f,0x00,
    0x02,0x72,0x17,0x00,0xff,0x00,0x00,0x00,0x00,0x0f,0x00,0x00,
    0x00,0xe2,0x2f,0x00,0x0c,0x7c,0x00,0x1d,0x06,0x00,0x00,0x00,
    0x70,0x62,0xf0,0x0b,0x00,0xe2,0x0f,0x04,0x35,0x78,0x1e,0x1d,
    0x60,0x00,0x00,0x00,0x00,0x00,0x8e,0x07,0x00,0xc6,0x4f,0x00,
    0x35,0x72,0x16,0x0a,0x16,0x00,0x00,0x00,0x00,0x02,0x8e,0x07,
    0x00,0xe4,0x0f,0x00,0x35,0x78,0x0a,0x1d,0x20,0x00,0x00,0x00,
    0x00,0x00,0x8e,0x07,0x00,0xe2,0x0f,0x04,0x35,0x78,0x0b,0x1d,
    0x40,0x00,0x00,0x00,0x00,0x00,0x8e,0x07,0x00,0xe2,0x0f,0x00,
    0x0c,0x7c,0x00,0x1e,0x06,0x00,0x00,0x00,0x70,0x62,0xf6,0x0b,
    0x00,0xc6,0x0f,0x00,0x0c,0x7c,0x00,0x0a,0x06,0x00,0x00,0x00,
    0x70,0x62,0xf2,0x0b,0x00,0xe2,0x0f,0x00,0x0c,0x7c,0x00,0x0b,
    0x06,0x00,0x00,0x00,0x70,0x62,0xf4,0x0b,0x00,0xe2,0x0f,0x00,
    0x82,0x8b,0x08,0xff,0x00,0xe2,0x00,0x00,0x00,0x0a,0x00,0x00,
    0x00,0x22,0x8e,0x00,0x11,0x7c,0x0a,0x16,0x0a,0x00,0x00,0x00,
    0xff,0x08,0x88,0x0f,0x00,0xc8,0x0f,0x00,0x11,0x7c,0x0b,0x16,
    0x0b,0x00,0x00,0x00,0x17,0x0c,0x0f,0x0a,0x00,0xca,0x0f,0x00,
    0x81,0xb9,0x20,0x0a,0x08,0xc0,0x00,0x00,0x00,0x95,0x1e,0x0c,
    0x00,0xa8,0x0e,0x00,0x81,0xa9,0x1f,0x0a,0x08,0x80,0x00,0x00,
    0x00,0x95,0x1e,0x0c,0x00,0xe2,0x0e,0x00,0x25,0x88,0x08,0x1d,
    0x02,0x00,0x00,0x00,0x08,0x00,0x8e,0x07,0x00,0xc6,0x1f,0x00,
    0x81,0x99,0x1d,0x0a,0x08,0x40,0x00,0x00,0x00,0x95,0x1e,0x0c,
    0x00,0x28,0x0f,0x00,0x81,0x89,0x08,0x08,0x08,0x00,0x00,0x00,
    0x00,0x95,0x1e,0x0c,0x00,0x62,0x01,0x00,0xc3,0x79,0x05,0x00,
    0x00,0x00,0x00,0x00,0x00,0x88,0x00,0x00,0x00,0x62,0x0e,0x00,
    0x82,0x78,0x04,0x00,0x00,0x04,0x00,0x00,0x00,0x00,0x00,0x00,
    0x00,0xe4,0x0f,0x00,0x90,0x78,0x04,0x04,0x40,0x02,0x00,0x00,
    0xff,0xe0,0xff,0x0f,0x00,0xe2,0x0f,0x00,0x02,0x72,0x16,0x00,
    0xff,0x00,0x00,0x00,0x00,0x0f,0x00,0x00,0x00,0xe2,0x0f,0x00,
    0x02,0x72,0x17,0x00,0xff,0x00,0x00,0x00,0x00,0x0f,0x00,0x00,
    0x00,0xe2,0x0f,0x00,0x02,0x72,0x1e,0x00,0xff,0x00,0x00,0x00,
    0x00,0x0f,0x00,0x00,0x00,0xe2,0x0f,0x00,0x02,0x72,0x09,0x00,
    0xff,0x00,0x00,0x00,0x00,0x0f,0x00,0x00,0x00,0xe2,0x1f,0x00,
    0x91,0x72,0x04,0x05,0x04,0x00,0x00,0x00,0xff,0xc0,0x8e,0x0f,
    0x00,0xe2,0x2f,0x00,0x30,0xb2,0x09,0xff,0x20,0x00,0x00,0x20,
    0x00,0x41,0x00,0x00,0x00,0xc4,0x4f,0x00,0x30,0xa2,0x1e,0xff,
    0x1f,0x00,0x00,0x20,0x00,0x41,0x00,0x00,0x00,0xe4,0x8f,0x00,
    0x30,0x92,0x17,0xff,0x1d,0x00,0x00,0x20,0x00,0x41,0x00,0x00,
    0x00,0xe4,0x0f,0x01,0x30,0x82,0x16,0xff,0x08,0x00,0x00,0x20,
    0x00,0x41,0x00,0x00,0x00,0xe2,0x0f,0x02,0x11,0x7c,0x08,0x19,
    0x04,0x00,0x00,0x00,0xff,0x10,0x8e,0x0f,0x00,0xca,0x0f,0x00,
    0x88,0x73,0x00,0x08,0x16,0x00,0x00,0x00,0x00,0x08,0x00,0x00,
    0x00,0xe8,0x01,0x00,0x88,0x73,0x00,0x08,0x17,0x80,0x00,0x00,
    0x00,0x08,0x00,0x00,0x00,0xe8,0x03,0x00,0x88,0x73,0x00,0x08,
    0x1e,0x00,0x01,0x00,0x00,0x08,0x00,0x00,0x00,0xe8,0x05,0x00,
    0x88,0x73,0x00,0x08,0x09,0x80,0x01,0x00,0x00,0x08,0x00,0x00,
    0x00,0xe2,0x07,0x00,0x0c,0x78,0x00,0x19,0x80,0x00,0x00,0x00,
    0x70,0x60,0xf0,0x03,0x00,0xe2,0x0f,0x04,0x35,0x78,0x19,0x19,
    0x80,0x00,0x00,0x00,0x00,0x00,0x8e,0x07,0x00,0xd8,0x0f,0x00,
    0x47,0x89,0x5c,0x00,0xfc,0xff,0xff,0xff,0xff,0xff,0x83,0x03,
    0x00,0xea,0x0f,0x00,0x18,0x79,0x00,0x00,0x00,0x00,0x00,0x00,
    0x00,0x00,0x00,0x00,0x00,0xe2,0x0f,0x00,0x41,0x79,0x01,0x00,
    0x00,0x00,0x00,0x00,0x00,0x02,0x80,0x03,0x00,0xea,0x1f,0x00,
    0x1d,0x7b,0x00,0x00,0x00,0x00,0x00,0x00,0x00,0x00,0x01,0x00,
    0x00,0xe2,0x0f,0x00,0x02,0x72,0x1e,0x00,0xff,0x00,0x00,0x00,
    0x00,0x0f,0x00,0x00,0x00,0xce,0xef,0x01,0xc3,0x79,0x06,0x00,
    0x00,0x00,0x00,0x00,0x00,0x88,0x00,0x00,0x00,0x22,0x0e,0x00,
    0x24,0x78,0x0a,0x1e,0x20,0x00,0x00,0x00,0x04,0x02,0x8e,0x07,
    0x00,0xe2,0x0f,0x04,0x82,0x78,0x04,0x00,0x00,0x04,0x00,0x00,
    0x00,0x00,0x00,0x00,0x00,0xe2,0x0f,0x00,0x24,0x78,0x18,0x1e,
    0x20,0x00,0x00,0x00,0x07,0x02,0x8e,0x07,0x00,0xe2,0x0f,0x04,
    0x90,0x78,0x05,0x04,0x40,0x00,0x00,0x00,0xff,0xe0,0xff,0x0f,
    0x00,0xe2,0x0f,0x00,0x24,0x78,0x1d,0x1e,0x20,0x00,0x00,0x00,
    0x0c,0x02,0x8e,0x07,0x00,0xe2,0x0f,0x00,0x0c,0x78,0x00,0x0a,
    0x7f,0x00,0x00,0x00,0x70,0x40,0xf6,0x03,0x00,0xe2,0x0f,0x04,
    0x35,0x78,0x08,0x0a,0x10,0x00,0x00,0x00,0x00,0x00,0x8e,0x07,
    0x00,0xe2,0x0f,0x04,0x35,0x78,0x0b,0x0a,0x01,0x00,0x00,0x00,
    0x00,0x00,0x8e,0x07,0x00,0xe2,0x0f,0x00,0x0c,0x78,0x00,0x18,
    0x7f,0x00,0x00,0x00,0x70,0x40,0xfc,0x03,0x00,0xe2,0x0f,0x00,
    0x0c,0x78,0x00,0x1d,0x7f,0x00,0x00,0x00,0x70,0x40,0xf2,0x03,
    0x00,0xe2,0x0f,0x00,0x24,0x78,0x16,0x1e,0x20,0x00,0x00,0x00,
    0x0d,0x02,0x8e,0x07,0x00,0xe2,0x0f,0x00,0x0c,0x78,0x00,0x08,
    0x7f,0x00,0x00,0x00,0x70,0x40,0xf8,0x03,0x00,0xe2,0x0f,0x00,
    0x0c,0x78,0x00,0x0b,0x7f,0x00,0x00,0x00,0x70,0x40,0xfa,0x03,
    0x00,0xe2,0x0f,0x00,0x35,0x78,0x08,0x0a,0x11,0x00,0x00,0x00,
    0x00,0x00,0x8e,0x07,0x00,0xe2,0x0f,0x04,0x35,0x78,0x0b,0x0a,
    0x02,0x00,0x00,0x00,0x00,0x00,0x8e,0x07,0x00,0xe2,0x0f,0x00,
    0x0c,0x78,0x00,0x16,0x7f,0x00,0x00,0x00,0x70,0x40,0xf4,0x03,
    0x00,0xe2,0x0f,0x00,0x24,0x78,0x22,0x1e,0x20,0x00,0x00,0x00,
    0x11,0x02,0x8e,0x07,0x00,0xe2,0x0f,0x00,0x90,0x78,0x04,0x04,
    0x40,0x02,0x00,0x00,0xff,0xe0,0xff,0x0f,0x00,0xe2,0x0f,0x00,
    0x0c,0x78,0x00,0x08,0x7f,0x00,0x00,0x00,0x70,0x40,0xf0,0x03,
    0x00,0xe2,0x0f,0x00,0x02,0x72,0x08,0x00,0xff,0x00,0x00,0x00,
    0x00,0x0f,0x00,0x00,0x00,0xe2,0x0f,0x00,0x91,0x72,0x05,0x06,
    0x05,0x00,0x00,0x00,0xff,0xc0,0x8e,0x0f,0x00,0xe2,0x1f,0x00,
    0x91,0x72,0x06,0x06,0x04,0x00,0x00,0x00,0xff,0xc0,0x8e,0x0f,
    0x00,0xc6,0x0f,0x00,0x82,0x7c,0x04,0x00,0xff,0x00,0x00,0x00,
    0x00,0x00,0x00,0x08,0x00,0xca,0x0f,0x00,0x84,0xb9,0x17,0x0a,
    0x05,0x00,0x00,0x00,0x00,0x00,0x00,0x08,0x00,0x28,0x0e,0x00,
    0x84,0xb9,0x09,0x0a,0x05,0x00,0x00,0x00,0x00,0x00,0x00,0x08,
    0x00,0x68,0x0e,0x00,0x84,0xc9,0x1f,0x0a,0x05,0x10,0x00,0x00,
    0x00,0x00,0x00,0x08,0x00,0xa8,0x0e,0x00,0x84,0xe9,0x18,0x18,
    0x05,0x00,0x00,0x00,0x00,0x00,0x00,0x08,0x00,0xe8,0x0e,0x00,
    0x84,0x99,0x1d,0x1d,0x05,0x00,0x00,0x00,0x00,0x00,0x00,0x08,
    0x00,0x28,0x0f,0x00,0x84,0x89,0x19,0x0a,0x05,0x11,0x00,0x00,
    0x00,0x00,0x00,0x08,0x00,0x68,0x0f,0x00,0x84,0xa9,0x16,0x16,
    0x05,0x00,0x00,0x00,0x00,0x00,0x00,0x08,0x00,0x62,0x0f,0x00,
    0x12,0xb8,0x08,0x17,0x0f,0x00,0x00,0x00,0xff,0xc0,0x8e,0x07,
    0x00,0xc6,0x1f,0x00,0x84,0xd9,0x17,0x0a,0x05,0x01,0x00,0x00,
    0x00,0x00,0x00,0x08,0x00,0x22,0x0e,0x00,0x12,0xb8,0x08,0x08,
    0xf0,0x00,0x00,0x00,0x09,0xf8,0x8e,0x07,0x00,0xe2,0x2f,0x00,
    0x0c,0x78,0x00,0x0b,0x7f,0x00,0x00,0x00,0x70,0x40,0xf6,0x03,
    0x00,0xe2,0x0f,0x00,0x02,0x72,0x09,0x00,0xff,0x00,0x00,0x00,
    0x00,0x0f,0x00,0x00,0x00,0xe2,0x0f,0x00,0x12,0xc8,0x09,0x1f,
    0x0f,0x00,0x00,0x00,0xff,0xc0,0x8e,0x07,0x00,0xe2,0x4f,0x00,
    0x35,0x78,0x1f,0x0a,0x12,0x00,0x00,0x00,0x00,0x00,0x8e,0x07,
    0x00,0xc6,0x0f,0x00,0x12,0xe8,0x09,0x09,0xf0,0x00,0x00,0x00,
    0x18,0xf8,0x8e,0x07,0x00,0xe2,0x8f,0x00,0x24,0x78,0x18,0x1e,
    0x20,0x00,0x00,0x00,0x0f,0x02,0x8e,0x07,0x00,0xe2,0x0f,0x00,
    0x0c,0x78,0x00,0x1f,0x7f,0x00,0x00,0x00,0x70,0x40,0xf8,0x03,
    0x00,0xe2,0x0f,0x00,0x19,0x98,0x1d,0xff,0x04,0x00,0x00,0x00,
    0x1d,0x16,0x01,0x00,0x00,0xc6,0x0f,0x01,0x0c,0x78,0x00,0x18,
    0x7f,0x00,0x00,0x00,0x70,0x40,0xfc,0x03,0x00,0xe2,0x0f,0x00,
    0x84,0xb9,0x0b,0x0a,0x05,0x02,0x00,0x00,0x00,0x00,0x00,0x08,
    0x00,0x62,0x0e,0x00,0x24,0x88,0x20,0x19,0x00,0x01,0x00,0x00,
    0xff,0x00,0x8e,0x07,0x00,0xe2,0x0f,0x02,0x35,0x78,0x19,0x0a,
    0x13,0x00,0x00,0x00,0x00,0x00,0x8e,0x07,0x00,0xe2,0x0f,0x04,
    0x24,0x98,0x1d,0x1d,0x00,0x10,0x00,0x00,0xff,0x00,0x8e,0x07,
    0x00,0xe2,0x0f,0x00,0x35,0x78,0x1f,0x0a,0x03,0x00,0x00,0x00,
    0x00,0x00,0x8e,0x07,0x00,0xe2,0x0f,0x00,0x19,0xa8,0x16,0xff,
    0x04,0x00,0x00,0x00,0x16,0x16,0x01,0x00,0x00,0xe4,0x0f,0x00,
    0x12,0x88,0x09,0x09,0x00,0x0f,0x00,0x00,0x20,0xf8,0x8e,0x07,
    0x00,0xc6,0x0f,0x00,0x24,0xa8,0x16,0x16,0x00,0x10,0x00,0x00,
    0xff,0x00,0x8e,0x07,0x00,0xe4,0x0f,0x00,0x84,0xe9,0x18,0x18,
    0x05,0x00,0x00,0x00,0x00,0x00,0x00,0x08,0x00,0xe6,0x0f,0x00,
    0x12,0xa2,0x09,0x16,0x09,0x00,0x00,0x00,0xff,0xfc,0x8e,0x07,
    0x00,0xe2,0x0f,0x00,0x24,0xd8,0x17,0x17,0x00,0x01,0x00,0x00,
    0xff,0x00,0x8e,0x07,0x00,0xca,0x1f,0x00,0x12,0xd8,0x08,0x08,
    0x00,0x0f,0x00,0x00,0x17,0xf8,0x8e,0x07,0x00,0xe2,0x0f,0x00,
    0x24,0x78,0x17,0x1e,0x20,0x00,0x00,0x00,0x0e,0x02,0x8e,0x07,
    0x00,0xe2,0x0f,0x04,0x0c,0x78,0x00,0x1f,0x7f,0x00,0x00,0x00,
    0x70,0x40,0xfa,0x03,0x00,0xe4,0x0f,0x00,0x12,0x92,0x08,0x1d,
    0x08,0x00,0x00,0x00,0xff,0xfc,0x8e,0x07,0x00,0xe2,0x0f,0x00,
    0x24,0x78,0x1d,0x1e,0x20,0x00,0x00,0x00,0x10,0x02,0x8e,0x07,
    0x00,0xe2,0x0f,0x00,0x0c,0x78,0x00,0x17,0x7f,0x00,0x00,0x00,
    0x70,0x40,0xf0,0x03,0x00,0xe2,0x0f,0x00,0x0c,0x78,0x00,0x19,
    0x7f,0x00,0x00,0x00,0x70,0x40,0xf2,0x03,0x00,0xe2,0x0f,0x00,
    0x84,0xc9,0x1f,0x0a,0x05,0x12,0x00,0x00,0x00,0x00,0x00,0x08,
    0x00,0x24,0x0e,0x00,0x0c,0x78,0x00,0x1d,0x7f,0x00,0x00,0x00,
    0x70,0x40,0xf4,0x03,0x00,0xe2,0x0f,0x00,0x24,0xb8,0x0b,0x0b,
    0x00,0x00,0x01,0x00,0xff,0x00,0x8e,0x07,0x00,0xc8,0x2f,0x00,
    0x84,0xd9,0x16,0x0a,0x05,0x03,0x00,0x00,0x00,0x00,0x00,0x08,
    0x00,0xe2,0x0f,0x00,0x12,0xb8,0x08,0x08,0x00,0x00,0x0f,0x00,
    0x0b,0xf8,0x8e,0x07,0x00,0xe2,0x0f,0x00,0x0c,0x78,0x00,0x22,
    0x7f,0x00,0x00,0x00,0x70,0x40,0xf6,0x03,0x00,0xe4,0x0f,0x00,
    0x84,0x89,0x17,0x17,0x05,0x00,0x00,0x00,0x00,0x00,0x00,0x08,
    0x00,0x68,0x0e,0x00,0x84,0x99,0x19,0x0a,0x05,0x13,0x00,0x00,
    0x00,0x00,0x00,0x08,0x00,0xa8,0x0e,0x00,0x84,0xa9,0x1d,0x1d,
    0x05,0x00,0x00,0x00,0x00,0x00,0x00,0x08,0x00,0xe8,0x0e,0x00,
    0x84,0xb9,0x0b,0x22,0x05,0x00,0x00,0x00,0x00,0x00,0x00,0x08,
    0x00,0x22,0x0f,0x00,0x24,0xc8,0x20,0x1f,0x00,0x00,0x01,0x00,
    0xff,0x00,0x8e,0x07,0x00,0xe2,0x1f,0x00,0x19,0xe8,0x1f,0xff,
    0x04,0x00,0x00,0x00,0x18,0x16,0x01,0x00,0x00,0xc8,0x0f,0x00,
    0x12,0xc8,0x09,0x09,0x00,0x00,0x0f,0x00,0x20,0xf8,0x8e,0x07,
    0x00,0xe2,0x0f,0x00,0x24,0xe8,0x20,0x1f,0x00,0x00,0x10,0x00,
    0xff,0x00,0x8e,0x07,0x00,0xe4,0x0f,0x00,0x24,0x78,0x1f,0x1e,
    0x40,0x00,0x00,0x00,0x05,0x02,0x8e,0x07,0x00,0xc6,0x0f,0x00,
    0x12,0xe2,0x09,0x20,0x09,0x00,0x00,0x00,0xff,0xfc,0x8e,0x07,
    0x00,0xe4,0x0f,0x00,0x19,0x88,0x21,0xff,0x04,0x00,0x00,0x00,
    0x17,0x16,0x01,0x00,0x00,0xe2,0x2f,0x00,0x24,0xd8,0x17,0x16,
    0x00,0x00,0x00,0x01,0xff,0x00,0x8e,0x07,0x00,0xe4,0x0f,0x00,
    0x24,0x98,0x0a,0x19,0x00,0x00,0x00,0x01,0xff,0x00,0x8e,0x07,
    0x00,0xe4,0x4f,0x00,0x24,0x88,0x21,0x21,0x00,0x00,0x10,0x00,
    0xff,0x00,0x8e,0x07,0x00,0xe2,0x0f,0x00,0x19,0xa8,0x1d,0xff,
    0x04,0x00,0x00,0x00,0x1d,0x16,0x01,0x00,0x00,0xe4,0x8f,0x00,
    0x12,0x98,0x09,0x09,0x00,0x00,0x00,0x0f,0x0a,0xf8,0x8e,0x07,
    0x00,0xc4,0x0f,0x00,0x19,0xb8,0x0b,0xff,0x04,0x00,0x00,0x00,
    0x0b,0x16,0x01,0x00,0x00,0xe2,0x0f,0x01,0x24,0xa8,0x1d,0x1d,
    0x00,0x00,0x00,0x10,0xff,0x00,0x8e,0x07,0x00,0xe2,0x0f,0x00,
    0x12,0x82,0x08,0x21,0x08,0x00,0x00,0x00,0xff,0xfc,0x8e,0x07,
    0x00,0xc6,0x0f,0x00,0x24,0xb8,0x0a,0x0b,0x00,0x00,0x00,0x10,
    0xff,0x00,0x8e,0x07,0x00,0xe2,0x0f,0x00,0x12,0xd8,0x08,0x08,
    0x00,0x00,0x00,0x0f,0x17,0xf8,0x8e,0x07,0x00,0xe2,0x0f,0x00,
    0x05,0x78,0x16,0x00,0x00,0x00,0x00,0x00,0x00,0xff,0x01,0x00,
    0x00,0xc6,0x0f,0x00,0x12,0xa2,0x08,0x1d,0x08,0x00,0x00,0x00,
    0xff,0xfc,0x8e,0x07,0x00,0xe4,0x0f,0x00,0x12,0xb2,0x09,0x0a,
    0x09,0x00,0x00,0x00,0xff,0xfc,0x8e,0x07,0x00,0xce,0x0f,0x00,
    0x35,0x7c,0x0a,0x1f,0x04,0x00,0x00,0x00,0x00,0x00,0x8e,0x0f,
    0x00,0xe2,0x0f,0x00,0x45,0x79,0x00,0x00,0x30,0x02,0x00,0x00,
    0x00,0x02,0x80,0x03,0x00,0xe2,0x0f,0x00,0x02,0x72,0x1d,0x00,
    0xff,0x00,0x00,0x00,0x00,0x0f,0x00,0x00,0x00,0xc6,0x0f,0x00,
    0x11,0x7c,0x18,0x0a,0x06,0x00,0x00,0x00,0xff,0x10,0x8e,0x0f,
    0x00,0xca,0x0f,0x00,0x84,0x79,0x0a,0x18,0x00,0x00,0x00,0x00,
    0x00,0x0a,0x00,0x00,0x00,0x24,0x0e,0x00,0x0b,0x72,0x00,0x0a,
    0xff,0x00,0x00,0x00,0x00,0xd0,0xf0,0x03,0x00,0xda,0x1f,0x00,
    0x47,0x89,0x70,0x00,0x00,0x00,0x00,0x00,0x00,0x00,0x80,0x03,
    0x00,0xea,0x0f,0x00,0x0b,0x78,0x00,0x0a,0x00,0x00,0x80,0x3e,
    0x00,0xe2,0xf0,0x03,0x00,0xe2,0x0f,0x00,0x19,0x78,0x19,0xff,
    0x1c,0x00,0x00,0x00,0x0a,0x16,0x01,0x00,0x00,0xd8,0x0f,0x00,
    0x12,0x88,0x1d,0x19,0x08,0x00,0x00,0x00,0xff,0xc0,0x8e,0x07,
    0x00,0xe2,0x0f,0x00,0x47,0x89,0x60,0x00,0x00,0x00,0x00,0x00,
    0x00,0x00,0x80,0x03,0x00,0xec,0x0f,0x00,0x0b,0x78,0x00,0x0a,
    0x00,0x00,0x40,0x3f,0x00,0xe2,0xf0,0x03,0x00,0xe2,0x0f,0x00,
    0x02,0x78,0x20,0x00,0x08,0x00,0x00,0x00,0x00,0x0f,0x00,0x00,
    0x00,0xd8,0x0f,0x00,0x12,0x88,0x1d,0x19,0x01,0x00,0x00,0x00,
    0x20,0xec,0x8e,0x07,0x00,0xe2,0x0f,0x00,0x47,0x89,0x50,0x00,
    0x00,0x00,0x00,0x00,0x00,0x00,0x80,0x03,0x00,0xec,0x0f,0x00,
    0x0b,0x78,0x00,0x0a,0x00,0x00,0xa0,0x3f,0x00,0xe2,0xf0,0x03,
    0x00,0xe2,0x0f,0x00,0x02,0x78,0x20,0x00,0x08,0x00,0x00,0x00,
    0x00,0x0f,0x00,0x00,0x00,0xd8,0x0f,0x00,0x12,0x88,0x1d,0x19,
    0x02,0x00,0x00,0x00,0x20,0xec,0x8e,0x07,0x00,0xe2,0x0f,0x00,
    0x47,0x89,0x40,0x00,0x00,0x00,0x00,0x00,0x00,0x00,0x80,0x03,
    0x00,0xec,0x0f,0x00,0x0b,0x78,0x00,0x0a,0x00,0x00,0xe0,0x3f,
    0x00,0xe2,0xf0,0x03,0x00,0xe2,0x0f,0x00,0x02,0x78,0x20,0x00,
    0x08,0x00,0x00,0x00,0x00,0x0f,0x00,0x00,0x00,0xd8,0x0f,0x00,
    0x12,0x88,0x1d,0x19,0x03,0x00,0x00,0x00,0x20,0xec,0x8e,0x07,
    0x00,0xe2,0x0f,0x00,0x47,0x89,0x30,0x00,0x00,0x00,0x00,0x00,
    0x00,0x00,0x80,0x03,0x00,0xec,0x0f,0x00,0x0b,0x78,0x00,0x0a,
    0x00,0x00,0x20,0x40,0x00,0xe2,0xf0,0x03,0x00,0xe2,0x0f,0x00,
    0x02,0x78,0x20,0x00,0x08,0x00,0x00,0x00,0x00,0x0f,0x00,0x00,
    0x00,0xd8,0x0f,0x00,0x12,0x88,0x1d,0x19,0x04,0x00,0x00,0x00,
    0x20,0xec,0x8e,0x07,0x00,0xe2,0x0f,0x00,0x47,0x89,0x20,0x00,
    0x00,0x00,0x00,0x00,0x00,0x00,0x80,0x03,0x00,0xec,0x0f,0x00,
    0x0b,0x78,0x00,0x0a,0x00,0x00,0x60,0x40,0x00,0xe2,0xf0,0x03,
    0x00,0xe2,0x0f,0x00,0x02,0x78,0x20,0x00,0x08,0x00,0x00,0x00,
    0x00,0x0f,0x00,0x00,0x00,0xd8,0x0f,0x00,0x12,0x88,0x1d,0x19,
    0x05,0x00,0x00,0x00,0x20,0xec,0x8e,0x07,0x00,0xe2,0x0f,0x00,
    0x47,0x89,0x10,0x00,0x00,0x00,0x00,0x00,0x00,0x00,0x80,0x03,
    0x00,0xec,0x0f,0x00,0x0b,0x78,0x00,0x0a,0x00,0x00,0xa0,0x40,
    0x00,0xe2,0xf0,0x03,0x00,0xe2,0x0f,0x00,0x02,0x78,0x0a,0x00,
    0x08,0x00,0x00,0x00,0x00,0x0f,0x00,0x00,0x00,0xd8,0x0f,0x00,
    0x12,0x88,0x1d,0x19,0x06,0x00,0x00,0x00,0x0a,0xec,0x8e,0x07,
    0x00,0xe4,0x0f,0x04,0x12,0x08,0x1d,0x19,0x07,0x00,0x00,0x00,
    0xff,0xfc,0x8e,0x07,0x00,0xce,0x0f,0x00,0x18,0x79,0x00,0x00,
    0x00,0x00,0x00,0x00,0x00,0x00,0x00,0x00,0x00,0xe2,0x0f,0x00,
    0x41,0x79,0x00,0x00,0x00,0x00,0x00,0x00,0x00,0x02,0x80,0x03,
    0x00,0xea,0x0f,0x00,0x84,0x79,0x18,0x18,0x00,0x20,0x00,0x00,
    0x00,0x0a,0x00,0x00,0x00,0x22,0x0e,0x00,0x99,0x78,0x05,0x04,
    0x02,0x00,0x00,0x00,0xff,0x06,0x00,0x08,0x00,0xe2,0x0f,0x00,
    0x45,0x79,0x00,0x00,0x30,0x02,0x00,0x00,0x00,0x02,0x80,0x03,
    0x00,0xe2,0x0f,0x00,0x02,0x72,0x0a,0x00,0xff,0x00,0x00,0x00,
    0x00,0x0f,0x00,0x00,0x00,0xc8,0x0f,0x00,0x19,0x7c,0x1d,0x1d,
    0x05,0x00,0x00,0x00,0xff,0x06,0x00,0x08,0x00,0xc8,0x0f,0x00,
    0x12,0x72,0x16,0x1d,0x16,0x00,0x00,0x00,0xff,0xfc,0x8e,0x07,
    0x00,0xe2,0x0f,0x00,0x0b,0x72,0x00,0x18,0xff,0x00,0x00,0x00,
    0x00,0xd0,0xf0,0x03,0x00,0xda,0x1f,0x00,0x47,0x89,0x70,0x00,
    0x00,0x00,0x00,0x00,0x00,0x00,0x80,0x03,0x00,0xea,0x0f,0x00,
    0x0b,0x78,0x00,0x18,0x00,0x00,0x80,0x3e,0x00,0xe2,0xf0,0x03,
    0x00,0xe2,0x0f,0x00,0x19,0x78,0x1d,0xff,0x1c,0x00,0x00,0x00,
    0x18,0x16,0x01,0x00,0x00,0xd8,0x0f,0x00,0x12,0x88,0x0a,0x1d,
    0x08,0x00,0x00,0x00,0xff,0xc0,0x8e,0x07,0x00,0xe2,0x0f,0x00,
    0x47,0x89,0x60,0x00,0x00,0x00,0x00,0x00,0x00,0x00,0x80,0x03,
    0x00,0xec,0x0f,0x00,0x0b,0x78,0x00,0x18,0x00,0x00,0x40,0x3f,
    0x00,0xe2,0xf0,0x03,0x00,0xe2,0x0f,0x00,0x02,0x78,0x0a,0x00,
    0x08,0x00,0x00,0x00,0x00,0x0f,0x00,0x00,0x00,0xd8,0x0f,0x00,
    0x12,0x88,0x0a,0x1d,0x01,0x00,0x00,0x00,0x0a,0xec,0x8e,0x07,
    0x00,0xe2,0x0f,0x00,0x47,0x89,0x50,0x00,0x00,0x00,0x00,0x00,
    0x00,0x00,0x80,0x03,0x00,0xec,0x0f,0x00,0x0b,0x78,0x00,0x18,
    0x00,0x00,0xa0,0x3f,0x00,0xe2,0xf0,0x03,0x00,0xe2,0x0f,0x00,
    0x02,0x78,0x0a,0x00,0x08,0x00,0x00,0x00,0x00,0x0f,0x00,0x00,
    0x00,0xd8,0x0f,0x00,0x12,0x88,0x0a,0x1d,0x02,0x00,0x00,0x00,
    0x0a,0xec,0x8e,0x07,0x00,0xe2,0x0f,0x00,0x47,0x89,0x40,0x00,
    0x00,0x00,0x00,0x00,0x00,0x00,0x80,0x03,0x00,0xec,0x0f,0x00,
    0x0b,0x78,0x00,0x18,0x00,0x00,0xe0,0x3f,0x00,0xe2,0xf0,0x03,
    0x00,0xe2,0x0f,0x00,0x02,0x78,0x0a,0x00,0x08,0x00,0x00,0x00,
    0x00,0x0f,0x00,0x00,0x00,0xd8,0x0f,0x00,0x12,0x88,0x0a,0x1d,
    0x03,0x00,0x00,0x00,0x0a,0xec,0x8e,0x07,0x00,0xe2,0x0f,0x00,
    0x47,0x89,0x30,0x00,0x00,0x00,0x00,0x00,0x00,0x00,0x80,0x03,
    0x00,0xec,0x0f,0x00,0x0b,0x78,0x00,0x18,0x00,0x00,0x20,0x40,
    0x00,0xe2,0xf0,0x03,0x00,0xe2,0x0f,0x00,0x02,0x78,0x0a,0x00,
    0x08,0x00,0x00,0x00,0x00,0x0f,0x00,0x00,0x00,0xd8,0x0f,0x00,
    0x12,0x88,0x0a,0x1d,0x04,0x00,0x00,0x00,0x0a,0xec,0x8e,0x07,
    0x00,0xe2,0x0f,0x00,0x47,0x89,0x20,0x00,0x00,0x00,0x00,0x00,
    0x00,0x00,0x80,0x03,0x00,0xec,0x0f,0x00,0x0b,0x78,0x00,0x18,
    0x00,0x00,0x60,0x40,0x00,0xe2,0xf0,0x03,0x00,0xe2,0x0f,0x00,
    0x02,0x78,0x0a,0x00,0x08,0x00,0x00,0x00,0x00,0x0f,0x00,0x00,
    0x00,0xd8,0x0f,0x00,0x12,0x88,0x0a,0x1d,0x05,0x00,0x00,0x00,
    0x0a,0xec,0x8e,0x07,0x00,0xe2,0x0f,0x00,0x47,0x89,0x10,0x00,
    0x00,0x00,0x00,0x00,0x00,0x00,0x80,0x03,0x00,0xec,0x0f,0x00,
    0x0b,0x78,0x00,0x18,0x00,0x00,0xa0,0x40,0x00,0xe2,0xf0,0x03,
    0x00,0xe2,0x0f,0x00,0x02,0x78,0x0a,0x00,0x08,0x00,0x00,0x00,
    0x00,0x0f,0x00,0x00,0x00,0xd8,0x0f,0x00,0x12,0x88,0x0a,0x1d,
    0x06,0x00,0x00,0x00,0x0a,0xec,0x8e,0x07,0x00,0xe4,0x0f,0x04,
    0x12,0x08,0x0a,0x1d,0x07,0x00,0x00,0x00,0xff,0xfc,0x8e,0x07,
    0x00,0xce,0x0f,0x00,0x18,0x79,0x00,0x00,0x00,0x00,0x00,0x00,
    0x00,0x00,0x00,0x00,0x00,0xe2,0x0f,0x00,0x41,0x79,0x00,0x00,
    0x00,0x00,0x00,0x00,0x00,0x02,0x80,0x03,0x00,0xea,0x0f,0x00,
    0x0b,0x72,0x00,0x0b,0xff,0x00,0x00,0x00,0x00,0xd0,0xf0,0x03,
    0x00,0xe2,0x0f,0x00,0x19,0x7c,0x0a,0x0a,0x05,0x00,0x00,0x00,
    0xff,0x06,0x00,0x08,0x00,0xe2,0x0f,0x00,0x45,0x79,0x00,0x00,
    0x70,0x02,0x00,0x00,0x00,0x02,0x80,0x03,0x00,0xe2,0x0f,0x00,
    0x02,0x72,0x18,0x00,0xff,0x00,0x00,0x00,0x00,0x0f,0x00,0x00,
    0x00,0xe4,0x0f,0x00,0x12,0x72,0x17,0x0a,0x17,0x00,0x00,0x00,
    0xff,0xfc,0x8e,0x07,0x00,0xd0,0x0f,0x00,0x47,0x89,0x88,0x00,
    0x00,0x00,0x00,0x00,0x00,0x00,0x80,0x03,0x00,0xea,0x0f,0x00,
    0x0b,0x78,0x00,0x0b,0x00,0x00,0x80,0x3e,0x00,0xe2,0xf0,0x03,
    0x00,0xe2,0x0f,0x00,0x19,0x78,0x0a,0xff,0x1c,0x00,0x00,0x00,
    0x0b,0x16,0x01,0x00,0x00,0xd8,0x0f,0x00,0x47,0x89,0x78,0x00,
    0x00,0x00,0x00,0x00,0x00,0x00,0x80,0x03,0x00,0xea,0x0f,0x00,
    0x0b,0x78,0x00,0x0b,0x00,0x00,0x40,0x3f,0x00,0xe2,0xf0,0x03,
    0x00,0xda,0x0f,0x00,0x47,0x89,0x64,0x00,0x00,0x00,0x00,0x00,
    0x00,0x00,0x80,0x03,0x00,0xea,0x0f,0x00,0x0b,0x78,0x00,0x0b,
    0x00,0x00,0xa0,0x3f,0x00,0xe2,0xf0,0x03,0x00,0xda,0x0f,0x00,
    0x47,0x89,0x50,0x00,0x00,0x00,0x00,0x00,0x00,0x00,0x80,0x03,
    0x00,0xea,0x0f,0x00,0x0b,0x78,0x00,0x0b,0x00,0x00,0xe0,0x3f,
    0x00,0xe2,0xf0,0x03,0x00,0xda,0x0f,0x00,0x47,0x89,0x3c,0x00,
    0x00,0x00,0x00,0x00,0x00,0x00,0x80,0x03,0x00,0xea,0x0f,0x00,
    0x0b,0x78,0x00,0x0b,0x00,0x00,0x20,0x40,0x00,0xe2,0xf0,0x03,
    0x00,0xda,0x0f,0x00,0x47,0x89,0x28,0x00,0x00,0x00,0x00,0x00,
    0x00,0x00,0x80,0x03,0x00,0xea,0x0f,0x00,0x0b,0x78,0x00,0x0b,
    0x00,0x00,0x60,0x40,0x00,0xe2,0xf0,0x03,0x00,0xda,0x0f,0x00,
    0x47,0x89,0x14,0x00,0x00,0x00,0x00,0x00,0x00,0x00,0x80,0x03,
    0x00,0xea,0x0f,0x00,0x0b,0x78,0x00,0x0b,0x00,0x00,0xa0,0x40,
    0x00,0xe2,0xf0,0x03,0x00,0xe2,0x0f,0x00,0x02,0x78,0x0b,0x00,
    0x08,0x00,0x00,0x00,0x00,0x0f,0x00,0x00,0x00,0xd8,0x0f,0x00,
    0x12,0x08,0x18,0x0a,0x07,0x00,0x00,0x00,0xff,0xfc,0x8e,0x07,
    0x00,0xe4,0x0f,0x04,0x12,0x88,0x18,0x0a,0x06,0x00,0x00,0x00,
    0x0b,0xec,0x8e,0x07,0x00,0xe2,0x0f,0x00,0x47,0x79,0x40,0x00,
    0x00,0x00,0x00,0x00,0x00,0x00,0x80,0x03,0x00,0xec,0x0f,0x00,
    0x02,0x78,0x0b,0x00,0x08,0x00,0x00,0x00,0x00,0x0f,0x00,0x00,
    0x00,0xca,0x0f,0x00,0x12,0x78,0x18,0x0a,0x05,0x00,0x00,0x00,
    0x0b,0xec,0x8e,0x07,0x00,0xe2,0x0f,0x00,0x47,0x79,0x34,0x00,
    0x00,0x00,0x00,0x00,0x00,0x00,0x80,0x03,0x00,0xec,0x0f,0x00,
    0x02,0x78,0x0b,0x00,0x08,0x00,0x00,0x00,0x00,0x0f,0x00,0x00,
    0x00,0xca,0x0f,0x00,0x12,0x78,0x18,0x0a,0x04,0x00,0x00,0x00,
    0x0b,0xec,0x8e,0x07,0x00,0xe2,0x0f,0x00,0x47,0x79,0x28,0x00,
    0x00,0x00,0x00,0x00,0x00,0x00,0x80,0x03,0x00,0xec,0x0f,0x00,
    0x02,0x78,0x0b,0x00,0x08,0x00,0x00,0x00,0x00,0x0f,0x00,0x00,
    0x00,0xca,0x0f,0x00,0x12,0x78,0x18,0x0a,0x03,0x00,0x00,0x00,
    0x0b,0xec,0x8e,0x07,0x00,0xe2,0x0f,0x00,0x47,0x79,0x1c,0x00,
    0x00,0x00,0x00,0x00,0x00,0x00,0x80,0x03,0x00,0xec,0x0f,0x00,
    0x02,0x78,0x0b,0x00,0x08,0x00,0x00,0x00,0x00,0x0f,0x00,0x00,
    0x00,0xca,0x0f,0x00,0x12,0x78,0x18,0x0a,0x02,0x00,0x00,0x00,
    0x0b,0xec,0x8e,0x07,0x00,0xe2,0x0f,0x00,0x47,0x79,0x10,0x00,
    0x00,0x00,0x00,0x00,0x00,0x00,0x80,0x03,0x00,0xec,0x0f,0x00,
    0x02,0x78,0x0b,0x00,0x08,0x00,0x00,0x00,0x00,0x0f,0x00,0x00,
    0x00,0xca,0x0f,0x00,0x12,0x78,0x18,0x0a,0x01,0x00,0x00,0x00,
    0x0b,0xec,0x8e,0x07,0x00,0xe2,0x0f,0x00,0x47,0x79,0x04,0x00,
    0x00,0x00,0x00,0x00,0x00,0x00,0x80,0x03,0x00,0xec,0x0f,0x00,
    0x12,0x78,0x18,0x0a,0x08,0x00,0x00,0x00,0xff,0xc0,0x8e,0x07,
    0x00,0xce,0x0f,0x00,0x18,0x79,0x00,0x00,0x00,0x00,0x00,0x00,
    0x00,0x00,0x00,0x00,0x00,0xe2,0x0f,0x00,0x41,0x79,0x00,0x00,
    0x00,0x00,0x00,0x00,0x00,0x02,0x80,0x03,0x00,0xea,0x0f,0x00,
    0x0b,0x72,0x00,0x19,0xff,0x00,0x00,0x00,0x00,0xd0,0xf0,0x03,
    0x00,0xe2,0x0f,0x00,0x90,0x78,0x05,0x05,0x04,0x00,0x00,0x00,
    0xff,0xe0,0xff,0x0f,0x00,0xe2,0x0f,0x00,0x45,0x79,0x00,0x00,
    0x80,0x02,0x00,0x00,0x00,0x02,0x80,0x03,0x00,0xe2,0x0f,0x00,
    0x02,0x72,0x0a,0x00,0xff,0x00,0x00,0x00,0x00,0x0f,0x00,0x00,
    0x00,0xc8,0x0f,0x00,0x19,0x7c,0x0b,0x18,0x05,0x00,0x00,0x00,
    0xff,0x06,0x00,0x08,0x00,0xc8,0x0f,0x00,0x12,0x72,0x16,0x0b,
    0x16,0x00,0x00,0x00,0xff,0xfc,0x8e,0x07,0x00,0xe4,0x0f,0x00,
    0x47,0x89,0x88,0x00,0x00,0x00,0x00,0x00,0x00,0x00,0x80,0x03,
    0x00,0xea,0x0f,0x00,0x0b,0x78,0x00,0x19,0x00,0x00,0x80,0x3e,
    0x00,0xe2,0xf0,0x03,0x00,0xe2,0x0f,0x00,0x19,0x78,0x0b,0xff,
    0x1c,0x00,0x00,0x00,0x19,0x16,0x01,0x00,0x00,0xd8,0x0f,0x00,
    0x47,0x89,0x78,0x00,0x00,0x00,0x00,0x00,0x00,0x00,0x80,0x03,
    0x00,0xea,0x0f,0x00,0x0b,0x78,0x00,0x19,0x00,0x00,0x40,0x3f,
    0x00,0xe2,0xf0,0x03,0x00,0xda,0x0f,0x00,0x47,0x89,0x64,0x00,
    0x00,0x00,0x00,0x00,0x00,0x00,0x80,0x03,0x00,0xea,0x0f,0x00,
    0x0b,0x78,0x00,0x19,0x00,0x00,0xa0,0x3f,0x00,0xe2,0xf0,0x03,
    0x00,0xda,0x0f,0x00,0x47,0x89,0x50,0x00,0x00,0x00,0x00,0x00,
    0x00,0x00,0x80,0x03,0x00,0xea,0x0f,0x00,0x0b,0x78,0x00,0x19,
    0x00,0x00,0xe0,0x3f,0x00,0xe2,0xf0,0x03,0x00,0xda,0x0f,0x00,
    0x47,0x89,0x3c,0x00,0x00,0x00,0x00,0x00,0x00,0x00,0x80,0x03,
    0x00,0xea,0x0f,0x00,0x0b,0x78,0x00,0x19,0x00,0x00,0x20,0x40,
    0x00,0xe2,0xf0,0x03,0x00,0xda,0x0f,0x00,0x47,0x89,0x28,0x00,
    0x00,0x00,0x00,0x00,0x00,0x00,0x80,0x03,0x00,0xea,0x0f,0x00,
    0x0b,0x78,0x00,0x19,0x00,0x00,0x60,0x40,0x00,0xe2,0xf0,0x03,
    0x00,0xda,0x0f,0x00,0x47,0x89,0x14,0x00,0x00,0x00,0x00,0x00,
    0x00,0x00,0x80,0x03,0x00,0xea,0x0f,0x00,0x0b,0x78,0x00,0x19,
    0x00,0x00,0xa0,0x40,0x00,0xe2,0xf0,0x03,0x00,0xe2,0x0f,0x00,
    0x02,0x78,0x18,0x00,0x08,0x00,0x00,0x00,0x00,0x0f,0x00,0x00,
    0x00,0xd8,0x0f,0x00,0x12,0x08,0x0a,0x0b,0x07,0x00,0x00,0x00,
    0xff,0xfc,0x8e,0x07,0x00,0xe4,0x0f,0x04,0x12,0x88,0x0a,0x0b,
    0x06,0x00,0x00,0x00,0x18,0xec,0x8e,0x07,0x00,0xe2,0x0f,0x00,
    0x47,0x79,0x40,0x00,0x00,0x00,0x00,0x00,0x00,0x00,0x80,0x03,
    0x00,0xec,0x0f,0x00,0x02,0x78,0x0a,0x00,0x08,0x00,0x00,0x00,
    0x00,0x0f,0x00,0x00,0x00,0xca,0x0f,0x00,0x12,0x78,0x0a,0x0b,
    0x05,0x00,0x00,0x00,0x0a,0xec,0x8e,0x07,0x00,0xe2,0x0f,0x00,
    0x47,0x79,0x34,0x00,0x00,0x00,0x00,0x00,0x00,0x00,0x80,0x03,
    0x00,0xec,0x0f,0x00,0x02,0x78,0x0a,0x00,0x08,0x00,0x00,0x00,
    0x00,0x0f,0x00,0x00,0x00,0xca,0x0f,0x00,0x12,0x78,0x0a,0x0b,
    0x04,0x00,0x00,0x00,0x0a,0xec,0x8e,0x07,0x00,0xe2,0x0f,0x00,
    0x47,0x79,0x28,0x00,0x00,0x00,0x00,0x00,0x00,0x00,0x80,0x03,
    0x00,0xec,0x0f,0x00,0x02,0x78,0x0a,0x00,0x08,0x00,0x00,0x00,
    0x00,0x0f,0x00,0x00,0x00,0xca,0x0f,0x00,0x12,0x78,0x0a,0x0b,
    0x03,0x00,0x00,0x00,0x0a,0xec,0x8e,0x07,0x00,0xe2,0x0f,0x00,
    0x47,0x79,0x1c,0x00,0x00,0x00,0x00,0x00,0x00,0x00,0x80,0x03,
    0x00,0xec,0x0f,0x00,0x02,0x78,0x0a,0x00,0x08,0x00,0x00,0x00,
    0x00,0x0f,0x00,0x00,0x00,0xca,0x0f,0x00,0x12,0x78,0x0a,0x0b,
    0x02,0x00,0x00,0x00,0x0a,0xec,0x8e,0x07,0x00,0xe2,0x0f,0x00,
    0x47,0x79,0x10,0x00,0x00,0x00,0x00,0x00,0x00,0x00,0x80,0x03,
    0x00,0xec,0x0f,0x00,0x02,0x78,0x0a,0x00,0x08,0x00,0x00,0x00,
    0x00,0x0f,0x00,0x00,0x00,0xca,0x0f,0x00,0x12,0x78,0x0a,0x0b,
    0x01,0x00,0x00,0x00,0x0a,0xec,0x8e,0x07,0x00,0xe2,0x0f,0x00,
    0x47,0x79,0x04,0x00,0x00,0x00,0x00,0x00,0x00,0x00,0x80,0x03,
    0x00,0xec,0x0f,0x00,0x12,0x78,0x0a,0x0b,0x08,0x00,0x00,0x00,
    0xff,0xc0,0x8e,0x07,0x00,0xce,0x0f,0x00,0x18,0x79,0x00,0x00,
    0x00,0x00,0x00,0x00,0x00,0x00,0x00,0x00,0x00,0xe2,0x0f,0x00,
    0x41,0x79,0x00,0x00,0x00,0x00,0x00,0x00,0x00,0x02,0x80,0x03,
    0x00,0xea,0x0f,0x00,0x90,0x78,0x04,0x04,0x02,0x00,0x00,0x00,
    0xff,0xe0,0xff,0x0f,0x00,0xe2,0x0f,0x00,0x19,0x7c,0x0a,0x0a,
    0x05,0x00,0x00,0x00,0xff,0x06,0x00,0x08,0x00,0xc6,0x0f,0x00,
    0x8c,0x78,0x00,0x04,0x08,0x00,0x00,0x00,0x70,0x50,0xf0,0x0b,
    0x00,0xe2,0x0f,0x00,0x12,0x72,0x17,0x0a,0x17,0x00,0x00,0x00,
    0xff,0xfc,0x8e,0x07,0x00,0xd0,0x0f,0x00,0x47,0x75,0x6c,0x00,
    0xf5,0xff,0xff,0xff,0xff,0xff,0x83,0x0b,0x00,0xea,0x0f,0x00,
    0x19,0x79,0x0b,0x00,0x00,0x00,0x00,0x00,0x00,0x88,0x00,0x00,
    0x00,0x22,0x0e,0x00,0x02,0x78,0x0a,0x00,0x00,0x04,0x00,0x00,
    0x00,0x0f,0x00,0x00,0x00,0xe2,0x0f,0x00,0x02,0x78,0x19,0x00,
    0x38,0x38,0x38,0x38,0x00,0x0f,0x00,0x00,0x00,0xc8,0x0f,0x00,
    0x11,0x72,0x0b,0x0b,0x0a,0x00,0x00,0x00,0xff,0xc0,0x8e,0x07,
    0x00,0xe2,0x1f,0x00,0x02,0x72,0x0a,0x00,0x08,0x00,0x00,0x00,
    0x00,0x0f,0x00,0x00,0x00,0xc8,0x0f,0x00,0x24,0x78,0x18,0x1e,
    0x04,0x00,0x00,0x00,0x0b,0x02,0x8e,0x07,0x00,0xe2,0x0f,0x04,
    0x02,0x72,0x0b,0x00,0x09,0x00,0x00,0x00,0x00,0x0f,0x00,0x00,
    0x00,0xe2,0x0f,0x00,0x35,0x78,0x1e,0x1e,0x01,0x00,0x00,0x00,
    0x00,0x00,0x8e,0x07,0x00,0xc8,0x0f,0x00,0x84,0x79,0x18,0x18,
    0x00,0x00,0x00,0x00,0x00,0x08,0x00,0x00,0x00,0x22,0x0e,0x00,
    0x0c,0x78,0x00,0x1e,0x04,0x00,0x00,0x00,0x70,0x50,0xf0,0x03,
    0x00,0xe2,0x0f,0x00,0x7f,0x74,0x08,0x08,0x16,0x18,0x90,0x71,
    0xff,0x3e,0x04,0x00,0x00,0xf6,0x1f,0x00,0x90,0xf2,0xff,0xff,
    0xff,0x00,0x00,0x00,0xff,0xe0,0xff,0x0f,0x00,0xf6,0x0f,0x00,
    0x90,0xf2,0xff,0xff,0xff,0x00,0x00,0x00,0xff,0xe0,0xff,0x0f,
    0x00,0xec,0x0f,0x00,0x21,0x72,0x03,0x08,0x03,0x00,0x00,0x00,
    0x00,0x00,0x00,0x00,0x00,0xe2,0x0f,0x00,0x47,0x09,0xc4,0x00,
    0xec,0xff,0xff,0xff,0xff,0xff,0x83,0x03,0x00,0xec,0x0f,0x00,
    0xac,0x77,0x04,0xff,0x00,0x74,0x00,0x00,0x00,0x08,0x00,0x08,
    0x00,0x22,0x0e,0x00,0x35,0x78,0x02,0x02,0x01,0x00,0x00,0x00,
    0x00,0x00,0x8e,0x07,0x00,0xe2,0x0f,0x00,0x1d,0x7b,0x00,0x00,
    0x00,0x00,0x00,0x00,0x00,0x00,0x01,0x00,0x00,0xe2,0x0f,0x00,
    0x0b,0x72,0x00,0x1c,0xff,0x00,0x00,0x00,0x00,0xd0,0xf0,0x03,
    0x00,0xe2,0x0f,0x04,0x0b,0x78,0x00,0x1c,0x00,0x00,0x80,0x3f,
    0x00,0xd0,0xf2,0x03,0x00,0xe2,0x0f,0x00,0x20,0x72,0x1c,0x03,
    0x1c,0x00,0x00,0x00,0x00,0x00,0x40,0x00,0x00,0xd6,0x0f,0x00,
    0x08,0x02,0x03,0x1c,0x03,0x00,0x00,0x00,0x00,0x00,0x80,0x00,
    0x00,0xe2,0x0f,0x00,0x0c,0x7c,0x00,0x02,0x04,0x00,0x00,0x00,
    0x70,0x50,0xf4,0x0b,0x00,0xda,0x1f,0x00,0x47,0x29,0xf4,0x00,
    0xdc,0xff,0xff,0xff,0xff,0xff,0x83,0x03,0x00,0xea,0x0f,0x00,
    0x0c,0x72,0x00,0x14,0xff,0x00,0x00,0x00,0x70,0x50,0xf0,0x03,
    0x00,0xda,0x2f,0x00,0x4d,0x09,0x00,0x00,0x00,0x00,0x00,0x00,
    0x00,0x00,0x80,0x03,0x00,0xea,0x4f,0x00,0x82,0x7b,0x04,0xff,
    0x00,0xe4,0x00,0x00,0x00,0x0a,0x00,0x00,0x00,0x24,0x0e,0x00,
    0x25,0x78,0x04,0x00,0x04,0x00,0x00,0x00,0x04,0x00,0x8e,0x07,
    0x00,0xca,0x1f,0x00,0x86,0x79,0x00,0x04,0x03,0x00,0x00,0x00,
    0x08,0x19,0x10,0x0c,0x00,0xe2,0x0f,0x00,0x4d,0x79,0x00,0x00,
    0x00,0x00,0x00,0x00,0x00,0x00,0x80,0x03,0x00,0xea,0x0f,0x00,
    0x47,0x79,0xfc,0x00,0xfc,0xff,0xff,0xff,0xff,0xff,0x83,0x03,
    0x00,0xc0,0x0f,0x00,0x18,0x79,0x00,0x00,0x00,0x00,0x00,0x00,
    0x00,0x00,0x00,0x00,0x00,0xc0,0x0f,0x00,0x18,0x79,0x00,0x00,
    0x00,0x00,0x00,0x00,0x00,0x00,0x00,0x00,0x00,0xc0,0x0f,0x00,
    0x18,0x79,0x00,0x00,0x00,0x00,0x00,0x00,0x00,0x00,0x00,0x00,
    0x00,0xc0,0x0f,0x00,0x18,0x79,0x00,0x00,0x00,0x00,0x00,0x00,
    0x00,0x00,0x00,0x00,0x00,0xc0,0x0f,0x00,0x18,0x79,0x00,0x00,
    0x00,0x00,0x00,0x00,0x00,0x00,0x00,0x00,0x00,0xc0,0x0f,0x00,
    0x18,0x79,0x00,0x00,0x00,0x00,0x00,0x00,0x00,0x00,0x00,0x00,
    0x00,0xc0,0x0f,0x00,0x18,0x79,0x00,0x00,0x00,0x00,0x00,0x00,
    0x00,0x00,0x00,0x00,0x00,0xc0,0x0f,0x00,0x18,0x79,0x00,0x00,
    0x00,0x00,0x00,0x00,0x00,0x00,0x00,0x00,0x00,0xc0,0x0f,0x00,
    0x18,0x79,0x00,0x00,0x00,0x00,0x00,0x00,0x00,0x00,0x00,0x00,
    0x00,0xc0,0x0f,0x00,0x18,0x79,0x00,0x00,0x00,0x00,0x00,0x00,
    0x00,0x00,0x00,0x00,0x00,0xc0,0x0f,0x00,0x18,0x79,0x00,0x00,
    0x00,0x00,0x00,0x00,0x00,0x00,0x00,0x00,0x00,0xc0,0x0f,0x00,
    0x18,0x79,0x00,0x00,0x00,0x00,0x00,0x00,0x00,0x00,0x00,0x00,
    0x00,0xc0,0x0f,0x00,0x18,0x79,0x00,0x00,0x00,0x00,0x00,0x00,
    0x00,0x00,0x00,0x00,0x00,0xc0,0x0f,0x00,0x82,0x7b,0x01,0xff,
    0x00,0xdf,0x00,0x00,0x00,0x08,0x00,0x00,0x00,0x22,0x0e,0x00,
    0x19,0x79,0x05,0x00,0x00,0x00,0x00,0x00,0x00,0x25,0x00,0x00,
    0x00,0x62,0x0e,0x00,0xac,0x77,0x04,0xff,0x00,0x71,0x00,0x00,
    0x00,0x08,0x00,0x08,0x00,0x62,0x0e,0x00,0x35,0x78,0x01,0x01,
    0xf8,0xff,0xff,0xff,0x00,0x00,0x8e,0x07,0x00,0xe2,0x1f,0x00,
    0x0c,0x7c,0x00,0x05,0x04,0x00,0x00,0x00,0x70,0x62,0xf0,0x0b,
    0x00,0xda,0x2f,0x00,0x4d,0x09,0x00,0x00,0x00,0x00,0x00,0x00,
    0x00,0x00,0x80,0x03,0x00,0xea,0x0f,0x00,0x87,0x73,0x00,0x01,
    0xff,0x00,0x00,0x00,0x00,0x08,0x10,0x00,0x00,0xe8,0x0f,0x00,
    0x83,0x79,0x03,0x01,0x00,0x00,0x00,0x00,0x00,0x08,0x10,0x00,
    0x00,0xa2,0x0e,0x00,0x19,0x79,0x07,0x00,0x00,0x00,0x00,0x00,
    0x00,0x21,0x00,0x00,0x00,0x24,0x0e,0x00,0x45,0x72,0x00,0x00,
    0x07,0x00,0x00,0x00,0x00,0x10,0x20,0x00,0x00,0xca,0x1f,0x00,
    0x23,0x78,0x02,0x00,0x17,0xb7,0xd1,0x38,0x03,0x00,0x00,0x00,
    0x00,0xca,0x4f,0x00,0x87,0x73,0x00,0x01,0x02,0x00,0x00,0x00,
    0x00,0x08,0x10,0x00,0x00,0xe8,0x01,0x00,0x83,0x79,0x03,0x01,
    0x00,0x00,0x00,0x00,0x00,0x08,0x10,0x00,0x00,0xa4,0x0e,0x00,
    0x23,0x78,0x04,0x00,0x17,0xb7,0xd1,0x38,0x03,0x00,0x00,0x00,
    0x00,0xca,0x4f,0x00,0x87,0x73,0x00,0x01,0x04,0x00,0x00,0x00,
    0x00,0x08,0x10,0x00,0x00,0xe8,0x03,0x00,0x83,0x79,0x03,0x01,
    0x00,0x00,0x00,0x00,0x00,0x08,0x10,0x00,0x00,0xa4,0x0e,0x00,
    0x23,0x78,0x06,0x00,0x17,0xb7,0xd1,0x38,0x03,0x00,0x00,0x00,
    0x00,0xca,0x4f,0x00,0x87,0x73,0x00,0x01,0x06,0x00,0x00,0x00,
    0x00,0x08,0x10,0x00,0x00,0xe8,0x05,0x00,0x83,0x79,0x03,0x01,
    0x00,0x00,0x00,0x00,0x00,0x08,0x10,0x00,0x00,0xe4,0x0e,0x00,
    0x23,0x78,0x08,0x00,0x17,0xb7,0xd1,0x38,0x03,0x00,0x00,0x00,
    0x00,0xca,0x8f,0x00,0x87,0x73,0x00,0x01,0x08,0x00,0x00,0x00,
    0x00,0x08,0x10,0x00,0x00,0xe8,0x07,0x00,0x83,0x79,0x03,0x01,
    0x00,0x00,0x00,0x00,0x00,0x08,0x10,0x00,0x00,0x24,0x0e,0x00,
    0x23,0x78,0x02,0x00,0x17,0xb7,0xd1,0x38,0x03,0x00,0x00,0x00,
    0x00,0xca,0x1f,0x00,0x87,0x73,0x00,0x01,0x02,0x00,0x00,0x00,
    0x00,0x08,0x10,0x00,0x00,0xe8,0x01,0x00,0x83,0x79,0x03,0x01,
    0x00,0x00,0x00,0x00,0x00,0x08,0x10,0x00,0x00,0x64,0x0e,0x00,
    0x23,0x78,0x04,0x00,0x17,0xb7,0xd1,0x38,0x03,0x00,0x00,0x00,
    0x00,0xca,0x2f,0x00,0x87,0x73,0x00,0x01,0x04,0x00,0x00,0x00,
    0x00,0x08,0x10,0x00,0x00,0xe8,0x03,0x00,0x83,0x79,0x03,0x01,
    0x00,0x00,0x00,0x00,0x00,0x08,0x10,0x00,0x00,0xa4,0x0e,0x00,
    0x23,0x78,0x06,0x00,0x17,0xb7,0xd1,0x38,0x03,0x00,0x00,0x00,
    0x00,0xca,0x4f,0x00,0x87,0x73,0x00,0x01,0x06,0x00,0x00,0x00,
    0x00,0x08,0x10,0x00,0x00,0xe8,0x05,0x00,0x83,0x79,0x03,0x01,
    0x00,0x00,0x00,0x00,0x00,0x08,0x10,0x00,0x00,0xe4,0x0e,0x00,
    0x23,0x78,0x08,0x00,0x17,0xb7,0xd1,0x38,0x03,0x00,0x00,0x00,
    0x00,0xca,0x8f,0x00,0x87,0x73,0x00,0x01,0x08,0x00,0x00,0x00,
    0x00,0x08,0x10,0x00,0x00,0xe8,0x07,0x00,0x83,0x79,0x03,0x01,
    0x00,0x00,0x00,0x00,0x00,0x08,0x10,0x00,0x00,0x24,0x0e,0x00,
    0x23,0x78,0x02,0x00,0x17,0xb7,0xd1,0x38,0x03,0x00,0x00,0x00,
    0x00,0xca,0x1f,0x00,0x87,0x73,0x00,0x01,0x02,0x00,0x00,0x00,
    0x00,0x08,0x10,0x00,0x00,0xe8,0x01,0x00,0x83,0x79,0x03,0x01,
    0x00,0x00,0x00,0x00,0x00,0x08,0x10,0x00,0x00,0x64,0x0e,0x00,
    0x23,0x78,0x04,0x00,0x17,0xb7,0xd1,0x38,0x03,0x00,0x00,0x00,
    0x00,0xca,0x2f,0x00,0x87,0x73,0x00,0x01,0x04,0x00,0x00,0x00,
    0x00,0x08,0x10,0x00,0x00,0xe8,0x03,0x00,0x83,0x79,0x03,0x01,
    0x00,0x00,0x00,0x00,0x00,0x08,0x10,0x00,0x00,0xa4,0x0e,0x00,
    0x23,0x78,0x06,0x00,0x17,0xb7,0xd1,0x38,0x03,0x00,0x00,0x00,
    0x00,0xca,0x4f,0x00,0x87,0x73,0x00,0x01,0x06,0x00,0x00,0x00,
    0x00,0x08,0x10,0x00,0x00,0xe8,0x05,0x00,0x83,0x79,0x03,0x01,
    0x00,0x00,0x00,0x00,0x00,0x08,0x10,0x00,0x00,0xe4,0x0e,0x00,
    0x23,0x78,0x08,0x00,0x17,0xb7,0xd1,0x38,0x03,0x00,0x00,0x00,
    0x00,0xca,0x8f,0x00,0x87,0x73,0x00,0x01,0x08,0x00,0x00,0x00,
    0x00,0x08,0x10,0x00,0x00,0xe8,0x07,0x00,0x83,0x79,0x03,0x01,
    0x00,0x00,0x00,0x00,0x00,0x08,0x10,0x00,0x00,0x24,0x0e,0x00,
    0x23,0x78,0x02,0x00,0x17,0xb7,0xd1,0x38,0x03,0x00,0x00,0x00,
    0x00,0xca,0x1f,0x00,0x87,0x73,0x00,0x01,0x02,0x00,0x00,0x00,
    0x00,0x08,0x10,0x00,0x00,0xe8,0x01,0x00,0x83,0x79,0x03,0x01,
    0x00,0x00,0x00,0x00,0x00,0x08,0x10,0x00,0x00,0x64,0x0e,0x00,
    0x23,0x78,0x04,0x00,0x17,0xb7,0xd1,0x38,0x03,0x00,0x00,0x00,
    0x00,0xca,0x2f,0x00,0x87,0x73,0x00,0x01,0x04,0x00,0x00,0x00,
    0x00,0x08,0x10,0x00,0x00,0xe8,0x03,0x00,0x83,0x79,0x03,0x01,
    0x00,0x00,0x00,0x00,0x00,0x08,0x10,0x00,0x00,0xa4,0x0e,0x00,
    0x23,0x78,0x06,0x00,0x17,0xb7,0xd1,0x38,0x03,0x00,0x00,0x00,
    0x00,0xca,0x4f,0x00,0x87,0x73,0x00,0x01,0x06,0x00,0x00,0x00,
    0x00,0x08,0x10,0x00,0x00,0xe8,0x03,0x00,0x83,0x79,0x03,0x01,
    0x00,0x00,0x00,0x00,0x00,0x08,0x10,0x00,0x00,0xa2,0x0e,0x00,
    0x0c,0x72,0x00,0x07,0xff,0x00,0x00,0x00,0x70,0x50,0xf0,0x03,
    0x00,0xe2,0x0f,0x00,0x23,0x78,0x00,0x00,0x17,0xb7,0xd1,0x38,
    0x03,0x00,0x00,0x00,0x00,0xca,0x4f,0x00,0x87,0x73,0x00,0x01,
    0x00,0x00,0x00,0x00,0x00,0x08,0x10,0x00,0x00,0xe8,0x03,0x00,
    0x83,0x79,0x08,0x01,0x00,0x00,0x00,0x00,0x00,0x08,0x10,0x00,
    0x00,0xa2,0x8e,0x00,0x02,0x78,0x10,0x00,0x38,0x38,0x38,0x38,
    0x00,0x0f,0x00,0x00,0x00,0xe2,0x0f,0x00,0x02,0x78,0x02,0x00,
    0x22,0x22,0x22,0x22,0x00,0x0f,0x00,0x00,0x00,0xe2,0x1f,0x00,
    0x02,0x78,0x03,0x00,0x22,0x22,0x22,0x22,0x00,0x0f,0x00,0x00,
    0x00,0xe2,0x0f,0x00,0x02,0x78,0x0c,0x00,0x22,0x22,0x22,0x22,
    0x00,0x0f,0x00,0x00,0x00,0xe2,0x0f,0x00,0x02,0x78,0x0d,0x00,
    0x22,0x22,0x22,0x22,0x00,0x0f,0x00,0x00,0x00,0xe2,0x0f,0x00,
    0x02,0x78,0x0e,0x00,0x22,0x22,0x22,0x22,0x00,0x0f,0x00,0x00,
    0x00,0xe2,0x0f,0x00,0x02,0x78,0x0f,0x00,0x22,0x22,0x22,0x22,
    0x00,0x0f,0x00,0x00,0x00,0xe2,0x0f,0x00,0x02,0x72,0x09,0x00,
    0xff,0x00,0x00,0x00,0x00,0x0f,0x00,0x00,0x00,0xe2,0x0f,0x00,
    0x05,0x78,0x0a,0x00,0x00,0x00,0x00,0x00,0x00,0xff,0x01,0x00,
    0x00,0xce,0x0f,0x00,0x7f,0x74,0x08,0x0c,0x02,0x10,0x00,0x71,
    0x08,0x3e,0x04,0x00,0x00,0xe2,0x4f,0x00,0x90,0xf2,0xff,0xff,
    0xff,0x00,0x00,0x00,0xff,0xe0,0xff,0x0f,0x00,0xf6,0x0f,0x00,
    0x90,0xf2,0xff,0xff,0xff,0x00,0x00,0x00,0xff,0xe0,0xff,0x0f,
    0x00,0xec,0x0f,0x00,0x4d,0x09,0x00,0x00,0x00,0x00,0x00,0x00,
    0x00,0x00,0x80,0x03,0x00,0xf6,0x0f,0x00,0x82,0x7b,0x02,0xff,
    0x00,0xe0,0x00,0x00,0x00,0x0a,0x00,0x00,0x00,0x22,0x0e,0x00,
    0xac,0x77,0x04,0xff,0x00,0x6b,0x00,0x00,0x00,0x0a,0x00,0x08,
    0x00,0xa2,0x0e,0x00,0x25,0x78,0x02,0x05,0x04,0x00,0x00,0x00,
    0x02,0x00,0x8e,0x07,0x00,0xca,0x1f,0x00,0x86,0x79,0x00,0x02,
    0x08,0x00,0x00,0x00,0x04,0x19,0x10,0x0c,0x00,0xe2,0x4f,0x00,
    0x4d,0x79,0x00,0x00,0x00,0x00,0x00,0x00,0x00,0x00,0x80,0x03,
    0x00,0xea,0x0f,0x00,0x47,0x79,0xfc,0x00,0xfc,0xff,0xff,0xff,
    0xff,0xff,0x83,0x03,0x00,0xc0,0x0f,0x00,0x18,0x79,0x00,0x00,
    0x00,0x00,0x00,0x00,0x00,0x00,0x00,0x00,0x00,0xc0,0x0f,0x00,
    0x18,0x79,0x00,0x00,0x00,0x00,0x00,0x00,0x00,0x00,0x00,0x00,
    0x00,0xc0,0x0f,0x00,0x18,0x79,0x00,0x00,0x00,0x00,0x00,0x00,
    0x00,0x00,0x00,0x00,0x00,0xc0,0x0f,0x00,0x18,0x79,0x00,0x00,
    0x00,0x00,0x00,0x00,0x00,0x00,0x00,0x00,0x00,0xc0,0x0f,0x00,
    0x18,0x79,0x00,0x00,0x00,0x00,0x00,0x00,0x00,0x00,0x00,0x00,
    0x00,0xc0,0x0f,0x00,0x18,0x79,0x00,0x00,0x00,0x00,0x00,0x00,
    0x00,0x00,0x00,0x00,0x00,0xc0,0x0f,0x00,0x18,0x79,0x00,0x00,
    0x00,0x00,0x00,0x00,0x00,0x00,0x00,0x00,0x00,0xc0,0x0f,0x00,
    0x18,0x79,0x00,0x00,0x00,0x00,0x00,0x00,0x00,0x00,0x00,0x00,
    0x00,0xc0,0x0f,0x00,0x18,0x79,0x00,0x00,0x00,0x00,0x00,0x00,
    0x00,0x00,0x00,0x00,0x00,0xc0,0x0f,0x00,0x18,0x79,0x00,0x00,
    0x00,0x00,0x00,0x00,0x00,0x00,0x00,0x00,0x00,0xc0,0x0f,0x00,
    0x82,0x7b,0x01,0xff,0x00,0xdf,0x00,0x00,0x00,0x08,0x00,0x00,
    0x00,0xe2,0x0f,0x00,0x19,0x79,0x00,0x00,0x00,0x00,0x00,0x00,
    0x00,0x25,0x00,0x00,0x00,0x22,0x0e,0x00,0xac,0x77,0x04,0xff,
    0x00,0x73,0x00,0x00,0x00,0x08,0x00,0x08,0x00,0x24,0x0e,0x00,
    0x0c,0x7c,0x00,0x00,0x04,0x00,0x00,0x00,0x70,0x62,0xf0,0x0b,
    0x00,0xda,0x1f,0x00,0x4d,0x09,0x00,0x00,0x00,0x00,0x00,0x00,
    0x00,0x00,0x80,0x03,0x00,0xea,0x0f,0x00,0xac,0x77,0x04,0xff,
    0x00,0x74,0x00,0x00,0x00,0x08,0x00,0x08,0x00,0x22,0x0e,0x00,
    0x19,0x79,0x02,0x00,0x00,0x00,0x00,0x00,0x00,0x21,0x00,0x00,
    0x00,0x62,0x0e,0x00,0x31,0x74,0x03,0xff,0x00,0x00,0x00,0x00,
    0xff,0x01,0x00,0x00,0x00,0xe2,0x0f,0x00,0xac,0x77,0x06,0xff,
    0x00,0x6b,0x00,0x00,0x00,0x0a,0x00,0x08,0x00,0xa2,0x0e,0x00,
    0x8c,0x78,0x00,0x04,0x01,0x00,0x00,0x00,0x70,0x62,0xf0,0x0b,
    0x00,0xd2,0x1f,0x00,0x47,0x75,0x58,0x08,0x31,0x00,0x00,0x00,
    0x00,0x00,0x80,0x0b,0x00,0xea,0x0f,0x00,0x82,0x7b,0x05,0xff,
    0x00,0xe8,0x00,0x00,0x00,0x08,0x00,0x00,0x00,0x22,0x0e,0x00,
    0x12,0x78,0x04,0x02,0xf8,0x03,0x00,0x00,0xff,0xc0,0x8e,0x07,
    0x00,0xe2,0x2f,0x04,0x24,0x78,0x06,0x02,0x10,0x00,0x00,0x00,
    0xff,0x00,0x8e,0x07,0x00,0xe2,0x0f,0x00,0x02,0x72,0x13,0x00,
    0xff,0x00,0x00,0x00,0x00,0x0f,0x00,0x00,0x00,0xe2,0x0f,0x00,
    0x02,0x72,0x19,0x00,0xff,0x00,0x00,0x00,0x00,0x0f,0x00,0x00,
    0x00,0xe2,0x0f,0x00,0x19,0x78,0x12,0xff,0x01,0x00,0x00,0x00,
    0x04,0x16,0x01,0x00,0x00,0xe2,0x0f,0x00,0xac,0x77,0x08,0xff,
    0x80,0x73,0x00,0x00,0x00,0x08,0x00,0x08,0x00,0x62,0x0e,0x00,
    0x35,0x78,0x18,0x04,0x21,0x00,0x00,0x00,0x00,0x00,0x8e,0x07,
    0x00,0xe2,0x0f,0x04,0x82,0x7b,0x14,0xff,0x00,0xe0,0x00,0x00,
    0x00,0x0a,0x00,0x00,0x00,0xe2,0x0e,0x00,0x35,0x78,0x08,0x04,
    0x23,0x00,0x00,0x00,0x00,0x00,0x8e,0x07,0x00,0xe2,0x0f,0x00,
    0x35,0x78,0x03,0x12,0x12,0x00,0x00,0x00,0x00,0x00,0x8e,0x07,
    0x00,0xe2,0x0f,0x00,0x35,0x78,0x0c,0x04,0x25,0x00,0x00,0x00,
    0x00,0x00,0x8e,0x07,0x00,0xe2,0x0f,0x04,0x35,0x78,0x10,0x04,
    0x27,0x00,0x00,0x00,0x00,0x00,0x8e,0x07,0x00,0xe2,0x0f,0x04,
    0x12,0x78,0x07,0x04,0x02,0x00,0x00,0x00,0xff,0xfc,0x8e,0x07,
    0x00,0xe2,0x0f,0x04,0x82,0x7c,0x04,0x00,0xff,0x00,0x00,0x00,
    0x00,0x00,0x00,0x08,0x00,0xe2,0x0f,0x00,0x12,0x78,0x0a,0x04,
    0x04,0x00,0x00,0x00,0xff,0xfc,0x8e,0x07,0x00,0xe2,0x0f,0x04,
    0x82,0x7b,0x16,0xff,0x00,0xe2,0x00,0x00,0x00,0x0a,0x00,0x00,
    0x00,0x22,0x0f,0x00,0x12,0x78,0x0e,0x04,0x06,0x00,0x00,0x00,
    0xff,0xfc,0x8e,0x07,0x00,0xe2,0x0f,0x00,0x0c,0x78,0x00,0x03,
    0x91,0x00,0x00,0x00,0x70,0x40,0xf0,0x03,0x00,0xe2,0x0f,0x00,
    0x12,0x78,0x04,0x06,0x30,0x00,0x00,0x00,0xff,0xc0,0x8e,0x07,
    0x00,0xe2,0x0f,0x00,0x02,0x72,0x03,0x00,0xff,0x00,0x00,0x00,
    0x00,0x0f,0x00,0x00,0x00,0xe2,0x0f,0x00,0x19,0x78,0x18,0xff,
    0x01,0x00,0x00,0x00,0x18,0x16,0x01,0x00,0x00,0xc4,0x0f,0x00,
    0x19,0x78,0x06,0xff,0x01,0x00,0x00,0x00,0x07,0x16,0x01,0x00,
    0x00,0xe4,0x0f,0x00,0x19,0x78,0x08,0xff,0x01,0x00,0x00,0x00,
    0x08,0x16,0x01,0x00,0x00,0xe4,0x0f,0x00,0x19,0x78,0x0a,0xff,
    0x01,0x00,0x00,0x00,0x0a,0x16,0x01,0x00,0x00,0xe4,0x0f,0x00,
    0x19,0x78,0x0c,0xff,0x01,0x00,0x00,0x00,0x0c,0x16,0x01,0x00,
    0x00,0xe4,0x0f,0x00,0x19,0x78,0x0e,0xff,0x01,0x00,0x00,0x00,
    0x0e,0x16,0x01,0x00,0x00,0xe4,0x0f,0x00,0x19,0x78,0x10,0xff,
    0x01,0x00,0x00,0x00,0x10,0x16,0x01,0x00,0x00,0xce,0x6f,0x00,
    0x82,0x7c,0x05,0x00,0xff,0x00,0x00,0x00,0x00,0x00,0x00,0x08,
    0x00,0xe4,0x0f,0x00,0x25,0x7e,0x1a,0x00,0x04,0x00,0x00,0x00,
    0x05,0x00,0x8e,0x0f,0x00,0xc8,0x1f,0x00,0x24,0x78,0x07,0x1b,
    0x92,0x00,0x00,0x00,0xff,0x02,0x8e,0x07,0x00,0xe4,0x0f,0x00,
    0x25,0x78,0x1c,0x1a,0x92,0x00,0x00,0x00,0x14,0x00,0x8e,0x07,
    0x00,0xca,0x8f,0x00,0x35,0x72,0x1d,0x1d,0x07,0x00,0x00,0x00,
    0x00,0x00,0x8e,0x07,0x00,0xe2,0x0f,0x00,0x35,0x78,0x07,0x12,
    0x22,0x00,0x00,0x00,0x00,0x00,0x8e,0x07,0x00,0xc8,0x0f,0x00,
    0x81,0x79,0x0f,0x1c,0x06,0x00,0x00,0x00,0x00,0x95,0x1e,0x0c,
    0x00,0xa2,0x0e,0x00,0x0c,0x78,0x00,0x07,0x91,0x00,0x00,0x00,
    0x70,0x40,0xfa,0x03,0x00,0xe2,0x0f,0x00,0x35,0x72,0x1a,0x12,
    0x1c,0x00,0x00,0x00,0x00,0x02,0x8e,0x07,0x00,0xe4,0x0f,0x00,
    0x35,0x78,0x07,0x18,0x12,0x00,0x00,0x00,0x00,0x00,0x8e,0x07,
    0x00,0xc8,0x0f,0x00,0x81,0x89,0x11,0x1a,0x06,0x12,0x00,0x00,
    0x00,0x91,0x1e,0x0c,0x00,0xe2,0x0e,0x00,0x0c,0x78,0x00,0x07,
    0x91,0x00,0x00,0x00,0x70,0x40,0xf8,0x03,0x00,0xc6,0x0f,0x00,
    0x81,0x89,0x07,0x1a,0x06,0x12,0x00,0x00,0x00,0x91,0x1e,0x0c,
    0x00,0x68,0x0f,0x00,0x81,0xd9,0x09,0x1a,0x06,0x22,0x00,0x00,
    0x00,0x91,0x1e,0x0c,0x00,0x2c,0x0f,0x00,0x35,0xc2,0x1e,0x18,
    0x1c,0x00,0x00,0x00,0x00,0x02,0x8e,0x07,0x00,0xce,0x0f,0x00,
    0x81,0xc9,0x1e,0x1e,0x06,0x12,0x00,0x00,0x00,0x91,0x1e,0x0c,
    0x00,0x62,0x0f,0x00,0x35,0x78,0x0b,0x12,0x13,0x00,0x00,0x00,
    0x00,0x00,0x8e,0x07,0x00,0xca,0x0f,0x00,0x0c,0x78,0x00,0x0b,
    0x91,0x00,0x00,0x00,0x70,0x40,0xfc,0x03,0x00,0xda,0x0f,0x00,
    0x81,0xe9,0x0b,0x1a,0x06,0x13,0x00,0x00,0x00,0x91,0x1e,0x0c,
    0x00,0x62,0x0f,0x00,0x35,0x78,0x0d,0x12,0x23,0x00,0x00,0x00,
    0x00,0x00,0x8e,0x07,0x00,0xca,0x0f,0x00,0x0c,0x78,0x00,0x0d,
    0x91,0x00,0x00,0x00,0x70,0x40,0xf6,0x03,0x00,0xda,0x0f,0x00,
    0x81,0xb9,0x0d,0x1a,0x06,0x23,0x00,0x00,0x00,0x91,0x1e,0x0c,
    0x00,0x62,0x0f,0x00,0x30,0x72,0x20,0xff,0x0f,0x00,0x00,0x20,
    0x00,0x41,0x00,0x00,0x00,0xca,0x4f,0x00,0x23,0x78,0x20,0x20,
    0xbd,0x37,0x86,0x35,0x03,0x00,0x00,0x00,0x00,0xe2,0x0f,0x00,
    0x35,0x78,0x03,0x06,0x12,0x00,0x00,0x00,0x00,0x00,0x8e,0x07,
    0x00,0xe2,0x0f,0x00,0x12,0x88,0x11,0x11,0x0f,0x00,0x00,0x00,
    0xff,0xc0,0x8e,0x07,0x00,0xc8,0x8f,0x00,0x0c,0x78,0x00,0x03,
    0x91,0x00,0x00,0x00,0x70,0x40,0xf2,0x03,0x00,0xe4,0x0f,0x00,
    0x06,0x83,0x11,0x00,0x11,0x00,0x00,0x00,0x00,0x10,0x10,0x00,
    0x00,0x22,0x0e,0x00,0x35,0x78,0x0f,0x08,0x12,0x00,0x00,0x00,
    0x00,0x00,0x8e,0x07,0x00,0xe2,0x0f,0x00,0x12,0xd8,0x09,0x09,
    0x0f,0x00,0x00,0x00,0xff,0xc0,0x8e,0x07,0x00,0xe4,0x0f,0x01,
    0x12,0x88,0x22,0x07,0x0f,0x00,0x00,0x00,0xff,0xc0,0x8e,0x07,
    0x00,0xe4,0x0f,0x02,0x0c,0x78,0x00,0x0f,0x91,0x00,0x00,0x00,
    0x70,0x40,0xf4,0x03,0x00,0xe2,0x0f,0x00,0x06,0xd3,0x24,0x00,
    0x09,0x00,0x00,0x00,0x00,0x10,0x10,0x00,0x00,0xa8,0x02,0x00,
    0x02,0x92,0x07,0x00,0xff,0x00,0x00,0x00,0x00,0x0f,0x00,0x00,
    0x00,0xe2,0x0f,0x00,0x02,0x72,0x03,0x00,0x20,0x00,0x00,0x00,
    0x00,0x0f,0x00,0x00,0x00,0xe2,0x0f,0x00,0x12,0xc8,0x23,0x1e,
    0x0f,0x00,0x00,0x00,0xff,0xc0,0x8e,0x07,0x00,0xe2,0x0f,0x00,
    0x06,0x83,0x22,0x00,0x22,0x00,0x00,0x00,0x00,0x10,0x10,0x00,
    0x00,0xe2,0x0e,0x00,0x23,0x88,0x03,0x11,0x5f,0x70,0x89,0x30,
    0x20,0x00,0x00,0x00,0x00,0xe2,0x1f,0x00,0x35,0x92,0x20,0x1c,
    0x06,0x00,0x00,0x00,0x00,0x02,0x8e,0x07,0x00,0xc4,0x0f,0x00,
    0x35,0x78,0x0f,0x12,0x14,0x00,0x00,0x00,0x00,0x00,0x8e,0x07,
    0x00,0xe2,0x0f,0x00,0x06,0xc3,0x07,0x00,0x23,0x00,0x00,0x00,
    0x00,0x10,0x10,0x00,0x00,0x22,0x0e,0x00,0x02,0xa2,0x09,0x00,
    0xff,0x00,0x00,0x00,0x00,0x0f,0x00,0x00,0x00,0xe2,0x2f,0x00,
    0x23,0xd8,0x03,0x24,0x5f,0x70,0x89,0x30,0x03,0x00,0x00,0x00,
    0x00,0xe4,0x4f,0x00,0x0c,0x78,0x00,0x0f,0x91,0x00,0x00,0x00,
    0x70,0x40,0xfa,0x03,0x00,0xe4,0x0f,0x00,0x81,0x99,0x0f,0x20,
    0x06,0x12,0x00,0x00,0x00,0x91,0x1e,0x0c,0x00,0xa2,0x02,0x00,
    0x35,0xa2,0x1e,0x1c,0x08,0x00,0x00,0x00,0x00,0x02,0x8e,0x07,
    0x00,0xe4,0x0f,0x00,0x23,0x88,0x03,0x22,0x5f,0x70,0x89,0x30,
    0x03,0x00,0x00,0x00,0x00,0xe2,0x8f,0x00,0x35,0x78,0x09,0x12,
    0x24,0x00,0x00,0x00,0x00,0x00,0x8e,0x07,0x00,0xc6,0x0f,0x00,
    0x81,0xa9,0x11,0x1e,0x06,0x12,0x00,0x00,0x00,0x91,0x1e,0x0c,
    0x00,0x22,0x07,0x00,0x23,0xc8,0x03,0x07,0x5f,0x70,0x89,0x30,
    0x03,0x00,0x00,0x00,0x00,0xe2,0x1f,0x00,0x0c,0x78,0x00,0x09,
    0x91,0x00,0x00,0x00,0x70,0x40,0xf8,0x03,0x00,0xe4,0x0f,0x00,
    0x81,0xd9,0x22,0x1a,0x06,0x14,0x00,0x00,0x00,0x91,0x1e,0x0c,
    0x00,0x62,0x0f,0x00,0x12,0xe8,0x0b,0x0b,0x0f,0x00,0x00,0x00,
    0xff,0xc0,0x8e,0x07,0x00,0xd4,0x0f,0x00,0x81,0xc9,0x23,0x1a,
    0x06,0x24,0x00,0x00,0x00,0x91,0x1e,0x0c,0x00,0x62,0x0f,0x00,
    0x06,0xe3,0x20,0x00,0x0b,0x00,0x00,0x00,0x00,0x10,0x10,0x00,
    0x00,0x22,0x2e,0x00,0x35,0x78,0x07,0x0a,0x12,0x00,0x00,0x00,
    0x00,0x00,0x8e,0x07,0x00,0xe2,0x0f,0x00,0x23,0xe8,0x03,0x20,
    0x5f,0x70,0x89,0x30,0x03,0x00,0x00,0x00,0x00,0xc8,0x1f,0x00,
    0x0c,0x78,0x00,0x07,0x91,0x00,0x00,0x00,0x70,0x40,0xfc,0x03,
    0x00,0xe2,0x0f,0x00,0x12,0xb8,0x0d,0x0d,0x0f,0x00,0x00,0x00,
    0xff,0xc0,0x8e,0x07,0x00,0xd8,0x0f,0x00,0x02,0xe2,0x0b,0x00,
    0xff,0x00,0x00,0x00,0x00,0x0f,0x00,0x00,0x00,0xca,0x0f,0x00,
    0x35,0xe2,0x20,0x1c,0x0a,0x00,0x00,0x00,0x00,0x02,0x8e,0x07,
    0x00,0xcc,0x0f,0x00,0x81,0xe9,0x07,0x20,0x06,0x12,0x00,0x00,
    0x00,0x91,0x1e,0x0c,0x00,0x62,0x01,0x00,0x06,0xb3,0x1e,0x00,
    0x0d,0x00,0x00,0x00,0x00,0x10,0x10,0x00,0x00,0x62,0x8e,0x00,
    0x35,0x78,0x09,0x0c,0x12,0x00,0x00,0x00,0x00,0x00,0x8e,0x07,
    0x00,0xe2,0x0f,0x00,0x23,0xb8,0x03,0x1e,0x5f,0x70,0x89,0x30,
    0x03,0x00,0x00,0x00,0x00,0xc8,0x2f,0x00,0x0c,0x78,0x00,0x09,
    0x91,0x00,0x00,0x00,0x70,0x40,0xf6,0x03,0x00,0xda,0x0f,0x00,
    0x02,0xb2,0x0d,0x00,0xff,0x00,0x00,0x00,0x00,0x0f,0x00,0x00,
    0x00,0xca,0x0f,0x00,0x35,0xb2,0x1e,0x1c,0x0c,0x00,0x00,0x00,
    0x00,0x02,0x8e,0x07,0x00,0xcc,0x0f,0x00,0x81,0xb9,0x09,0x1e,
    0x06,0x12,0x00,0x00,0x00,0x91,0x1e,0x0c,0x00,0xe2,0x02,0x00,
    0x35,0x78,0x0b,0x12,0x15,0x00,0x00,0x00,0x00,0x00,0x8e,0x07,
    0x00,0xe2,0x0f,0x00,0x35,0x78,0x0d,0x0e,0x12,0x00,0x00,0x00,
    0x00,0x00,0x8e,0x07,0x00,0xe2,0x0f,0x00,0x12,0x98,0x0f,0x0f,
    0x0f,0x00,0x00,0x00,0xff,0xc0,0x8e,0x07,0x00,0xc8,0x4f,0x00,
    0x06,0x93,0x24,0x00,0x0f,0x00,0x00,0x00,0x00,0x10,0x10,0x00,
    0x00,0xa2,0x0e,0x00,0x12,0xa8,0x11,0x11,0x0f,0x00,0x00,0x00,
    0xff,0xc0,0x8e,0x07,0x00,0xe4,0x0f,0x01,0x12,0xd8,0x22,0x22,
    0x0f,0x00,0x00,0x00,0xff,0xc0,0x8e,0x07,0x00,0xe4,0x0f,0x02,
    0x06,0xa3,0x20,0x00,0x11,0x00,0x00,0x00,0x00,0x10,0x10,0x00,
    0x00,0x28,0x1e,0x00,0x06,0xd3,0x22,0x00,0x22,0x00,0x00,0x00,
    0x00,0x10,0x10,0x00,0x00,0x22,0x0f,0x00,0x12,0xc8,0x23,0x23,
    0x0f,0x00,0x00,0x00,0xff,0xc0,0x8e,0x07,0x00,0xe2,0x0f,0x00,
    0x23,0x98,0x03,0x24,0x5f,0x70,0x89,0x30,0x03,0x00,0x00,0x00,
    0x00,0xc6,0x4f,0x00,0x06,0xc3,0x1e,0x00,0x23,0x00,0x00,0x00,
    0x00,0x10,0x10,0x00,0x00,0x62,0x2e,0x00,0x23,0xa8,0x03,0x20,
    0x5f,0x70,0x89,0x30,0x03,0x00,0x00,0x00,0x00,0xe2,0x1f,0x00,
    0x0c,0x78,0x00,0x0b,0x91,0x00,0x00,0x00,0x70,0x40,0xf2,0x03,
    0x00,0xe2,0x0f,0x00,0x35,0x78,0x0b,0x12,0x25,0x00,0x00,0x00,
    0x00,0x00,0x8e,0x07,0x00,0xe4,0x0f,0x00,0x23,0xd8,0x03,0x22,
    0x5f,0x70,0x89,0x30,0x03,0x00,0x00,0x00,0x00,0xe2,0x0f,0x01,
    0x0c,0x78,0x00,0x0d,0x91,0x00,0x00,0x00,0x70,0x40,0xfa,0x03,
    0x00,0xe2,0x0f,0x00,0x35,0x78,0x0d,0x10,0x12,0x00,0x00,0x00,
    0x00,0x00,0x8e,0x07,0x00,0xe2,0x0f,0x00,0x0c,0x78,0x00,0x0b,
    0x91,0x00,0x00,0x00,0x70,0x40,0xf4,0x03,0x00,0xe2,0x0f,0x00,
    0x23,0xc8,0x03,0x1e,0x5f,0x70,0x89,0x30,0x03,0x00,0x00,0x00,
    0x00,0xc6,0x2f,0x00,0x0c,0x78,0x00,0x0d,0x91,0x00,0x00,0x00,
    0x70,0x40,0xf8,0x03,0x00,0xc6,0x0f,0x00,0x81,0x99,0x0b,0x1a,
    0x06,0x15,0x00,0x00,0x00,0x91,0x1e,0x0c,0x00,0xa8,0x0e,0x00,
    0x02,0xd2,0x0f,0x00,0xff,0x00,0x00,0x00,0x00,0x0f,0x00,0x00,
    0x00,0xe4,0x0f,0x00,0x81,0xa9,0x0d,0x1a,0x06,0x25,0x00,0x00,
    0x00,0x91,0x1e,0x0c,0x00,0x26,0x0f,0x00,0x35,0xd2,0x1e,0x1c,
    0x0e,0x00,0x00,0x00,0x00,0x02,0x8e,0x07,0x00,0xe4,0x0f,0x00,
    0x02,0xc2,0x11,0x00,0xff,0x00,0x00,0x00,0x00,0x0f,0x00,0x00,
    0x00,0xca,0x0f,0x00,0x81,0xd9,0x1e,0x1e,0x06,0x12,0x00,0x00,
    0x00,0x91,0x1e,0x0c,0x00,0x62,0x0f,0x00,0x35,0xc2,0x20,0x1c,
    0x10,0x00,0x00,0x00,0x00,0x02,0x8e,0x07,0x00,0xc6,0x0f,0x00,
    0x12,0xe8,0x0f,0x07,0x0f,0x00,0x00,0x00,0xff,0xc0,0x8e,0x07,
    0x00,0xc8,0x0f,0x00,0x81,0xc9,0x20,0x20,0x06,0x12,0x00,0x00,
    0x00,0x91,0x1e,0x0c,0x00,0x62,0x0f,0x00,0x06,0xe3,0x22,0x00,
    0x0f,0x00,0x00,0x00,0x00,0x10,0x10,0x00,0x00,0x24,0x0e,0x00,
    0x23,0xe8,0x03,0x22,0x5f,0x70,0x89,0x30,0x03,0x00,0x00,0x00,
    0x00,0xe2,0x1f,0x00,0x0c,0x7c,0x00,0x04,0x08,0x00,0x00,0x00,
    0x70,0x62,0xfc,0x0b,0x00,0xe2,0x0f,0x04,0x25,0x78,0x22,0x04,
    0x02,0x00,0x00,0x00,0x16,0x00,0x8e,0x07,0x00,0xd8,0x0f,0x00,
    0x81,0xe9,0x07,0x22,0x06,0x00,0x00,0x00,0x00,0x95,0x1e,0x0c,
    0x00,0x62,0x0f,0x00,0x12,0xb8,0x11,0x09,0x0f,0x00,0x00,0x00,
    0xff,0xc0,0x8e,0x07,0x00,0xc8,0x8f,0x00,0x06,0xb3,0x24,0x00,
    0x11,0x00,0x00,0x00,0x00,0x10,0x10,0x00,0x00,0x22,0x0e,0x00,
    0x35,0x78,0x09,0x04,0x08,0x00,0x00,0x00,0x00,0x00,0x8e,0x07,
    0x00,0xe2,0x0f,0x00,0x23,0xb8,0x03,0x24,0x5f,0x70,0x89,0x30,
    0x03,0x00,0x00,0x00,0x00,0xc8,0x1f,0x00,0x0c,0x7c,0x00,0x09,
    0x08,0x00,0x00,0x00,0x70,0x62,0xf6,0x0b,0x00,0xda,0x0f,0x00,
    0x81,0xb9,0x09,0x22,0x06,0x10,0x00,0x00,0x00,0x95,0x1e,0x0c,
    0x00,0xe2,0x0e,0x00,0x35,0x78,0x0f,0x04,0x01,0x00,0x00,0x00,
    0x00,0x00,0x8e,0x07,0x00,0xe2,0x0f,0x00,0x12,0x98,0x0b,0x0b,
    0x0f,0x00,0x00,0x00,0xff,0xc0,0x8e,0x07,0x00,0xc8,0x4f,0x00,
    0x06,0x93,0x24,0x00,0x0b,0x00,0x00,0x00,0x00,0x10,0x10,0x00,
    0x00,0x22,0x0e,0x00,0x12,0xa8,0x0d,0x0d,0x0f,0x00,0x00,0x00,
    0xff,0xc0,0x8e,0x07,0x00,0xcc,0x0f,0x01,0x06,0xa3,0x0d,0x00,
    0x0d,0x00,0x00,0x00,0x00,0x10,0x10,0x00,0x00,0x62,0x0e,0x00,
    0x12,0xd8,0x1e,0x1e,0x0f,0x00,0x00,0x00,0xff,0xc0,0x8e,0x07,
    0x00,0xe2,0x0f,0x02,0x23,0x98,0x03,0x24,0x5f,0x70,0x89,0x30,
    0x03,0x00,0x00,0x00,0x00,0xca,0x1f,0x00,0x06,0xd3,0x1e,0x00,
    0x1e,0x00,0x00,0x00,0x00,0x10,0x10,0x00,0x00,0x22,0x0e,0x00,
    0x12,0xc8,0x20,0x20,0x0f,0x00,0x00,0x00,0xff,0xc0,0x8e,0x07,
    0x00,0xe2,0x0f,0x00,0x0c,0x7c,0x00,0x0f,0x08,0x00,0x00,0x00,
    0x70,0x62,0xf2,0x0b,0x00,0xe2,0x0f,0x00,0x35,0x78,0x0f,0x04,
    0x09,0x00,0x00,0x00,0x00,0x00,0x8e,0x07,0x00,0xc8,0x0f,0x00,
    0x06,0xc3,0x20,0x00,0x20,0x00,0x00,0x00,0x00,0x10,0x10,0x00,
    0x00,0xa2,0x0e,0x00,0x23,0xa8,0x03,0x0d,0x5f,0x70,0x89,0x30,
    0x03,0x00,0x00,0x00,0x00,0xe2,0x2f,0x00,0x0c,0x7c,0x00,0x0f,
    0x08,0x00,0x00,0x00,0x70,0x62,0xf4,0x0b,0x00,0xe2,0x0f,0x00,
    0x35,0x78,0x0d,0x04,0x02,0x00,0x00,0x00,0x00,0x00,0x8e,0x07,
    0x00,0xe4,0x0f,0x00,0x23,0xd8,0x03,0x1e,0x5f,0x70,0x89,0x30,
    0x03,0x00,0x00,0x00,0x00,0xc6,0x1f,0x00,0x0c,0x7c,0x00,0x0d,
    0x08,0x00,0x00,0x00,0x70,0x62,0xfa,0x0b,0x00,0xe2,0x0f,0x00,
    0x81,0x99,0x0b,0x22,0x06,0x02,0x00,0x00,0x00,0x95,0x1e,0x0c,
    0x00,0x22,0x0f,0x00,0x35,0x78,0x0d,0x04,0x0a,0x00,0x00,0x00,
    0x00,0x00,0x8e,0x07,0x00,0xe2,0x0f,0x00,0x23,0xc8,0x03,0x20,
    0x5f,0x70,0x89,0x30,0x03,0x00,0x00,0x00,0x00,0xc8,0x4f,0x00,
    0x0c,0x7c,0x00,0x0d,0x08,0x00,0x00,0x00,0x70,0x62,0xf8,0x0b,
    0x00,0xe2,0x0f,0x00,0x81,0xa9,0x11,0x22,0x06,0x12,0x00,0x00,
    0x00,0x95,0x1e,0x0c,0x00,0xaa,0x0e,0x00,0x81,0xd9,0x0f,0x22,
    0x06,0x04,0x00,0x00,0x00,0x95,0x1e,0x0c,0x00,0x62,0x0f,0x00,
    0x30,0xe2,0x1e,0xff,0x07,0x00,0x00,0x20,0x00,0x41,0x00,0x00,
    0x00,0xe2,0x0f,0x00,0x35,0x78,0x07,0x04,0x03,0x00,0x00,0x00,
    0x00,0x00,0x8e,0x07,0x00,0xca,0x0f,0x00,0x81,0xc9,0x0d,0x22,
    0x06,0x14,0x00,0x00,0x00,0x95,0x1e,0x0c,0x00,0x62,0x0f,0x00,
    0x23,0xe8,0x03,0x1e,0xcc,0xbc,0x8c,0x2b,0x03,0x00,0x00,0x00,
    0x00,0xe2,0x0f,0x00,0x0c,0x7c,0x00,0x07,0x08,0x00,0x00,0x00,
    0x70,0x62,0xfc,0x0b,0x00,0xda,0x0f,0x00,0x81,0xe9,0x07,0x22,
    0x06,0x06,0x00,0x00,0x00,0x95,0x1e,0x0c,0x00,0x62,0x0f,0x00,
    0x30,0xb2,0x1e,0xff,0x09,0x00,0x00,0x20,0x00,0x41,0x00,0x00,
    0x00,0xe2,0x8f,0x00,0x35,0x78,0x09,0x04,0x0b,0x00,0x00,0x00,
    0x00,0x00,0x8e,0x07,0x00,0xc8,0x0f,0x00,0x23,0xb8,0x03,0x1e,
    0xcc,0xbc,0x8c,0x2b,0x03,0x00,0x00,0x00,0x00,0xe2,0x0f,0x00,
    0x0c,0x7c,0x00,0x09,0x08,0x00,0x00,0x00,0x70,0x62,0xf6,0x0b,
    0x00,0xda,0x0f,0x00,0x81,0xb9,0x09,0x22,0x06,0x16,0x00,0x00,
    0x00,0x95,0x1e,0x0c,0x00,0xe2,0x0e,0x00,0x30,0x92,0x1e,0xff,
    0x0b,0x00,0x00,0x20,0x00,0x41,0x00,0x00,0x00,0xe2,0x0f,0x01,
    0x35,0x78,0x0b,0x04,0x04,0x00,0x00,0x00,0x00,0x00,0x8e,0x07,
    0x00,0xc8,0x0f,0x00,0x23,0x98,0x03,0x1e,0xcc,0xbc,0x8c,0x2b,
    0x03,0x00,0x00,0x00,0x00,0xe2,0x0f,0x00,0x0c,0x7c,0x00,0x0b,
    0x08,0x00,0x00,0x00,0x70,0x62,0xf2,0x0b,0x00,0xe2,0x0f,0x00,
    0x35,0x78,0x0b,0x04,0x0c,0x00,0x00,0x00,0x00,0x00,0x8e,0x07,
    0x00,0xe2,0x0f,0x00,0x30,0xa2,0x1e,0xff,0x11,0x00,0x00,0x20,
    0x00,0x41,0x00,0x00,0x00,0xca,0x4f,0x00,0x23,0xa8,0x03,0x1e,
    0xcc,0xbc,0x8c,0x2b,0x03,0x00,0x00,0x00,0x00,0xe2,0x0f,0x00,
    0x0c,0x7c,0x00,0x0b,0x08,0x00,0x00,0x00,0x70,0x62,0xf4,0x0b,
    0x00,0xe2,0x0f,0x00,0x30,0xd2,0x1e,0xff,0x0f,0x00,0x00,0x20,
    0x00,0x41,0x00,0x00,0x00,0xe2,0x0f,0x02,0x35,0x78,0x0b,0x04,
    0x05,0x00,0x00,0x00,0x00,0x00,0x8e,0x07,0x00,0xc8,0x0f,0x00,
    0x23,0xd8,0x03,0x1e,0xcc,0xbc,0x8c,0x2b,0x03,0x00,0x00,0x00,
    0x00,0xe2,0x0f,0x00,0x0c,0x7c,0x00,0x0b,0x08,0x00,0x00,0x00,
    0x70,0x62,0xfa,0x0b,0x00,0xe2,0x0f,0x00,0x30,0xc2,0x1e,0xff,
    0x0d,0x00,0x00,0x20,0x00,0x41,0x00,0x00,0x00,0xe2,0x0f,0x00,
    0x35,0x78,0x0b,0x04,0x0d,0x00,0x00,0x00,0x00,0x00,0x8e,0x07,
    0x00,0xe2,0x0f,0x00,0x81,0x99,0x0d,0x22,0x06,0x08,0x00,0x00,
    0x00,0x95,0x1e,0x0c,0x00,0xa6,0x0e,0x00,0x23,0xc8,0x03,0x1e,
    0xcc,0xbc,0x8c,0x2b,0x03,0x00,0x00,0x00,0x00,0xe2,0x0f,0x00,
    0x0c,0x7c,0x00,0x0b,0x08,0x00,0x00,0x00,0x70,0x62,0xf8,0x0b,
    0x00,0xe2,0x0f,0x00,0x81,0xa9,0x1e,0x22,0x06,0x18,0x00,0x00,
    0x00,0x95,0x1e,0x0c,0x00,0x2a,0x0f,0x00,0x81,0xd9,0x11,0x22,
    0x06,0x0a,0x00,0x00,0x00,0x95,0x1e,0x0c,0x00,0x62,0x0f,0x00,
    0x30,0xe2,0x20,0xff,0x07,0x00,0x00,0x20,0x00,0x41,0x00,0x00,
    0x00,0xe2,0x0f,0x00,0x35,0x78,0x07,0x04,0x06,0x00,0x00,0x00,
    0x00,0x00,0x8e,0x07,0x00,0xca,0x0f,0x00,0x81,0xc9,0x0f,0x22,
    0x06,0x1a,0x00,0x00,0x00,0x95,0x1e,0x0c,0x00,0x62,0x0f,0x00,
    0x23,0xe8,0x03,0x20,0xcc,0xbc,0x8c,0x2b,0x03,0x00,0x00,0x00,
    0x00,0xe2,0x0f,0x00,0x0c,0x7c,0x00,0x07,0x08,0x00,0x00,0x00,
    0x70,0x62,0xfc,0x0b,0x00,0xda,0x0f,0x00,0x81,0xe9,0x0b,0x22,
    0x06,0x0c,0x00,0x00,0x00,0x95,0x1e,0x0c,0x00,0x62,0x0f,0x00,
    0x35,0x78,0x07,0x04,0x0e,0x00,0x00,0x00,0x00,0x00,0x8e,0x07,
    0x00,0xe2,0x0f,0x00,0x30,0xb2,0x20,0xff,0x09,0x00,0x00,0x20,
    0x00,0x41,0x00,0x00,0x00,0xca,0x8f,0x00,0x23,0xb8,0x03,0x20,
    0xcc,0xbc,0x8c,0x2b,0x03,0x00,0x00,0x00,0x00,0xe2,0x0f,0x00,
    0x0c,0x7c,0x00,0x07,0x08,0x00,0x00,0x00,0x70,0x62,0xf6,0x0b,
    0x00,0xda,0x0f,0x00,0x81,0xb9,0x07,0x22,0x06,0x1c,0x00,0x00,
    0x00,0x95,0x1e,0x0c,0x00,0xe2,0x0e,0x00,0x35,0x78,0x09,0x04,
    0x07,0x00,0x00,0x00,0x00,0x00,0x8e,0x07,0x00,0xe2,0x0f,0x00,
    0x30,0x92,0x20,0xff,0x0d,0x00,0x00,0x20,0x00,0x41,0x00,0x00,
    0x00,0xe4,0x4f,0x00,0x30,0xa2,0x1e,0xff,0x1e,0x00,0x00,0x20,
    0x00,0x41,0x00,0x00,0x00,0xc6,0x0f,0x01,0x23,0x98,0x03,0x20,
    0xcc,0xbc,0x8c,0x2b,0x03,0x00,0x00,0x00,0x00,0xe2,0x0f,0x00,
    0x35,0x78,0x0d,0x12,0x32,0x00,0x00,0x00,0x00,0x00,0x8e,0x07,
    0x00,0xc6,0x0f,0x00,0x23,0xa8,0x03,0x1e,0xcc,0xbc,0x8c,0x2b,
    0x03,0x00,0x00,0x00,0x00,0xe2,0x0f,0x00,0x30,0xd2,0x1e,0xff,
    0x11,0x00,0x00,0x20,0x00,0x41,0x00,0x00,0x00,0xe2,0x0f,0x02,
    0x0c,0x7c,0x00,0x09,0x08,0x00,0x00,0x00,0x70,0x62,0xf2,0x0b,
    0x00,0xe2,0x0f,0x00,0x0c,0x78,0x00,0x0d,0x91,0x00,0x00,0x00,
    0x70,0x40,0xf4,0x03,0x00,0xe2,0x0f,0x00,0x35,0x78,0x0d,0x12,
    0x42,0x00,0x00,0x00,0x00,0x00,0x8e,0x07,0x00,0xe4,0x0f,0x00,
    0x23,0xd8,0x03,0x1e,0xcc,0xbc,0x8c,0x2b,0x03,0x00,0x00,0x00,
    0x00,0xe2,0x0f,0x00,0x30,0xc2,0x1e,0xff,0x0f,0x00,0x00,0x20,
    0x00,0x41,0x00,0x00,0x00,0xe2,0x0f,0x00,0x35,0x78,0x09,0x04,
    0x0f,0x00,0x00,0x00,0x00,0x00,0x8e,0x07,0x00,0xc8,0x0f,0x00,
    0x23,0xc8,0x03,0x1e,0xcc,0xbc,0x8c,0x2b,0x03,0x00,0x00,0x00,
    0x00,0xe2,0x0f,0x00,0x0c,0x78,0x00,0x0d,0x91,0x00,0x00,0x00,
    0x70,0x40,0xf8,0x03,0x00,0xe2,0x0f,0x00,0x0c,0x7c,0x00,0x09,
    0x08,0x00,0x00,0x00,0x70,0x62,0xfa,0x0b,0x00,0xe4,0x0f,0x00,
    0x81,0x99,0x09,0x22,0x06,0x0e,0x00,0x00,0x00,0x95,0x1e,0x0c,
    0x00,0xa8,0x0e,0x00,0x81,0xa9,0x0d,0x1a,0x06,0x32,0x00,0x00,
    0x00,0x91,0x1e,0x0c,0x00,0x22,0x0f,0x00,0x30,0xe2,0x1e,0xff,
    0x0b,0x00,0x00,0x20,0x00,0x41,0x00,0x00,0x00,0xe2,0x0f,0x00,
    0x35,0x78,0x0b,0x18,0x32,0x00,0x00,0x00,0x00,0x00,0x8e,0x07,
    0x00,0xc4,0x0f,0x00,0x81,0xa9,0x21,0x1a,0x06,0x32,0x00,0x00,
    0x00,0x91,0x1e,0x0c,0x00,0x68,0x0f,0x00,0x81,0xc9,0x11,0x1a,
    0x06,0x42,0x00,0x00,0x00,0x91,0x1e,0x0c,0x00,0x68,0x0f,0x00,
    0x81,0xd9,0x20,0x22,0x06,0x1e,0x00,0x00,0x00,0x95,0x1e,0x0c,
    0x00,0x62,0x05,0x00,0x23,0xe8,0x03,0x1e,0xcc,0xbc,0x8c,0x2b,
    0x03,0x00,0x00,0x00,0x00,0xe2,0x0f,0x00,0x0c,0x78,0x00,0x0b,
    0x91,0x00,0x00,0x00,0x70,0x40,0xfc,0x03,0x00,0xda,0x0f,0x00,
    0x35,0xe2,0x1e,0x18,0x1c,0x00,0x00,0x00,0x00,0x02,0x8e,0x07,
    0x00,0xcc,0x0f,0x00,0x81,0xe9,0x0f,0x1e,0x06,0x32,0x00,0x00,
    0x00,0x91,0x1e,0x0c,0x00,0x62,0x01,0x00,0x30,0xb2,0x24,0xff,
    0x07,0x00,0x00,0x20,0x00,0x41,0x00,0x00,0x00,0xe2,0x8f,0x00,
    0x35,0x78,0x07,0x12,0x33,0x00,0x00,0x00,0x00,0x00,0x8e,0x07,
    0x00,0xc8,0x0f,0x00,0x23,0xb8,0x03,0x24,0xcc,0xbc,0x8c,0x2b,
    0x03,0x00,0x00,0x00,0x00,0xe2,0x0f,0x00,0x0c,0x78,0x00,0x07,
    0x91,0x00,0x00,0x00,0x70,0x40,0xf6,0x03,0x00,0xda,0x0f,0x00,
    0x81,0xb9,0x0b,0x1a,0x06,0x33,0x00,0x00,0x00,0x91,0x1e,0x0c,
    0x00,0xe2,0x0e,0x00,0x35,0x78,0x07,0x12,0x43,0x00,0x00,0x00,
    0x00,0x00,0x8e,0x07,0x00,0xe2,0x0f,0x00,0x30,0x92,0x22,0xff,
    0x09,0x00,0x00,0x20,0x00,0x41,0x00,0x00,0x00,0xe2,0x4f,0x00,
    0x12,0xa8,0x0d,0x0d,0x0f,0x00,0x00,0x00,0xff,0xc0,0x8e,0x07,
    0x00,0xc8,0x0f,0x01,0x23,0x98,0x03,0x22,0xcc,0xbc,0x8c,0x2b,
    0x03,0x00,0x00,0x00,0x00,0xe4,0x0f,0x00,0x06,0xa3,0x22,0x00,
    0x0d,0x00,0x00,0x00,0x00,0x10,0x10,0x00,0x00,0x62,0x0e,0x00,
    0x35,0x78,0x09,0x06,0x32,0x00,0x00,0x00,0x00,0x00,0x8e,0x07,
    0x00,0xe2,0x0f,0x00,0x12,0xc8,0x11,0x11,0x0f,0x00,0x00,0x00,
    0xff,0xc0,0x8e,0x07,0x00,0xe2,0x0f,0x02,0x30,0xd2,0x20,0xff,
    0x20,0x00,0x00,0x20,0x00,0x41,0x00,0x00,0x00,0xc6,0x0f,0x00,
    0x06,0xc3,0x1e,0x00,0x11,0x00,0x00,0x00,0x00,0x10,0x10,0x00,
    0x00,0x24,0x1e,0x00,0x23,0xd8,0x03,0x20,0xcc,0xbc,0x8c,0x2b,
    0x03,0x00,0x00,0x00,0x00,0xe2,0x0f,0x00,0x0c,0x78,0x00,0x09,
    0x91,0x00,0x00,0x00,0x70,0x40,0xfa,0x03,0x00,0xe2,0x0f,0x00,
    0x0c,0x78,0x00,0x07,0x91,0x00,0x00,0x00,0x70,0x40,0xf2,0x03,
    0x00,0xe2,0x0f,0x00,0x35,0x78,0x07,0x08,0x32,0x00,0x00,0x00,
    0x00,0x00,0x8e,0x07,0x00,0xe2,0x0f,0x00,0x23,0xa8,0x03,0x22,
    0x5f,0x70,0x89,0x30,0x03,0x00,0x00,0x00,0x00,0xe2,0x2f,0x00,
    0x12,0xa8,0x21,0x21,0x0f,0x00,0x00,0x00,0xff,0xc0,0x8e,0x07,
    0x00,0xc6,0x0f,0x00,0x23,0xc8,0x03,0x1e,0x5f,0x70,0x89,0x30,
    0x03,0x00,0x00,0x00,0x00,0xe2,0x1f,0x00,0x0c,0x78,0x00,0x07,
    0x91,0x00,0x00,0x00,0x70,0x40,0xf8,0x03,0x00,0xca,0x0f,0x00,
    0x02,0xd2,0x07,0x00,0xff,0x00,0x00,0x00,0x00,0x0f,0x00,0x00,
    0x00,0xe2,0x0f,0x00,0x06,0xa3,0x20,0x00,0x21,0x00,0x00,0x00,
    0x00,0x10,0x10,0x00,0x00,0x22,0x0e,0x00,0x81,0x99,0x0d,0x1a,
    0x06,0x43,0x00,0x00,0x00,0x91,0x1e,0x0c,0x00,0xa6,0x0e,0x00,
    0x35,0xd2,0x1e,0x1c,0x06,0x00,0x00,0x00,0x00,0x02,0x8e,0x07,
    0x00,0xc6,0x0f,0x00,0x12,0xe8,0x07,0x0f,0x0f,0x00,0x00,0x00,
    0xff,0xc0,0x8e,0x07,0x00,0xe2,0x0f,0x00,0x35,0x78,0x11,0x12,
    0x34,0x00,0x00,0x00,0x00,0x00,0x8e,0x07,0x00,0xe2,0x0f,0x00,
    0x02,0xc2,0x09,0x00,0xff,0x00,0x00,0x00,0x00,0x0f,0x00,0x00,
    0x00,0xe4,0x0f,0x00,0x06,0xe3,0x22,0x00,0x07,0x00,0x00,0x00,
    0x00,0x10,0x10,0x00,0x00,0x62,0x0e,0x00,0x81,0xd9,0x0f,0x1e,
    0x06,0x32,0x00,0x00,0x00,0x91,0x1e,0x0c,0x00,0x62,0x09,0x00,
    0x23,0xa8,0x03,0x20,0x5f,0x70,0x89,0x30,0x03,0x00,0x00,0x00,
    0x00,0xe2,0x1f,0x00,0x35,0xc2,0x20,0x1c,0x08,0x00,0x00,0x00,
    0x00,0x02,0x8e,0x07,0x00,0xe4,0x0f,0x00,0x0c,0x78,0x00,0x11,
    0x91,0x00,0x00,0x00,0x70,0x40,0xf4,0x03,0x00,0xe2,0x0f,0x00,
    0x35,0x78,0x09,0x12,0x44,0x00,0x00,0x00,0x00,0x00,0x8e,0x07,
    0x00,0xc8,0x0f,0x00,0x81,0xc9,0x20,0x20,0x06,0x32,0x00,0x00,
    0x00,0x91,0x1e,0x0c,0x00,0x62,0x01,0x00,0x23,0xe8,0x03,0x22,
    0x5f,0x70,0x89,0x30,0x03,0x00,0x00,0x00,0x00,0xe2,0x2f,0x00,
    0x0c,0x78,0x00,0x09,0x91,0x00,0x00,0x00,0x70,0x40,0xfc,0x03,
    0x00,0xcc,0x0f,0x00,0x81,0xa9,0x11,0x1a,0x06,0x34,0x00,0x00,
    0x00,0x91,0x1e,0x0c,0x00,0x62,0x0f,0x00,0x12,0xb8,0x0b,0x0b,
    0x0f,0x00,0x00,0x00,0xff,0xc0,0x8e,0x07,0x00,0xcc,0x8f,0x00,
    0x81,0xe9,0x09,0x1a,0x06,0x44,0x00,0x00,0x00,0x91,0x1e,0x0c,
    0x00,0xe2,0x0e,0x00,0x06,0xb3,0x1e,0x00,0x0b,0x00,0x00,0x00,
    0x00,0x10,0x10,0x00,0x00,0x62,0x0e,0x01,0x35,0x78,0x07,0x0a,
    0x32,0x00,0x00,0x00,0x00,0x00,0x8e,0x07,0x00,0xe2,0x0f,0x00,
    0x23,0xb8,0x03,0x1e,0x5f,0x70,0x89,0x30,0x03,0x00,0x00,0x00,
    0x00,0xc8,0x2f,0x00,0x0c,0x78,0x00,0x07,0x91,0x00,0x00,0x00,
    0x70,0x40,0xf6,0x03,0x00,0xda,0x0f,0x00,0x02,0xb2,0x0b,0x00,
    0xff,0x00,0x00,0x00,0x00,0x0f,0x00,0x00,0x00,0xca,0x0f,0x00,
    0x35,0xb2,0x1e,0x1c,0x0a,0x00,0x00,0x00,0x00,0x02,0x8e,0x07,
    0x00,0xcc,0x0f,0x00,0x81,0xb9,0x07,0x1e,0x06,0x32,0x00,0x00,
    0x00,0x91,0x1e,0x0c,0x00,0x22,0x03,0x00,0x35,0x78,0x21,0x0c,
    0x32,0x00,0x00,0x00,0x00,0x00,0x8e,0x07,0x00,0xe2,0x1f,0x00,
    0x35,0x78,0x0b,0x12,0x35,0x00,0x00,0x00,0x00,0x00,0x8e,0x07,
    0x00,0xe2,0x0f,0x00,0x12,0x98,0x0d,0x0d,0x0f,0x00,0x00,0x00,
    0xff,0xc0,0x8e,0x07,0x00,0xc8,0x4f,0x00,0x06,0x93,0x22,0x00,
    0x0d,0x00,0x00,0x00,0x00,0x10,0x10,0x00,0x00,0x22,0x0e,0x00,
    0x12,0xd8,0x0f,0x0f,0x0f,0x00,0x00,0x00,0xff,0xc0,0x8e,0x07,
    0x00,0xc8,0x0f,0x02,0x06,0xd3,0x24,0x00,0x0f,0x00,0x00,0x00,
    0x00,0x10,0x10,0x00,0x00,0xa2,0x0e,0x00,0x23,0x98,0x03,0x22,
    0x5f,0x70,0x89,0x30,0x03,0x00,0x00,0x00,0x00,0xe2,0x1f,0x00,
    0x0c,0x78,0x00,0x21,0x91,0x00,0x00,0x00,0x70,0x40,0xf2,0x03,
    0x00,0xe2,0x0f,0x00,0x12,0xc8,0x20,0x20,0x0f,0x00,0x00,0x00,
    0xff,0xc0,0x8e,0x07,0x00,0xcc,0x0f,0x00,0x06,0xc3,0x20,0x00,
    0x20,0x00,0x00,0x00,0x00,0x10,0x10,0x00,0x00,0x22,0x0e,0x00,
    0x12,0xa8,0x11,0x11,0x0f,0x00,0x00,0x00,0xff,0xc0,0x8e,0x07,
    0x00,0xe2,0x0f,0x00,0x23,0xd8,0x03,0x24,0x5f,0x70,0x89,0x30,
    0x03,0x00,0x00,0x00,0x00,0xc6,0x4f,0x00,0x06,0xa3,0x22,0x00,
    0x11,0x00,0x00,0x00,0x00,0x10,0x10,0x00,0x00,0xa2,0x0e,0x00,
    0x02,0x92,0x0d,0x00,0xff,0x00,0x00,0x00,0x00,0x0f,0x00,0x00,
    0x00,0xe2,0x0f,0x00,0x12,0xe8,0x0f,0x09,0x0f,0x00,0x00,0x00,
    0xff,0xc0,0x8e,0x07,0x00,0xc8,0x8f,0x00,0x06,0xe3,0x24,0x00,
    0x0f,0x00,0x00,0x00,0x00,0x10,0x10,0x00,0x00,0xe2,0x0e,0x00,
    0x35,0x92,0x1e,0x1c,0x0c,0x00,0x00,0x00,0x00,0x02,0x8e,0x07,
    0x00,0xe4,0x2f,0x00,0x0c,0x78,0x00,0x0b,0x91,0x00,0x00,0x00,
    0x70,0x40,0xfa,0x03,0x00,0xe2,0x0f,0x00,0x23,0xc8,0x03,0x20,
    0x5f,0x70,0x89,0x30,0x03,0x00,0x00,0x00,0x00,0xe2,0x1f,0x00,
    0x35,0x78,0x09,0x12,0x45,0x00,0x00,0x00,0x00,0x00,0x8e,0x07,
    0x00,0xe2,0x0f,0x00,0x35,0x78,0x20,0x0e,0x32,0x00,0x00,0x00,
    0x00,0x00,0x8e,0x07,0x00,0xe2,0x0f,0x00,0x81,0x99,0x0b,0x1e,
    0x06,0x32,0x00,0x00,0x00,0x91,0x1e,0x0c,0x00,0x62,0x01,0x00,
    0x23,0xa8,0x03,0x22,0x5f,0x70,0x89,0x30,0x03,0x00,0x00,0x00,
    0x00,0xe4,0x4f,0x00,0x0c,0x78,0x00,0x09,0x91,0x00,0x00,0x00,
    0x70,0x40,0xf8,0x03,0x00,0xe2,0x0f,0x00,0x0c,0x78,0x00,0x20,
    0x91,0x00,0x00,0x00,0x70,0x40,0xf4,0x03,0x00,0xe2,0x0f,0x00,
    0x35,0x78,0x09,0x10,0x32,0x00,0x00,0x00,0x00,0x00,0x8e,0x07,
    0x00,0xe2,0x0f,0x00,0x23,0xe8,0x03,0x24,0x5f,0x70,0x89,0x30,
    0x03,0x00,0x00,0x00,0x00,0xc6,0x8f,0x00,0x81,0xd9,0x0d,0x1a,
    0x06,0x35,0x00,0x00,0x00,0x91,0x1e,0x0c,0x00,0xa2,0x0e,0x00,
    0x0c,0x78,0x00,0x09,0x91,0x00,0x00,0x00,0x70,0x40,0xfc,0x03,
    0x00,0xcc,0x0f,0x00,0x81,0xc9,0x09,0x1a,0x06,0x45,0x00,0x00,
    0x00,0x91,0x1e,0x0c,0x00,0xe2,0x0e,0x00,0x02,0xa2,0x0f,0x00,
    0xff,0x00,0x00,0x00,0x00,0x0f,0x00,0x00,0x00,0xca,0x0f,0x00,
    0x35,0xa2,0x1e,0x1c,0x0e,0x00,0x00,0x00,0x00,0x02,0x8e,0x07,
    0x00,0xe4,0x1f,0x00,0x02,0xe2,0x11,0x00,0xff,0x00,0x00,0x00,
    0x00,0x0f,0x00,0x00,0x00,0xca,0x0f,0x00,0x35,0xe2,0x20,0x1c,
    0x10,0x00,0x00,0x00,0x00,0x02,0x8e,0x07,0x00,0xe4,0x0f,0x00,
    0x81,0xa9,0x1e,0x1e,0x06,0x32,0x00,0x00,0x00,0x91,0x1e,0x0c,
    0x00,0xea,0x0e,0x00,0x81,0xe9,0x20,0x20,0x06,0x32,0x00,0x00,
    0x00,0x91,0x1e,0x0c,0x00,0xe2,0x0e,0x00,0x12,0xb8,0x11,0x07,
    0x0f,0x00,0x00,0x00,0xff,0xc0,0x8e,0x07,0x00,0xc8,0x0f,0x01,
    0x06,0xb3,0x22,0x00,0x11,0x00,0x00,0x00,0x00,0x10,0x10,0x00,
    0x00,0x22,0x0e,0x00,0x12,0x78,0x07,0x04,0x40,0x00,0x00,0x00,
    0xff,0xfc,0x8e,0x07,0x00,0xe2,0x0f,0x00,0x23,0xb8,0x03,0x22,
    0x5f,0x70,0x89,0x30,0x03,0x00,0x00,0x00,0x00,0xc8,0x1f,0x00,
    0x0c,0x7c,0x00,0x07,0x08,0x00,0x00,0x00,0x70,0x62,0xf6,0x0b,
    0x00,0xe2,0x0f,0x04,0x25,0x78,0x22,0x07,0x02,0x00,0x00,0x00,
    0x16,0x00,0x8e,0x07,0x00,0xd8,0x0f,0x00,0x81,0xb9,0x0f,0x22,
    0x06,0x00,0x00,0x00,0x00,0x95,0x1e,0x0c,0x00,0x22,0x0f,0x00,
    0x35,0x78,0x11,0x07,0x08,0x00,0x00,0x00,0x00,0x00,0x8e,0x07,
    0x00,0xe2,0x0f,0x00,0x12,0x98,0x0b,0x0b,0x0f,0x00,0x00,0x00,
    0xff,0xc0,0x8e,0x07,0x00,0xc8,0x0f,0x02,0x06,0x93,0x24,0x00,
    0x0b,0x00,0x00,0x00,0x00,0x10,0x10,0x00,0x00,0x22,0x0e,0x00,
    0x12,0xd8,0x0d,0x0d,0x0f,0x00,0x00,0x00,0xff,0xc0,0x8e,0x07,
    0x00,0xcc,0x4f,0x00,0x06,0xd3,0x0d,0x00,0x0d,0x00,0x00,0x00,
    0x00,0x10,0x10,0x00,0x00,0x62,0x0e,0x00,0x12,0xc8,0x09,0x09,
    0x0f,0x00,0x00,0x00,0xff,0xc0,0x8e,0x07,0x00,0xe2,0x8f,0x00,
    0x23,0x98,0x03,0x24,0x5f,0x70,0x89,0x30,0x03,0x00,0x00,0x00,
    0x00,0xc6,0x1f,0x00,0x06,0xc3,0x24,0x00,0x09,0x00,0x00,0x00,
    0x00,0x10,0x10,0x00,0x00,0x22,0x0e,0x00,0x0c,0x7c,0x00,0x11,
    0x08,0x00,0x00,0x00,0x70,0x62,0xf2,0x0b,0x00,0xe2,0x0f,0x00,
    0x35,0x78,0x11,0x07,0x01,0x00,0x00,0x00,0x00,0x00,0x8e,0x07,
    0x00,0xe2,0x0f,0x04,0x35,0x78,0x0b,0x07,0x09,0x00,0x00,0x00,
    0x00,0x00,0x8e,0x07,0x00,0xe2,0x0f,0x00,0x12,0xa8,0x1e,0x1e,
    0x0f,0x00,0x00,0x00,0xff,0xc0,0x8e,0x07,0x00,0xe2,0x0f,0x00,
    0x23,0xd8,0x03,0x0d,0x5f,0x70,0x89,0x30,0x03,0x00,0x00,0x00,
    0x00,0xe4,0x2f,0x00,0x0c,0x7c,0x00,0x11,0x08,0x00,0x00,0x00,
    0x70,0x62,0xfa,0x0b,0x00,0xe2,0x0f,0x00,0x12,0xe8,0x20,0x20,
    0x0f,0x00,0x00,0x00,0xff,0xc0,0x8e,0x07,0x00,0xe4,0x0f,0x00,
    0x06,0xa3,0x1e,0x00,0x1e,0x00,0x00,0x00,0x00,0x10,0x10,0x00,
    0x00,0x62,0x0e,0x00,0x23,0xc8,0x03,0x24,0x5f,0x70,0x89,0x30,
    0x03,0x00,0x00,0x00,0x00,0xe2,0x1f,0x00,0x0c,0x7c,0x00,0x0b,
    0x08,0x00,0x00,0x00,0x70,0x62,0xf8,0x0b,0x00,0xc4,0x0f,0x00,
    0x81,0x99,0x0d,0x22,0x06,0x10,0x00,0x00,0x00,0x95,0x1e,0x0c,
    0x00,0xa2,0x0e,0x00,0x06,0xe3,0x20,0x00,0x20,0x00,0x00,0x00,
    0x00,0x10,0x10,0x00,0x00,0x2a,0x0e,0x00,0x81,0xd9,0x11,0x22,
    0x06,0x02,0x00,0x00,0x00,0x95,0x1e,0x0c,0x00,0xe2,0x0e,0x00,
    0x35,0x78,0x09,0x07,0x02,0x00,0x00,0x00,0x00,0x00,0x8e,0x07,
    0x00,0xe2,0x0f,0x00,0x23,0xa8,0x03,0x1e,0x5f,0x70,0x89,0x30,
    0x03,0x00,0x00,0x00,0x00,0xc8,0x2f,0x00,0x0c,0x7c,0x00,0x09,
    0x08,0x00,0x00,0x00,0x70,0x62,0xf4,0x0b,0x00,0xe2,0x0f,0x00,
    0x35,0x78,0x09,0x07,0x0a,0x00,0x00,0x00,0x00,0x00,0x8e,0x07,
    0x00,0xe2,0x0f,0x00,0x81,0xc9,0x1f,0x22,0x06,0x12,0x00,0x00,
    0x00,0x95,0x1e,0x0c,0x00,0x62,0x0f,0x00,0x23,0xe8,0x03,0x20,
    0x5f,0x70,0x89,0x30,0x03,0x00,0x00,0x00,0x00,0xc6,0x1f,0x00,
    0x0c,0x7c,0x00,0x09,0x08,0x00,0x00,0x00,0x70,0x62,0xfc,0x0b,
    0x00,0xce,0x0f,0x00,0x81,0xa9,0x1e,0x22,0x06,0x04,0x00,0x00,
    0x00,0x95,0x1e,0x0c,0x00,0x62,0x0f,0x00,0x35,0x78,0x09,0x07,
    0x03,0x00,0x00,0x00,0x00,0x00,0x8e,0x07,0x00,0xe2,0x0f,0x00,
    0x30,0xb2,0x20,0xff,0x0f,0x00,0x00,0x20,0x00,0x41,0x00,0x00,
    0x00,0xc8,0x0f,0x01,0x81,0xe9,0x0b,0x22,0x06,0x14,0x00,0x00,
    0x00,0x95,0x1e,0x0c,0x00,0x22,0x0f,0x00,0x23,0xb8,0x03,0x20,
    0xcc,0xbc,0x8c,0x2b,0x03,0x00,0x00,0x00,0x00,0xe2,0x0f,0x00,
    0x0c,0x7c,0x00,0x09,0x08,0x00,0x00,0x00,0x70,0x62,0xf6,0x0b,
    0x00,0xda,0x0f,0x00,0x81,0xb9,0x09,0x22,0x06,0x06,0x00,0x00,
    0x00,0x95,0x1e,0x0c,0x00,0x22,0x0f,0x00,0x30,0x92,0x20,0xff,
    0x0d,0x00,0x00,0x20,0x00,0x41,0x00,0x00,0x00,0xe2,0x4f,0x00,
    0x35,0x78,0x0d,0x07,0x0b,0x00,0x00,0x00,0x00,0x00,0x8e,0x07,
    0x00,0xc8,0x0f,0x00,0x23,0x98,0x03,0x20,0xcc,0xbc,0x8c,0x2b,
    0x03,0x00,0x00,0x00,0x00,0xe2,0x0f,0x00,0x30,0xd2,0x20,0xff,
    0x11,0x00,0x00,0x20,0x00,0x41,0x00,0x00,0x00,0xe2,0x8f,0x00,
    0x0c,0x7c,0x00,0x0d,0x08,0x00,0x00,0x00,0x70,0x62,0xf2,0x0b,
    0x00,0xe2,0x0f,0x00,0x35,0x78,0x0d,0x07,0x04,0x00,0x00,0x00,
    0x00,0x00,0x8e,0x07,0x00,0xc6,0x0f,0x00,0x23,0xd8,0x03,0x20,
    0xcc,0xbc,0x8c,0x2b,0x03,0x00,0x00,0x00,0x00,0xe2,0x0f,0x00,
    0x30,0xc2,0x20,0xff,0x1f,0x00,0x00,0x20,0x00,0x41,0x00,0x00,
    0x00,0xca,0x0f,0x02,0x23,0xc8,0x03,0x20,0xcc,0xbc,0x8c,0x2b,
    0x03,0x00,0x00,0x00,0x00,0xe2,0x0f,0x00,0x0c,0x7c,0x00,0x0d,
    0x08,0x00,0x00,0x00,0x70,0x62,0xf8,0x0b,0x00,0xe2,0x0f,0x00,
    0x35,0x78,0x0d,0x07,0x0c,0x00,0x00,0x00,0x00,0x00,0x8e,0x07,
    0x00,0xe2,0x0f,0x04,0x35,0x78,0x11,0x07,0x05,0x00,0x00,0x00,
    0x00,0x00,0x8e,0x07,0x00,0xe2,0x0f,0x00,0x30,0xa2,0x1e,0xff,
    0x1e,0x00,0x00,0x20,0x00,0x41,0x00,0x00,0x00,0xc6,0x0f,0x00,
    0x0c,0x7c,0x00,0x0d,0x08,0x00,0x00,0x00,0x70,0x62,0xfa,0x0b,
    0x00,0xe4,0x0f,0x00,0x81,0x99,0x0d,0x22,0x06,0x16,0x00,0x00,
    0x00,0x95,0x1e,0x0c,0x00,0xa2,0x0e,0x00,0x23,0xa8,0x03,0x1e,
    0xcc,0xbc,0x8c,0x2b,0x03,0x00,0x00,0x00,0x00,0xe2,0x0f,0x00,
    0x0c,0x7c,0x00,0x11,0x08,0x00,0x00,0x00,0x70,0x62,0xf4,0x0b,
    0x00,0xe2,0x0f,0x00,0x30,0xe2,0x1e,0xff,0x0b,0x00,0x00,0x20,
    0x00,0x41,0x00,0x00,0x00,0xe4,0x0f,0x01,0x81,0xc9,0x0f,0x22,
    0x06,0x08,0x00,0x00,0x00,0x95,0x1e,0x0c,0x00,0xe2,0x0e,0x00,
    0x35,0x78,0x0b,0x07,0x0d,0x00,0x00,0x00,0x00,0x00,0x8e,0x07,
    0x00,0xe4,0x0f,0x00,0x23,0xe8,0x03,0x1e,0xcc,0xbc,0x8c,0x2b,
    0x03,0x00,0x00,0x00,0x00,0xc6,0x0f,0x00,0x0c,0x7c,0x00,0x0b,
    0x08,0x00,0x00,0x00,0x70,0x62,0xfc,0x0b,0x00,0xe2,0x0f,0x00,
    0x81,0xd9,0x1e,0x22,0x06,0x18,0x00,0x00,0x00,0x95,0x1e,0x0c,
    0x00,0x28,0x0f,0x00,0x81,0xa9,0x11,0x22,0x06,0x0a,0x00,0x00,
    0x00,0x95,0x1e,0x0c,0x00,0x62,0x0f,0x00,0x30,0xb2,0x20,0xff,
    0x09,0x00,0x00,0x20,0x00,0x41,0x00,0x00,0x00,0xe2,0x0f,0x00,
    0x35,0x78,0x09,0x07,0x06,0x00,0x00,0x00,0x00,0x00,0x8e,0x07,
    0x00,0xcc,0x0f,0x00,0x81,0xe9,0x0b,0x22,0x06,0x1a,0x00,0x00,
    0x00,0x95,0x1e,0x0c,0x00,0x62,0x0f,0x00,0x23,0xb8,0x03,0x20,
    0xcc,0xbc,0x8c,0x2b,0x03,0x00,0x00,0x00,0x00,0xe2,0x0f,0x00,
    0x0c,0x7c,0x00,0x09,0x08,0x00,0x00,0x00,0x70,0x62,0xf6,0x0b,
    0x00,0xda,0x0f,0x00,0x81,0xb9,0x09,0x22,0x06,0x0c,0x00,0x00,
    0x00,0x95,0x1e,0x0c,0x00,0x62,0x0f,0x00,0x30,0x92,0x20,0xff,
    0x0d,0x00,0x00,0x20,0x00,0x41,0x00,0x00,0x00,0xe2,0x4f,0x00,
    0x35,0x78,0x0d,0x07,0x0e,0x00,0x00,0x00,0x00,0x00,0x8e,0x07,
    0x00,0xc8,0x0f,0x00,0x23,0x98,0x03,0x20,0xcc,0xbc,0x8c,0x2b,
    0x03,0x00,0x00,0x00,0x00,0xe2,0x0f,0x00,0x30,0xc2,0x20,0xff,
    0x0f,0x00,0x00,0x20,0x00,0x41,0x00,0x00,0x00,0xca,0x8f,0x00,
    0x23,0xc8,0x03,0x20,0xcc,0xbc,0x8c,0x2b,0x03,0x00,0x00,0x00,
    0x00,0xe2,0x0f,0x00,0x0c,0x7c,0x00,0x0d,0x08,0x00,0x00,0x00,
    0x70,0x62,0xf8,0x0b,0x00,0xe2,0x0f,0x00,0x30,0xd2,0x1e,0xff,
    0x1e,0x00,0x00,0x20,0x00,0x41,0x00,0x00,0x00,0xe2,0x0f,0x01,
    0x35,0x78,0x0d,0x12,0x52,0x00,0x00,0x00,0x00,0x00,0x8e,0x07,
    0x00,0xe2,0x0f,0x04,0x35,0x78,0x0f,0x12,0x62,0x00,0x00,0x00,
    0x00,0x00,0x8e,0x07,0x00,0xc6,0x0f,0x00,0x23,0xd8,0x03,0x1e,
    0xcc,0xbc,0x8c,0x2b,0x03,0x00,0x00,0x00,0x00,0xe2,0x0f,0x00,
    0x30,0xa2,0x1e,0xff,0x11,0x00,0x00,0x20,0x00,0x41,0x00,0x00,
    0x00,0xe2,0x0f,0x02,0x0c,0x78,0x00,0x0d,0x91,0x00,0x00,0x00,
    0x70,0x40,0xf2,0x03,0x00,0xe2,0x0f,0x00,0x35,0x78,0x0d,0x07,
    0x07,0x00,0x00,0x00,0x00,0x00,0x8e,0x07,0x00,0xe2,0x0f,0x04,
    0x35,0x78,0x07,0x07,0x0f,0x00,0x00,0x00,0x00,0x00,0x8e,0x07,
    0x00,0xe4,0x0f,0x00,0x23,0xa8,0x03,0x1e,0xcc,0xbc,0x8c,0x2b,
    0x03,0x00,0x00,0x00,0x00,0xe2,0x0f,0x00,0x30,0xe2,0x1e,0xff,
    0x0b,0x00,0x00,0x20,0x00,0x41,0x00,0x00,0x00,0xe2,0x0f,0x00,
    0x0c,0x7c,0x00,0x0d,0x08,0x00,0x00,0x00,0x70,0x62,0xfa,0x0b,
    0x00,0xe2,0x0f,0x00,0x0c,0x78,0x00,0x0f,0x91,0x00,0x00,0x00,
    0x70,0x40,0xf4,0x03,0x00,0xe2,0x0f,0x00,0x81,0xc9,0x11,0x22,
    0x06,0x1c,0x00,0x00,0x00,0x95,0x1e,0x0c,0x00,0xa4,0x0e,0x00,
    0x23,0xe8,0x03,0x1e,0xcc,0xbc,0x8c,0x2b,0x03,0x00,0x00,0x00,
    0x00,0xe2,0x0f,0x00,0x0c,0x7c,0x00,0x07,0x08,0x00,0x00,0x00,
    0x70,0x62,0xfc,0x0b,0x00,0xc4,0x0f,0x00,0x81,0x99,0x20,0x1a,
    0x06,0x52,0x00,0x00,0x00,0x91,0x1e,0x0c,0x00,0xec,0x0e,0x00,
    0x81,0xd9,0x0d,0x22,0x06,0x0e,0x00,0x00,0x00,0x95,0x1e,0x0c,
    0x00,0x28,0x0f,0x00,0x81,0xa9,0x07,0x1a,0x06,0x62,0x00,0x00,
    0x00,0x91,0x1e,0x0c,0x00,0x62,0x0f,0x00,0x30,0xb2,0x1e,0xff,
    0x09,0x00,0x00,0x20,0x00,0x41,0x00,0x00,0x00,0xc6,0x0f,0x00,
    0x81,0xe9,0x0f,0x22,0x06,0x1e,0x00,0x00,0x00,0x95,0x1e,0x0c,
    0x00,0x62,0x01,0x00,0x35,0x78,0x0b,0x18,0x52,0x00,0x00,0x00,
    0x00,0x00,0x8e,0x07,0x00,0xe2,0x0f,0x00,0x23,0xb8,0x03,0x1e,
    0xcc,0xbc,0x8c,0x2b,0x03,0x00,0x00,0x00,0x00,0xe4,0x0f,0x00,
    0x81,0x99,0x09,0x1a,0x06,0x52,0x00,0x00,0x00,0x91,0x1e,0x0c,
    0x00,0x64,0x0f,0x00,0x0c,0x78,0x00,0x0b,0x91,0x00,0x00,0x00,
    0x70,0x40,0xf6,0x03,0x00,0xda,0x0f,0x00,0x35,0xb2,0x1e,0x18,
    0x1c,0x00,0x00,0x00,0x00,0x02,0x8e,0x07,0x00,0xcc,0x0f,0x00,
    0x81,0xb9,0x0b,0x1e,0x06,0x52,0x00,0x00,0x00,0x91,0x1e,0x0c,
    0x00,0x62,0x03,0x00,0x35,0x78,0x21,0x12,0x53,0x00,0x00,0x00,
    0x00,0x00,0x8e,0x07,0x00,0xe2,0x0f,0x00,0x30,0xc2,0x24,0xff,
    0x11,0x00,0x00,0x20,0x00,0x41,0x00,0x00,0x00,0xe2,0x4f,0x00,
    0x12,0x98,0x11,0x20,0x0f,0x00,0x00,0x00,0xff,0xc0,0x8e,0x07,
    0x00,0xc8,0x8f,0x00,0x23,0xc8,0x03,0x24,0xcc,0xbc,0x8c,0x2b,
    0x03,0x00,0x00,0x00,0x00,0xe2,0x0f,0x00,0x06,0x93,0x22,0x00,
    0x11,0x00,0x00,0x00,0x00,0x10,0x10,0x00,0x00,0x22,0x1e,0x00,
    0x30,0xd2,0x20,0xff,0x0d,0x00,0x00,0x20,0x00,0x41,0x00,0x00,
    0x00,0xe2,0x0f,0x01,0x12,0xa8,0x07,0x07,0x0f,0x00,0x00,0x00,
    0xff,0xc0,0x8e,0x07,0x00,0xc8,0x0f,0x02,0x23,0xd8,0x03,0x20,
    0xcc,0xbc,0x8c,0x2b,0x03,0x00,0x00,0x00,0x00,0xe2,0x0f,0x00,
    0x06,0xa3,0x1e,0x00,0x07,0x00,0x00,0x00,0x00,0x10,0x10,0x00,
    0x00,0x62,0x2e,0x00,0x30,0xe2,0x20,0xff,0x0f,0x00,0x00,0x20,
    0x00,0x41,0x00,0x00,0x00,0xe2,0x0f,0x00,0x35,0x78,0x0f,0x06,
    0x52,0x00,0x00,0x00,0x00,0x00,0x8e,0x07,0x00,0xc8,0x0f,0x00,
    0x23,0xe8,0x03,0x20,0xcc,0xbc,0x8c,0x2b,0x03,0x00,0x00,0x00,
    0x00,0xe2,0x0f,0x00,0x0c,0x78,0x00,0x0f,0x91,0x00,0x00,0x00,
    0x70,0x40,0xfc,0x03,0x00,0xe2,0x0f,0x00,0x12,0x98,0x0f,0x09,
    0x0f,0x00,0x00,0x00,0xff,0xc0,0x8e,0x07,0x00,0xe4,0x0f,0x00,
    0x23,0x98,0x03,0x22,0x5f,0x70,0x89,0x30,0x03,0x00,0x00,0x00,
    0x00,0xe2,0x1f,0x00,0x35,0x78,0x09,0x08,0x52,0x00,0x00,0x00,
    0x00,0x00,0x8e,0x07,0x00,0xe2,0x0f,0x00,0x0c,0x78,0x00,0x21,
    0x91,0x00,0x00,0x00,0x70,0x40,0xf8,0x03,0x00,0xe2,0x0f,0x00,
    0x06,0x93,0x20,0x00,0x0f,0x00,0x00,0x00,0x00,0x10,0x10,0x00,
    0x00,0x22,0x0e,0x00,0x35,0x78,0x0d,0x12,0x63,0x00,0x00,0x00,
    0x00,0x00,0x8e,0x07,0x00,0xe2,0x0f,0x00,0x23,0xa8,0x03,0x1e,
    0x5f,0x70,0x89,0x30,0x03,0x00,0x00,0x00,0x00,0xe2,0x2f,0x00,
    0x0c,0x78,0x00,0x09,0x91,0x00,0x00,0x00,0x70,0x40,0xf4,0x03,
    0x00,0xc6,0x0f,0x00,0x0c,0x78,0x00,0x0d,0x91,0x00,0x00,0x00,
    0x70,0x40,0xfa,0x03,0x00,0xe2,0x0f,0x00,0x35,0x78,0x09,0x12,
    0x54,0x00,0x00,0x00,0x00,0x00,0x8e,0x07,0x00,0xe2,0x0f,0x00,
    0x02,0xe2,0x07,0x00,0xff,0x00,0x00,0x00,0x00,0x0f,0x00,0x00,
    0x00,0xc8,0x0f,0x00,0x81,0xc9,0x0d,0x1a,0x06,0x53,0x00,0x00,
    0x00,0x91,0x1e,0x0c,0x00,0xa2,0x0e,0x00,0x35,0xe2,0x1e,0x1c,
    0x06,0x00,0x00,0x00,0x00,0x02,0x8e,0x07,0x00,0xe4,0x0f,0x00,
    0x23,0x98,0x03,0x20,0x5f,0x70,0x89,0x30,0x03,0x00,0x00,0x00,
    0x00,0xe2,0x1f,0x00,0x0c,0x78,0x00,0x09,0x91,0x00,0x00,0x00,
    0x70,0x40,0xf2,0x03,0x00,0xe2,0x0f,0x00,0x02,0xa2,0x09,0x00,
    0xff,0x00,0x00,0x00,0x00,0x0f,0x00,0x00,0x00,0xe2,0x0f,0x00,
    0x12,0xb8,0x0f,0x0b,0x0f,0x00,0x00,0x00,0xff,0xc0,0x8e,0x07,
    0x00,0xe2,0x0f,0x00,0x81,0xd9,0x07,0x1a,0x06,0x63,0x00,0x00,
    0x00,0x91,0x1e,0x0c,0x00,0xe6,0x0e,0x00,0x06,0xb3,0x22,0x00,
    0x0f,0x00,0x00,0x00,0x00,0x10,0x10,0x00,0x00,0x22,0x0e,0x00,
    0x35,0xa2,0x20,0x1c,0x08,0x00,0x00,0x00,0x00,0x02,0x8e,0x07,
    0x00,0xc4,0x0f,0x00,0x81,0xe9,0x1e,0x1e,0x06,0x52,0x00,0x00,
    0x00,0x91,0x1e,0x0c,0x00,0x22,0x0f,0x00,0x35,0x78,0x09,0x12,
    0x64,0x00,0x00,0x00,0x00,0x00,0x8e,0x07,0x00,0xc6,0x0f,0x00,
    0x81,0x99,0x0b,0x1a,0x06,0x54,0x00,0x00,0x00,0x91,0x1e,0x0c,
    0x00,0x68,0x0f,0x00,0x81,0xa9,0x20,0x20,0x06,0x52,0x00,0x00,
    0x00,0x91,0x1e,0x0c,0x00,0x62,0x0f,0x00,0x23,0xb8,0x03,0x22,
    0x5f,0x70,0x89,0x30,0x03,0x00,0x00,0x00,0x00,0xe2,0x1f,0x00,
    0x0c,0x78,0x00,0x09,0x91,0x00,0x00,0x00,0x70,0x40,0xf6,0x03,
    0x00,0xda,0x0f,0x00,0x81,0xb9,0x09,0x1a,0x06,0x64,0x00,0x00,
    0x00,0x91,0x1e,0x0c,0x00,0x62,0x0f,0x00,0x35,0x78,0x11,0x0a,
    0x52,0x00,0x00,0x00,0x00,0x00,0x8e,0x07,0x00,0xe2,0x0f,0x00,
    0x12,0xc8,0x0d,0x0d,0x0f,0x00,0x00,0x00,0xff,0xc0,0x8e,0x07,
    0x00,0xc8,0x4f,0x00,0x06,0xc3,0x22,0x00,0x0d,0x00,0x00,0x00,
    0x00,0x10,0x10,0x00,0x00,0x22,0x0e,0x00,0x12,0xd8,0x07,0x07,
    0x0f,0x00,0x00,0x00,0xff,0xc0,0x8e,0x07,0x00,0xc8,0x8f,0x00,
    0x06,0xd3,0x24,0x00,0x07,0x00,0x00,0x00,0x00,0x10,0x10,0x00,
    0x00,0x62,0x0e,0x00,0x12,0xe8,0x1e,0x1e,0x0f,0x00,0x00,0x00,
    0xff,0xc0,0x8e,0x07,0x00,0xcc,0x0f,0x01,0x06,0xe3,0x1e,0x00,
    0x1e,0x00,0x00,0x00,0x00,0x10,0x10,0x00,0x00,0xa2,0x0e,0x00,
    0x12,0xa8,0x0f,0x20,0x0f,0x00,0x00,0x00,0xff,0xc0,0x8e,0x07,
    0x00,0xe2,0x0f,0x02,0x23,0xc8,0x03,0x22,0x5f,0x70,0x89,0x30,
    0x03,0x00,0x00,0x00,0x00,0xe2,0x1f,0x00,0x0c,0x78,0x00,0x11,
    0x91,0x00,0x00,0x00,0x70,0x40,0xf8,0x03,0x00,0xe2,0x0f,0x00,
    0x35,0x78,0x11,0x0c,0x52,0x00,0x00,0x00,0x00,0x00,0x8e,0x07,
    0x00,0xe2,0x0f,0x00,0x06,0xa3,0x22,0x00,0x0f,0x00,0x00,0x00,
    0x00,0x10,0x10,0x00,0x00,0xe2,0x00,0x00,0x12,0x98,0x0d,0x0b,
    0x0f,0x00,0x00,0x00,0xff,0xc0,0x8e,0x07,0x00,0xe2,0x0f,0x00,
    0x23,0xd8,0x03,0x24,0x5f,0x70,0x89,0x30,0x03,0x00,0x00,0x00,
    0x00,0xe4,0x2f,0x00,0x0c,0x78,0x00,0x11,0x91,0x00,0x00,0x00,
    0x70,0x40,0xfa,0x03,0x00,0xe2,0x0f,0x00,0x06,0x93,0x24,0x00,
    0x0d,0x00,0x00,0x00,0x00,0x10,0x10,0x00,0x00,0x22,0x03,0x00,
    0x23,0xe8,0x03,0x1e,0x5f,0x70,0x89,0x30,0x03,0x00,0x00,0x00,
    0x00,0xe2,0x4f,0x00,0x35,0x78,0x0f,0x0e,0x52,0x00,0x00,0x00,
    0x00,0x00,0x8e,0x07,0x00,0xc8,0x1f,0x00,0x02,0xc2,0x0b,0x00,
    0xff,0x00,0x00,0x00,0x00,0x0f,0x00,0x00,0x00,0xe2,0x0f,0x00,
    0x35,0x78,0x07,0x12,0x55,0x00,0x00,0x00,0x00,0x00,0x8e,0x07,
    0x00,0xe2,0x0f,0x00,0x23,0xa8,0x03,0x22,0x5f,0x70,0x89,0x30,
    0x03,0x00,0x00,0x00,0x00,0xe2,0x8f,0x00,0x0c,0x78,0x00,0x0f,
    0x91,0x00,0x00,0x00,0x70,0x40,0xf4,0x03,0x00,0xe2,0x0f,0x00,
    0x12,0xb8,0x0f,0x09,0x0f,0x00,0x00,0x00,0xff,0xc0,0x8e,0x07,
    0x00,0xe2,0x0f,0x00,0x35,0xc2,0x20,0x1c,0x0a,0x00,0x00,0x00,
    0x00,0x02,0x8e,0x07,0x00,0xe4,0x0f,0x00,0x35,0x78,0x0b,0x12,
    0x65,0x00,0x00,0x00,0x00,0x00,0x8e,0x07,0x00,0xe2,0x0f,0x00,
    0x0c,0x78,0x00,0x07,0x91,0x00,0x00,0x00,0x70,0x40,0xfc,0x03,
    0x00,0xe2,0x0f,0x00,0x02,0xd2,0x0d,0x00,0xff,0x00,0x00,0x00,
    0x00,0x0f,0x00,0x00,0x00,0xe2,0x2f,0x00,0x06,0xb3,0x22,0x00,
    0x0f,0x00,0x00,0x00,0x00,0x10,0x10,0x00,0x00,0x22,0x0e,0x00,
    0x23,0x98,0x03,0x24,0x5f,0x70,0x89,0x30,0x03,0x00,0x00,0x00,
    0x00,0xe2,0x0f,0x01,0x0c,0x78,0x00,0x0b,0x91,0x00,0x00,0x00,
    0x70,0x40,0xf2,0x03,0x00,0xe2,0x0f,0x00,0x81,0xc9,0x07,0x20,
    0x06,0x52,0x00,0x00,0x00,0x91,0x1e,0x0c,0x00,0xa2,0x02,0x00,
    0x35,0xd2,0x1e,0x1c,0x0c,0x00,0x00,0x00,0x00,0x02,0x8e,0x07,
    0x00,0xc4,0x0f,0x00,0x35,0x78,0x11,0x10,0x52,0x00,0x00,0x00,
    0x00,0x00,0x8e,0x07,0x00,0xc8,0x0f,0x00,0x81,0xd9,0x09,0x1e,
    0x06,0x52,0x00,0x00,0x00,0x91,0x1e,0x0c,0x00,0x28,0x07,0x00,
    0x81,0xe9,0x0b,0x1a,0x06,0x55,0x00,0x00,0x00,0x91,0x1e,0x0c,
    0x00,0x62,0x0f,0x00,0x23,0xb8,0x03,0x22,0x5f,0x70,0x89,0x30,
    0x03,0x00,0x00,0x00,0x00,0xe2,0x1f,0x00,0x0c,0x78,0x00,0x11,
    0x91,0x00,0x00,0x00,0x70,0x40,0xf6,0x03,0x00,0xe2,0x0f,0x00,
    0x02,0xa2,0x0f,0x00,0xff,0x00,0x00,0x00,0x00,0x0f,0x00,0x00,
    0x00,0xe2,0x0f,0x00,0x81,0x99,0x0d,0x1a,0x06,0x65,0x00,0x00,
    0x00,0x91,0x1e,0x0c,0x00,0x68,0x0f,0x00,0x35,0xa2,0x20,0x1c,
    0x0e,0x00,0x00,0x00,0x00,0x02,0x8e,0x07,0x00,0xce,0x2f,0x00,
    0x81,0xa9,0x20,0x20,0x06,0x52,0x00,0x00,0x00,0x91,0x1e,0x0c,
    0x00,0x62,0x0f,0x00,0x02,0xb2,0x11,0x00,0xff,0x00,0x00,0x00,
    0x00,0x0f,0x00,0x00,0x00,0xca,0x0f,0x00,0x35,0xb2,0x1e,0x1c,
    0x10,0x00,0x00,0x00,0x00,0x02,0x8e,0x07,0x00,0xcc,0x8f,0x00,
    0x81,0xb9,0x0f,0x1e,0x06,0x52,0x00,0x00,0x00,0x91,0x1e,0x0c,
    0x00,0xe2,0x00,0x00,0x12,0xc8,0x11,0x07,0x0f,0x00,0x00,0x00,
    0xff,0xc0,0x8e,0x07,0x00,0xc8,0x4f,0x00,0x06,0xc3,0x22,0x00,
    0x11,0x00,0x00,0x00,0x00,0x10,0x10,0x00,0x00,0x62,0x0e,0x00,
    0x12,0xd8,0x09,0x09,0x0f,0x00,0x00,0x00,0xff,0xc0,0x8e,0x07,
    0x00,0xe4,0x0f,0x01,0x12,0xe8,0x0b,0x0b,0x0f,0x00,0x00,0x00,
    0xff,0xc0,0x8e,0x07,0x00,0xe4,0x0f,0x02,0x06,0xd3,0x24,0x00,
    0x09,0x00,0x00,0x00,0x00,0x10,0x10,0x00,0x00,0xa2,0x0e,0x00,
    0x12,0x98,0x0d,0x0d,0x0f,0x00,0x00,0x00,0xff,0xc0,0x8e,0x07,
    0x00,0xc6,0x0f,0x00,0x06,0xe3,0x0b,0x00,0x0b,0x00,0x00,0x00,
    0x00,0x10,0x10,0x00,0x00,0x22,0x0f,0x00,0x12,0x78,0x07,0x04,
    0x80,0x00,0x00,0x00,0xff,0xfc,0x8e,0x07,0x00,0xe2,0x0f,0x00,
    0x23,0xc8,0x03,0x22,0x5f,0x70,0x89,0x30,0x03,0x00,0x00,0x00,
    0x00,0xe2,0x2f,0x00,0x06,0x93,0x0d,0x00,0x0d,0x00,0x00,0x00,
    0x00,0x10,0x10,0x00,0x00,0x66,0x0e,0x00,0x0c,0x7c,0x00,0x07,
    0x08,0x00,0x00,0x00,0x70,0x62,0xf8,0x0b,0x00,0xe2,0x0f,0x04,
    0x12,0xa8,0x20,0x20,0x0f,0x00,0x00,0x00,0xff,0xc0,0x8e,0x07,
    0x00,0xe2,0x0f,0x00,0x23,0xd8,0x03,0x24,0x5f,0x70,0x89,0x30,
    0x03,0x00,0x00,0x00,0x00,0xe2,0x4f,0x00,0x35,0x78,0x11,0x07,
    0x08,0x00,0x00,0x00,0x00,0x00,0x8e,0x07,0x00,0xe2,0x0f,0x04,
    0x35,0x78,0x09,0x07,0x01,0x00,0x00,0x00,0x00,0x00,0x8e,0x07,
    0x00,0xc4,0x0f,0x00,0x23,0xe8,0x03,0x0b,0x5f,0x70,0x89,0x30,
    0x03,0x00,0x00,0x00,0x00,0xe2,0x0f,0x01,0x06,0xa3,0x20,0x00,
    0x20,0x00,0x00,0x00,0x00,0x10,0x10,0x00,0x00,0xa2,0x0e,0x00,
    0x0c,0x7c,0x00,0x11,0x08,0x00,0x00,0x00,0x70,0x62,0xfa,0x0b,
    0x00,0xe2,0x0f,0x00,0x25,0x78,0x1e,0x07,0x02,0x00,0x00,0x00,
    0x16,0x00,0x8e,0x07,0x00,0xe2,0x1f,0x00,0x12,0xb8,0x21,0x0f,
    0x0f,0x00,0x00,0x00,0xff,0xc0,0x8e,0x07,0x00,0xc6,0x8f,0x00,
    0x23,0x98,0x03,0x0d,0x5f,0x70,0x89,0x30,0x03,0x00,0x00,0x00,
    0x00,0xe2,0x2f,0x00,0x0c,0x7c,0x00,0x09,0x08,0x00,0x00,0x00,
    0x70,0x62,0xf2,0x0b,0x00,0xe2,0x0f,0x00,0x81,0xc9,0x0b,0x1e,
    0x06,0x00,0x00,0x00,0x00,0x95,0x1e,0x0c,0x00,0xe2,0x0e,0x00,
    0x35,0x78,0x09,0x07,0x09,0x00,0x00,0x00,0x00,0x00,0x8e,0x07,
    0x00,0xe2,0x0f,0x00,0x06,0xb3,0x22,0x00,0x21,0x00,0x00,0x00,
    0x00,0x10,0x10,0x00,0x00,0x28,0x0e,0x00,0x81,0xd9,0x0d,0x1e,
    0x06,0x10,0x00,0x00,0x00,0x95,0x1e,0x0c,0x00,0x22,0x0f,0x00,
    0x0c,0x7c,0x00,0x09,0x08,0x00,0x00,0x00,0x70,0x62,0xfc,0x0b,
    0x00,0xe2,0x0f,0x00,0x35,0x78,0x09,0x07,0x02,0x00,0x00,0x00,
    0x00,0x00,0x8e,0x07,0x00,0xe2,0x0f,0x00,0x23,0xa8,0x03,0x20,
    0x5f,0x70,0x89,0x30,0x03,0x00,0x00,0x00,0x00,0xc6,0x4f,0x00,
    0x81,0x99,0x20,0x1e,0x06,0x02,0x00,0x00,0x00,0x95,0x1e,0x0c,
    0x00,0xa2,0x0e,0x00,0x0c,0x7c,0x00,0x09,0x08,0x00,0x00,0x00,
    0x70,0x62,0xf4,0x0b,0x00,0xe2,0x0f,0x00,0x35,0x78,0x09,0x07,
    0x0a,0x00,0x00,0x00,0x00,0x00,0x8e,0x07,0x00,0xe2,0x0f,0x00,
    0x23,0xb8,0x03,0x22,0x5f,0x70,0x89,0x30,0x03,0x00,0x00,0x00,
    0x00,0xc8,0x1f,0x00,0x0c,0x7c,0x00,0x09,0x08,0x00,0x00,0x00,
    0x70,0x62,0xf6,0x0b,0x00,0xe2,0x0f,0x00,0x81,0xe9,0x11,0x1e,
    0x06,0x12,0x00,0x00,0x00,0x95,0x1e,0x0c,0x00,0x6c,0x0f,0x00,
    0x81,0xa9,0x0f,0x1e,0x06,0x04,0x00,0x00,0x00,0x95,0x1e,0x0c,
    0x00,0x6c,0x0f,0x00,0x81,0xb9,0x09,0x1e,0x06,0x14,0x00,0x00,
    0x00,0x95,0x1e,0x0c,0x00,0x62,0x0f,0x00,0x30,0xc2,0x22,0xff,
    0x0b,0x00,0x00,0x20,0x00,0x41,0x00,0x00,0x00,0xe2,0x8f,0x00,
    0x35,0x78,0x0b,0x07,0x03,0x00,0x00,0x00,0x00,0x00,0x8e,0x07,
    0x00,0xc8,0x0f,0x00,0x23,0xc8,0x03,0x22,0xcc,0xbc,0x8c,0x2b,
    0x03,0x00,0x00,0x00,0x00,0xe2,0x0f,0x00,0x30,0xd2,0x22,0xff,
    0x0d,0x00,0x00,0x20,0x00,0x41,0x00,0x00,0x00,0xe2,0x0f,0x01,
    0x0c,0x7c,0x00,0x0b,0x08,0x00,0x00,0x00,0x70,0x62,0xf8,0x0b,
    0x00,0xe2,0x0f,0x00,0x35,0x78,0x0b,0x07,0x0b,0x00,0x00,0x00,
    0x00,0x00,0x8e,0x07,0x00,0xc6,0x0f,0x00,0x23,0xd8,0x03,0x22,
    0xcc,0xbc,0x8c,0x2b,0x03,0x00,0x00,0x00,0x00,0xe2,0x0f,0x00,
    0x30,0x92,0x20,0xff,0x20,0x00,0x00,0x20,0x00,0x41,0x00,0x00,
    0x00,0xe2,0x4f,0x00,0x35,0x78,0x0d,0x07,0x04,0x00,0x00,0x00,
    0x00,0x00,0x8e,0x07,0x00,0xc8,0x0f,0x00,0x23,0x98,0x03,0x20,
    0xcc,0xbc,0x8c,0x2b,0x03,0x00,0x00,0x00,0x00,0xe2,0x0f,0x00,
    0x0c,0x7c,0x00,0x0b,0x08,0x00,0x00,0x00,0x70,0x62,0xf2,0x0b,
    0x00,0xe4,0x0f,0x00,0x81,0xc9,0x0b,0x1e,0x06,0x06,0x00,0x00,
    0x00,0x95,0x1e,0x0c,0x00,0xa2,0x0e,0x00,0x30,0xe2,0x20,0xff,
    0x11,0x00,0x00,0x20,0x00,0x41,0x00,0x00,0x00,0xe2,0x0f,0x02,
    0x35,0x78,0x11,0x07,0x0c,0x00,0x00,0x00,0x00,0x00,0x8e,0x07,
    0x00,0xe2,0x0f,0x00,0x0c,0x7c,0x00,0x0d,0x08,0x00,0x00,0x00,
    0x70,0x62,0xfa,0x0b,0x00,0xc6,0x0f,0x00,0x23,0xe8,0x03,0x20,
    0xcc,0xbc,0x8c,0x2b,0x03,0x00,0x00,0x00,0x00,0xe2,0x0f,0x00,
    0x30,0xa2,0x20,0xff,0x0f,0x00,0x00,0x20,0x00,0x41,0x00,0x00,
    0x00,0xe2,0x0f,0x00,0x0c,0x7c,0x00,0x11,0x08,0x00,0x00,0x00,
    0x70,0x62,0xfc,0x0b,0x00,0xe2,0x0f,0x00,0x35,0x78,0x11,0x07,
    0x05,0x00,0x00,0x00,0x00,0x00,0x8e,0x07,0x00,0xe4,0x0f,0x00,
    0x81,0x99,0x0d,0x1e,0x06,0x16,0x00,0x00,0x00,0x95,0x1e,0x0c,
    0x00,0xe2,0x0e,0x00,0x23,0xa8,0x03,0x20,0xcc,0xbc,0x8c,0x2b,
    0x03,0x00,0x00,0x00,0x00,0xe2,0x0f,0x00,0x30,0xb2,0x20,0xff,
    0x09,0x00,0x00,0x20,0x00,0x41,0x00,0x00,0x00,0xe2,0x0f,0x00,
    0x0c,0x7c,0x00,0x11,0x08,0x00,0x00,0x00,0x70,0x62,0xf4,0x0b,
    0x00,0xe2,0x0f,0x00,0x35,0x78,0x09,0x07,0x0d,0x00,0x00,0x00,
    0x00,0x00,0x8e,0x07,0x00,0xe2,0x0f,0x00,0x81,0xd9,0x0f,0x1e,
    0x06,0x08,0x00,0x00,0x00,0x95,0x1e,0x0c,0x00,0x24,0x0f,0x00,
    0x23,0xb8,0x03,0x20,0xcc,0xbc,0x8c,0x2b,0x03,0x00,0x00,0x00,
    0x00,0xc4,0x0f,0x00,0x0c,0x7c,0x00,0x09,0x08,0x00,0x00,0x00,
    0x70,0x62,0xf6,0x0b,0x00,0xe2,0x0f,0x00,0x81,0xe9,0x11,0x1e,
    0x06,0x18,0x00,0x00,0x00,0x95,0x1e,0x0c,0x00,0x6c,0x0f,0x00,
    0x81,0xa9,0x20,0x1e,0x06,0x0a,0x00,0x00,0x00,0x95,0x1e,0x0c,
    0x00,0x6c,0x0f,0x00,0x81,0xb9,0x09,0x1e,0x06,0x1a,0x00,0x00,
    0x00,0x95,0x1e,0x0c,0x00,0x62,0x0f,0x00,0x30,0xc2,0x22,0xff,
    0x0b,0x00,0x00,0x20,0x00,0x41,0x00,0x00,0x00,0xe2,0x4f,0x00,
    0x35,0x78,0x0b,0x07,0x06,0x00,0x00,0x00,0x00,0x00,0x8e,0x07,
    0x00,0xc8,0x0f,0x00,0x23,0xc8,0x03,0x22,0xcc,0xbc,0x8c,0x2b,
    0x03,0x00,0x00,0x00,0x00,0xe2,0x0f,0x00,0x0c,0x7c,0x00,0x0b,
    0x08,0x00,0x00,0x00,0x70,0x62,0xf8,0x0b,0x00,0xe2,0x0f,0x00,
    0x35,0x78,0x0b,0x07,0x0e,0x00,0x00,0x00,0x00,0x00,0x8e,0x07,
    0x00,0xe2,0x0f,0x00,0x30,0x92,0x22,0xff,0x0d,0x00,0x00,0x20,
    0x00,0x41,0x00,0x00,0x00,0xca,0x8f,0x00,0x23,0x98,0x03,0x22,
    0xcc,0xbc,0x8c,0x2b,0x03,0x00,0x00,0x00,0x00,0xe2,0x0f,0x00,
    0x30,0xd2,0x22,0xff,0x0f,0x00,0x00,0x20,0x00,0x41,0x00,0x00,
    0x00,0xe2,0x0f,0x01,0x0c,0x7c,0x00,0x0b,0x08,0x00,0x00,0x00,
    0x70,0x62,0xf2,0x0b,0x00,0xc8,0x0f,0x00,0x81,0xc9,0x0b,0x1e,
    0x06,0x0c,0x00,0x00,0x00,0x95,0x1e,0x0c,0x00,0xa2,0x0e,0x00,
    0x23,0xd8,0x03,0x22,0xcc,0xbc,0x8c,0x2b,0x03,0x00,0x00,0x00,
    0x00,0xe2,0x0f,0x00,0x30,0xe2,0x22,0xff,0x11,0x00,0x00,0x20,
    0x00,0x41,0x00,0x00,0x00,0xe2,0x0f,0x02,0x35,0x78,0x0d,0x07,
    0x07,0x00,0x00,0x00,0x00,0x00,0x8e,0x07,0x00,0xe2,0x0f,0x00,
    0x35,0x78,0x0f,0x12,0x72,0x00,0x00,0x00,0x00,0x00,0x8e,0x07,
    0x00,0xe2,0x0f,0x00,0x30,0xa2,0x20,0xff,0x20,0x00,0x00,0x20,
    0x00,0x41,0x00,0x00,0x00,0xe4,0x0f,0x00,0x23,0xe8,0x03,0x22,
    0xcc,0xbc,0x8c,0x2b,0x03,0x00,0x00,0x00,0x00,0xe2,0x0f,0x00,
    0x0c,0x7c,0x00,0x0d,0x08,0x00,0x00,0x00,0x70,0x62,0xfa,0x0b,
    0x00,0xe2,0x0f,0x00,0x0c,0x78,0x00,0x0f,0x91,0x00,0x00,0x00,
    0x70,0x40,0xfc,0x03,0x00,0xe2,0x0f,0x00,0x81,0x99,0x0d,0x1e,
    0x06,0x1c,0x00,0x00,0x00,0x95,0x1e,0x0c,0x00,0xe2,0x0e,0x00,
    0x35,0x78,0x0f,0x12,0x82,0x00,0x00,0x00,0x00,0x00,0x8e,0x07,
    0x00,0xe2,0x0f,0x00,0x23,0xa8,0x03,0x20,0xcc,0xbc,0x8c,0x2b,
    0x03,0x00,0x00,0x00,0x00,0xe2,0x0f,0x00,0x30,0xb2,0x20,0xff,
    0x09,0x00,0x00,0x20,0x00,0x41,0x00,0x00,0x00,0xe2,0x0f,0x00,
    0x35,0x78,0x07,0x07,0x0f,0x00,0x00,0x00,0x00,0x00,0x8e,0x07,
    0x00,0xc4,0x0f,0x00,0x0c,0x78,0x00,0x0f,0x91,0x00,0x00,0x00,
    0x70,0x40,0xf4,0x03,0x00,0xe4,0x0f,0x00,0x23,0xb8,0x03,0x20,
    0xcc,0xbc,0x8c,0x2b,0x03,0x00,0x00,0x00,0x00,0xe2,0x0f,0x00,
    0x0c,0x7c,0x00,0x07,0x08,0x00,0x00,0x00,0x70,0x62,0xf6,0x0b,
    0x00,0xe4,0x0f,0x00,0x81,0xd9,0x0f,0x1e,0x06,0x0e,0x00,0x00,
    0x00,0x95,0x1e,0x0c,0x00,0x28,0x0f,0x00,0x81,0xe9,0x09,0x1a,
    0x06,0x72,0x00,0x00,0x00,0x91,0x1e,0x0c,0x00,0x68,0x0f,0x00,
    0x81,0xa9,0x07,0x1a,0x06,0x82,0x00,0x00,0x00,0x91,0x1e,0x0c,
    0x00,0x68,0x0f,0x00,0x81,0xb9,0x11,0x1e,0x06,0x1e,0x00,0x00,
    0x00,0x95,0x1e,0x0c,0x00,0x62,0x09,0x00,0x30,0xc2,0x20,0xff,
    0x0b,0x00,0x00,0x20,0x00,0x41,0x00,0x00,0x00,0xe2,0x4f,0x00,
    0x35,0x78,0x0b,0x18,0x72,0x00,0x00,0x00,0x00,0x00,0x8e,0x07,
    0x00,0xc8,0x0f,0x00,0x23,0xc8,0x03,0x20,0xcc,0xbc,0x8c,0x2b,
    0x03,0x00,0x00,0x00,0x00,0xe2,0x0f,0x00,0x0c,0x78,0x00,0x0b,
    0x91,0x00,0x00,0x00,0x70,0x40,0xf8,0x03,0x00,0xe2,0x0f,0x00,
    0x35,0x78,0x0b,0x12,0x73,0x00,0x00,0x00,0x00,0x00,0x8e,0x07,
    0x00,0xe2,0x0f,0x00,0x30,0x92,0x20,0xff,0x0d,0x00,0x00,0x20,
    0x00,0x41,0x00,0x00,0x00,0xca,0x8f,0x00,0x23,0x98,0x03,0x20,
    0xcc,0xbc,0x8c,0x2b,0x03,0x00,0x00,0x00,0x00,0xe2,0x0f,0x00,
    0x0c,0x78,0x00,0x0b,0x91,0x00,0x00,0x00,0x70,0x40,0xf2,0x03,
    0x00,0xe4,0x0f,0x00,0x81,0xe9,0x0b,0x1a,0x06,0x72,0x00,0x00,
    0x00,0x91,0x1e,0x0c,0x00,0xa6,0x0e,0x00,0x35,0xc2,0x20,0x18,
    0x1c,0x00,0x00,0x00,0x00,0x02,0x8e,0x07,0x00,0xe4,0x0f,0x00,
    0x30,0xd2,0x1e,0xff,0x0f,0x00,0x00,0x20,0x00,0x41,0x00,0x00,
    0x00,0xe2,0x0f,0x01,0x35,0x78,0x0f,0x12,0x83,0x00,0x00,0x00,
    0x00,0x00,0x8e,0x07,0x00,0xe2,0x0f,0x00,0x12,0xe8,0x09,0x09,
    0x0f,0x00,0x00,0x00,0xff,0xc0,0x8e,0x07,0x00,0xc4,0x0f,0x02,
    0x81,0xc9,0x0d,0x20,0x06,0x72,0x00,0x00,0x00,0x91,0x1e,0x0c,
    0x00,0xe2,0x00,0x00,0x23,0xd8,0x03,0x1e,0xcc,0xbc,0x8c,0x2b,
    0x03,0x00,0x00,0x00,0x00,0xe2,0x0f,0x00,0x06,0xe3,0x22,0x00,
    0x09,0x00,0x00,0x00,0x00,0x10,0x10,0x00,0x00,0x22,0x03,0x00,
    0x12,0xa8,0x07,0x07,0x0f,0x00,0x00,0x00,0xff,0xc0,0x8e,0x07,
    0x00,0xe2,0x0f,0x00,0x0c,0x78,0x00,0x0f,0x91,0x00,0x00,0x00,
    0x70,0x40,0xfa,0x03,0x00,0xe2,0x0f,0x00,0x30,0xb2,0x1e,0xff,
    0x11,0x00,0x00,0x20,0x00,0x41,0x00,0x00,0x00,0xe2,0x0f,0x00,
    0x81,0x99,0x0f,0x1a,0x06,0x73,0x00,0x00,0x00,0x91,0x1e,0x0c,
    0x00,0x62,0x0f,0x00,0x35,0x78,0x11,0x06,0x72,0x00,0x00,0x00,
    0x00,0x00,0x8e,0x07,0x00,0xe2,0x0f,0x00,0x06,0xa3,0x24,0x00,
    0x07,0x00,0x00,0x00,0x00,0x10,0x10,0x00,0x00,0x24,0x0e,0x00,
    0x23,0xb8,0x03,0x1e,0xcc,0xbc,0x8c,0x2b,0x03,0x00,0x00,0x00,
    0x00,0xc4,0x0f,0x00,0x0c,0x78,0x00,0x11,0x91,0x00,0x00,0x00,
    0x70,0x40,0xf6,0x03,0x00,0xe2,0x0f,0x00,0x35,0x78,0x09,0x08,
    0x72,0x00,0x00,0x00,0x00,0x00,0x8e,0x07,0x00,0xe2,0x2f,0x00,
    0x23,0xe8,0x03,0x22,0x5f,0x70,0x89,0x30,0x03,0x00,0x00,0x00,
    0x00,0xc6,0x0f,0x01,0x81,0xd9,0x11,0x1a,0x06,0x83,0x00,0x00,
    0x00,0x91,0x1e,0x0c,0x00,0x22,0x0f,0x00,0x23,0xa8,0x03,0x24,
    0x5f,0x70,0x89,0x30,0x03,0x00,0x00,0x00,0x00,0xe2,0x1f,0x00,
    0x0c,0x78,0x00,0x09,0x91,0x00,0x00,0x00,0x70,0x40,0xf4,0x03,
    0x00,0xcc,0x0f,0x00,0x02,0xb2,0x07,0x00,0xff,0x00,0x00,0x00,
    0x00,0x0f,0x00,0x00,0x00,0xca,0x0f,0x00,0x35,0xb2,0x1e,0x1c,
    0x06,0x00,0x00,0x00,0x00,0x02,0x8e,0x07,0x00,0xe4,0x0f,0x00,
    0x02,0xa2,0x09,0x00,0xff,0x00,0x00,0x00,0x00,0x0f,0x00,0x00,
    0x00,0xca,0x0f,0x00,0x81,0xb9,0x1e,0x1e,0x06,0x72,0x00,0x00,
    0x00,0x91,0x1e,0x0c,0x00,0x22,0x0f,0x00,0x35,0xa2,0x20,0x1c,
    0x08,0x00,0x00,0x00,0x00,0x02,0x8e,0x07,0x00,0xce,0x0f,0x00,
    0x81,0xa9,0x20,0x20,0x06,0x72,0x00,0x00,0x00,0x91,0x1e,0x0c,
    0x00,0x22,0x0f,0x00,0x35,0x78,0x07,0x12,0x74,0x00,0x00,0x00,
    0x00,0x00,0x8e,0x07,0x00,0xe2,0x0f,0x00,0x12,0xe8,0x0b,0x0b,
    0x0f,0x00,0x00,0x00,0xff,0xc0,0x8e,0x07,0x00,0xcc,0x4f,0x00,
    0x06,0xe3,0x0b,0x00,0x0b,0x00,0x00,0x00,0x00,0x10,0x10,0x00,
    0x00,0x22,0x0e,0x00,0x12,0xc8,0x0d,0x0d,0x0f,0x00,0x00,0x00,
    0xff,0xc0,0x8e,0x07,0x00,0xc8,0x8f,0x00,0x06,0xc3,0x22,0x00,
    0x0d,0x00,0x00,0x00,0x00,0x10,0x10,0x00,0x00,0x62,0x0e,0x00,
    0x12,0x98,0x0f,0x0f,0x0f,0x00,0x00,0x00,0xff,0xc0,0x8e,0x07,
    0x00,0xe2,0x0f,0x02,0x23,0xe8,0x03,0x0b,0x5f,0x70,0x89,0x30,
    0x03,0x00,0x00,0x00,0x00,0xc6,0x1f,0x00,0x06,0x93,0x24,0x00,
    0x0f,0x00,0x00,0x00,0x00,0x10,0x10,0x00,0x00,0x22,0x0e,0x00,
    0x0c,0x78,0x00,0x07,0x91,0x00,0x00,0x00,0x70,0x40,0xfc,0x03,
    0x00,0xe2,0x0f,0x00,0x35,0x78,0x07,0x12,0x84,0x00,0x00,0x00,
    0x00,0x00,0x8e,0x07,0x00,0xe2,0x0f,0x00,0x12,0xd8,0x11,0x11,
    0x0f,0x00,0x00,0x00,0xff,0xc0,0x8e,0x07,0x00,0xe2,0x0f,0x01,
    0x23,0xc8,0x03,0x22,0x5f,0x70,0x89,0x30,0x03,0x00,0x00,0x00,
    0x00,0xc6,0x2f,0x00,0x0c,0x78,0x00,0x07,0x91,0x00,0x00,0x00,
    0x70,0x40,0xf8,0x03,0x00,0xe2,0x0f,0x00,0x06,0xd3,0x22,0x00,
    0x11,0x00,0x00,0x00,0x00,0x10,0x10,0x00,0x00,0x62,0x0e,0x00,
    0x35,0x78,0x07,0x0a,0x72,0x00,0x00,0x00,0x00,0x00,0x8e,0x07,
    0x00,0xe2,0x0f,0x00,0x23,0x98,0x03,0x24,0x5f,0x70,0x89,0x30,
    0x03,0x00,0x00,0x00,0x00,0xc8,0x1f,0x00,0x0c,0x78,0x00,0x07,
    0x91,0x00,0x00,0x00,0x70,0x40,0xf2,0x03,0x00,0xe4,0x0f,0x00,
    0x81,0xe9,0x07,0x1a,0x06,0x74,0x00,0x00,0x00,0x91,0x1e,0x0c,
    0x00,0xa8,0x0e,0x00,0x81,0xc9,0x09,0x1a,0x06,0x84,0x00,0x00,
    0x00,0x91,0x1e,0x0c,0x00,0xe2,0x0e,0x00,0x35,0x78,0x0b,0x0c,
    0x72,0x00,0x00,0x00,0x00,0x00,0x8e,0x07,0x00,0xe2,0x0f,0x00,
    0x23,0xd8,0x03,0x22,0x5f,0x70,0x89,0x30,0x03,0x00,0x00,0x00,
    0x00,0xe2,0x2f,0x00,0x12,0xb8,0x22,0x1e,0x0f,0x00,0x00,0x00,
    0xff,0xc0,0x8e,0x07,0x00,0xc6,0x0f,0x00,0x0c,0x78,0x00,0x0b,
    0x91,0x00,0x00,0x00,0x70,0x40,0xfa,0x03,0x00,0xc6,0x0f,0x00,
    0x06,0xb3,0x22,0x00,0x22,0x00,0x00,0x00,0x00,0x10,0x10,0x00,
    0x00,0x22,0x0e,0x00,0x02,0x92,0x0b,0x00,0xff,0x00,0x00,0x00,
    0x00,0x0f,0x00,0x00,0x00,0xe2,0x0f,0x00,0x12,0xa8,0x0d,0x20,
    0x0f,0x00,0x00,0x00,0xff,0xc0,0x8e,0x07,0x00,0xc8,0x0f,0x00,
    0x35,0x92,0x1e,0x1c,0x0a,0x00,0x00,0x00,0x00,0x02,0x8e,0x07,
    0x00,0xe4,0x0f,0x00,0x06,0xa3,0x24,0x00,0x0d,0x00,0x00,0x00,
    0x00,0x10,0x10,0x00,0x00,0x22,0x03,0x00,0x35,0x78,0x0b,0x12,
    0x75,0x00,0x00,0x00,0x00,0x00,0x8e,0x07,0x00,0xc8,0x0f,0x00,
    0x81,0x99,0x1e,0x1e,0x06,0x72,0x00,0x00,0x00,0x91,0x1e,0x0c,
    0x00,0x62,0x0f,0x00,0x02,0xd2,0x0d,0x00,0xff,0x00,0x00,0x00,
    0x00,0x0f,0x00,0x00,0x00,0xe2,0x2f,0x00,0x23,0xb8,0x03,0x22,
    0x5f,0x70,0x89,0x30,0x03,0x00,0x00,0x00,0x00,0xe2,0x1f,0x00,
    0x0c,0x78,0x00,0x0b,0x91,0x00,0x00,0x00,0x70,0x40,0xf6,0x03,
    0x00,0xc6,0x0f,0x00,0x35,0xd2,0x20,0x1c,0x0c,0x00,0x00,0x00,
    0x00,0x02,0x8e,0x07,0x00,0xe4,0x0f,0x00,0x35,0x78,0x0b,0x12,
    0x85,0x00,0x00,0x00,0x00,0x00,0x8e,0x07,0x00,0xe2,0x0f,0x00,
    0x23,0xa8,0x03,0x24,0x5f,0x70,0x89,0x30,0x03,0x00,0x00,0x00,
    0x00,0xc8,0x0f,0x01,0x81,0xd9,0x20,0x20,0x06,0x72,0x00,0x00,
    0x00,0x91,0x1e,0x0c,0x00,0x22,0x0f,0x00,0x0c,0x78,0x00,0x0b,
    0x91,0x00,0x00,0x00,0x70,0x40,0xf4,0x03,0x00,0xc6,0x0f,0x00,
    0x81,0xb9,0x0b,0x1a,0x06,0x75,0x00,0x00,0x00,0x91,0x1e,0x0c,
    0x00,0x34,0x0f,0x00,0x81,0xa9,0x0d,0x1a,0x06,0x85,0x00,0x00,
    0x00,0x91,0x1e,0x0c,0x00,0x22,0x01,0x00,0x35,0x78,0x0f,0x0e,
    0x72,0x00,0x00,0x00,0x00,0x00,0x8e,0x07,0x00,0xe2,0x0f,0x00,
    0x35,0x78,0x11,0x10,0x72,0x00,0x00,0x00,0x00,0x00,0x8e,0x07,
    0x00,0xe2,0x0f,0x00,0x12,0xe8,0x07,0x07,0x0f,0x00,0x00,0x00,
    0xff,0xc0,0x8e,0x07,0x00,0xc8,0x4f,0x00,0x06,0xe3,0x22,0x00,
    0x07,0x00,0x00,0x00,0x00,0x10,0x10,0x00,0x00,0x62,0x0e,0x00,
    0x12,0xc8,0x09,0x09,0x0f,0x00,0x00,0x00,0xff,0xc0,0x8e,0x07,
    0x00,0xc8,0x8f,0x00,0x06,0xc3,0x24,0x00,0x09,0x00,0x00,0x00,
    0x00,0x10,0x10,0x00,0x00,0xa2,0x0e,0x00,0x23,0xe8,0x03,0x22,
    0x5f,0x70,0x89,0x30,0x03,0x00,0x00,0x00,0x00,0xe2,0x2f,0x00,
    0x0c,0x78,0x00,0x0f,0x91,0x00,0x00,0x00,0x70,0x40,0xfc,0x03,
    0x00,0xc6,0x0f,0x00,0x23,0xc8,0x03,0x24,0x5f,0x70,0x89,0x30,
    0x03,0x00,0x00,0x00,0x00,0xe2,0x4f,0x00,0x0c,0x78,0x00,0x11,
    0x91,0x00,0x00,0x00,0x70,0x40,0xf8,0x03,0x00,0xe2,0x0f,0x00,
    0x12,0x98,0x1e,0x1e,0x0f,0x00,0x00,0x00,0xff,0xc0,0x8e,0x07,
    0x00,0xd0,0x0f,0x02,0x02,0xe2,0x0f,0x00,0xff,0x00,0x00,0x00,
    0x00,0x0f,0x00,0x00,0x00,0xe2,0x0f,0x00,0x06,0x93,0x1e,0x00,
    0x1e,0x00,0x00,0x00,0x00,0x10,0x10,0x00,0x00,0x66,0x0e,0x00,
    0x02,0xc2,0x11,0x00,0xff,0x00,0x00,0x00,0x00,0x0f,0x00,0x00,
    0x00,0xe2,0x0f,0x00,0x35,0xe2,0x1a,0x1c,0x0e,0x00,0x00,0x00,
    0x00,0x02,0x8e,0x07,0x00,0xc6,0x1f,0x00,0x12,0xd8,0x20,0x20,
    0x0f,0x00,0x00,0x00,0xff,0xc0,0x8e,0x07,0x00,0xe2,0x0f,0x01,
    0x35,0xc2,0x1c,0x1c,0x10,0x00,0x00,0x00,0x00,0x02,0x8e,0x07,
    0x00,0xe4,0x0f,0x00,0x81,0xe9,0x09,0x1a,0x06,0x72,0x00,0x00,
    0x00,0x91,0x1e,0x0c,0x00,0xa2,0x00,0x00,0x12,0xb8,0x0b,0x0b,
    0x0f,0x00,0x00,0x00,0xff,0xc0,0x8e,0x07,0x00,0xe4,0x0f,0x00,
    0x06,0xd3,0x20,0x00,0x20,0x00,0x00,0x00,0x00,0x10,0x10,0x00,
    0x00,0xe2,0x0e,0x00,0x12,0x78,0x07,0x04,0xc0,0x00,0x00,0x00,
    0xff,0xfc,0x8e,0x07,0x00,0xe2,0x0f,0x00,0x81,0xc9,0x1c,0x1c,
    0x06,0x72,0x00,0x00,0x00,0x91,0x1e,0x0c,0x00,0x62,0x09,0x00,
    0x06,0xb3,0x22,0x00,0x0b,0x00,0x00,0x00,0x00,0x10,0x10,0x00,
    0x00,0x22,0x0f,0x00,0x12,0xa8,0x0f,0x0d,0x0f,0x00,0x00,0x00,
    0xff,0xc0,0x8e,0x07,0x00,0xe2,0x0f,0x00,0x23,0x98,0x03,0x1e,
    0x5f,0x70,0x89,0x30,0x03,0x00,0x00,0x00,0x00,0xe2,0x2f,0x00,
    0x35,0x78,0x11,0x07,0x08,0x00,0x00,0x00,0x00,0x00,0x8e,0x07,
    0x00,0xe2,0x0f,0x04,0x0c,0x7c,0x00,0x07,0x08,0x00,0x00,0x00,
    0x70,0x62,0xf2,0x0b,0x00,0xe2,0x0f,0x04,0x35,0x78,0x0d,0x07,
    0x01,0x00,0x00,0x00,0x00,0x00,0x8e,0x07,0x00,0xe2,0x0f,0x00,
    0x06,0xa3,0x1e,0x00,0x0f,0x00,0x00,0x00,0x00,0x10,0x10,0x00,
    0x00,0x62,0x0e,0x00,0x23,0xd8,0x03,0x20,0x5f,0x70,0x89,0x30,
    0x03,0x00,0x00,0x00,0x00,0xe2,0x8f,0x00,0x0c,0x7c,0x00,0x11,
    0x08,0x00,0x00,0x00,0x70,0x62,0xfa,0x0b,0x00,0xe2,0x0f,0x00,
    0x25,0x78,0x1a,0x07,0x02,0x00,0x00,0x00,0x16,0x00,0x8e,0x07,
    0x00,0xc8,0x1f,0x00,0x23,0xb8,0x03,0x22,0x5f,0x70,0x89,0x30,
    0x03,0x00,0x00,0x00,0x00,0xe2,0x0f,0x01,0x0c,0x7c,0x00,0x0d,
    0x08,0x00,0x00,0x00,0x70,0x62,0xf6,0x0b,0x00,0xe2,0x0f,0x00,
    0x35,0x78,0x0b,0x07,0x09,0x00,0x00,0x00,0x00,0x00,0x8e,0x07,
    0x00,0xe4,0x0f,0x00,0x81,0x99,0x11,0x1a,0x06,0x00,0x00,0x00,
    0x00,0x95,0x1e,0x0c,0x00,0xe2,0x0e,0x00,0x23,0xa8,0x03,0x1e,
    0x5f,0x70,0x89,0x30,0x03,0x00,0x00,0x00,0x00,0xe4,0x2f,0x00,
    0x0c,0x7c,0x00,0x0b,0x08,0x00,0x00,0x00,0x70,0x62,0xf4,0x0b,
    0x00,0xe2,0x0f,0x00,0x81,0xd9,0x0d,0x1a,0x06,0x10,0x00,0x00,
    0x00,0x95,0x1e,0x0c,0x00,0x2c,0x0f,0x00,0x81,0xb9,0x0f,0x1a,
    0x06,0x02,0x00,0x00,0x00,0x95,0x1e,0x0c,0x00,0x2c,0x0f,0x00,
    0x81,0xa9,0x0b,0x1a,0x06,0x12,0x00,0x00,0x00,0x95,0x1e,0x0c,
    0x00,0x22,0x0f,0x00,0x35,0x78,0x1d,0x07,0x02,0x00,0x00,0x00,
    0x00,0x00,0x8e,0x07,0x00,0xe2,0x0f,0x04,0x35,0x78,0x1f,0x07,
    0x0a,0x00,0x00,0x00,0x00,0x00,0x8e,0x07,0x00,0xe2,0x0f,0x00,
    0x12,0xe8,0x09,0x09,0x0f,0x00,0x00,0x00,0xff,0xc0,0x8e,0x07,
    0x00,0xc4,0x4f,0x00,0x12,0xc8,0x1c,0x1c,0x0f,0x00,0x00,0x00,
    0xff,0xc0,0x8e,0x07,0x00,0xe4,0x0f,0x02,0x06,0xe3,0x1e,0x00,
    0x09,0x00,0x00,0x00,0x00,0x10,0x10,0x00,0x00,0x28,0x0e,0x00,
    0x06,0xc3,0x1c,0x00,0x1c,0x00,0x00,0x00,0x00,0x10,0x10,0x00,
    0x00,0x62,0x0e,0x00,0x23,0xe8,0x03,0x1e,0x5f,0x70,0x89,0x30,
    0x03,0x00,0x00,0x00,0x00,0xe2,0x1f,0x00,0x0c,0x7c,0x00,0x1d,
    0x08,0x00,0x00,0x00,0x70,0x62,0xfc,0x0b,0x00,0xe2,0x0f,0x00,
    0x30,0x92,0x1e,0xff,0x11,0x00,0x00,0x20,0x00,0x41,0x00,0x00,
    0x00,0xe4,0x8f,0x00,0x23,0xc8,0x03,0x1c,0x5f,0x70,0x89,0x30,
    0x03,0x00,0x00,0x00,0x00,0xe2,0x2f,0x00,0x35,0x78,0x11,0x07,
    0x03,0x00,0x00,0x00,0x00,0x00,0x8e,0x07,0x00,0xe2,0x0f,0x00,
    0x0c,0x7c,0x00,0x1f,0x08,0x00,0x00,0x00,0x70,0x62,0xf8,0x0b,
    0x00,0xc4,0x0f,0x00,0x23,0x98,0x03,0x1e,0xcc,0xbc,0x8c,0x2b,
    0x03,0x00,0x00,0x00,0x00,0xe2,0x0f,0x00,0x30,0xd2,0x20,0xff,
    0x0d,0x00,0x00,0x20,0x00,0x41,0x00,0x00,0x00,0xe2,0x0f,0x01,
    0x0c,0x7c,0x00,0x11,0x08,0x00,0x00,0x00,0x70,0x62,0xf2,0x0b,
    0x00,0xe2,0x0f,0x00,0x35,0x78,0x09,0x07,0x0b,0x00,0x00,0x00,
    0x00,0x00,0x8e,0x07,0x00,0xc6,0x0f,0x00,0x81,0xe9,0x0d,0x1a,
    0x06,0x04,0x00,0x00,0x00,0x95,0x1e,0x0c,0x00,0xa2,0x0e,0x00,
    0x30,0xb2,0x1c,0xff,0x0f,0x00,0x00,0x20,0x00,0x41,0x00,0x00,
    0x00,0xe4,0x0f,0x00,0x23,0xd8,0x03,0x20,0xcc,0xbc,0x8c,0x2b,
    0x03,0x00,0x00,0x00,0x00,0xe2,0x0f,0x00,0x35,0x78,0x0f,0x07,
    0x04,0x00,0x00,0x00,0x00,0x00,0x8e,0x07,0x00,0xe2,0x0f,0x00,
    0x0c,0x7c,0x00,0x09,0x08,0x00,0x00,0x00,0x70,0x62,0xfa,0x0b,
    0x00,0xe4,0x0f,0x00,0x23,0xb8,0x03,0x1c,0xcc,0xbc,0x8c,0x2b,
    0x03,0x00,0x00,0x00,0x00,0xe4,0x0f,0x00,0x0c,0x7c,0x00,0x0f,
    0x08,0x00,0x00,0x00,0x70,0x62,0xf6,0x0b,0x00,0xe2,0x0f,0x00,
    0x30,0xa2,0x1c,0xff,0x0b,0x00,0x00,0x20,0x00,0x41,0x00,0x00,
    0x00,0xe2,0x0f,0x00,0x81,0xc9,0x0f,0x1a,0x06,0x14,0x00,0x00,
    0x00,0x95,0x1e,0x0c,0x00,0xe2,0x0e,0x00,0x35,0x78,0x09,0x07,
    0x0c,0x00,0x00,0x00,0x00,0x00,0x8e,0x07,0x00,0xc6,0x0f,0x00,
    0x81,0x99,0x0b,0x1a,0x06,0x06,0x00,0x00,0x00,0x95,0x1e,0x0c,
    0x00,0x22,0x0f,0x00,0x23,0xa8,0x03,0x1c,0xcc,0xbc,0x8c,0x2b,
    0x03,0x00,0x00,0x00,0x00,0xe2,0x0f,0x00,0x0c,0x7c,0x00,0x09,
    0x08,0x00,0x00,0x00,0x70,0x62,0xf4,0x0b,0x00,0xe4,0x0f,0x00,
    0x81,0xd9,0x11,0x1a,0x06,0x16,0x00,0x00,0x00,0x95,0x1e,0x0c,
    0x00,0x68,0x0f,0x00,0x81,0xb9,0x1d,0x1a,0x06,0x08,0x00,0x00,
    0x00,0x95,0x1e,0x0c,0x00,0x6e,0x0f,0x00,0x81,0xa9,0x09,0x1a,
    0x06,0x18,0x00,0x00,0x00,0x95,0x1e,0x0c,0x00,0x62,0x0f,0x00,
    0x30,0xe2,0x1c,0xff,0x0d,0x00,0x00,0x20,0x00,0x41,0x00,0x00,
    0x00,0xe2,0x4f,0x00,0x35,0x78,0x0d,0x07,0x05,0x00,0x00,0x00,
    0x00,0x00,0x8e,0x07,0x00,0xc8,0x0f,0x00,0x23,0xe8,0x03,0x1c,
    0xcc,0xbc,0x8c,0x2b,0x03,0x00,0x00,0x00,0x00,0xe2,0x0f,0x00,
    0x0c,0x7c,0x00,0x0d,0x08,0x00,0x00,0x00,0x70,0x62,0xfc,0x0b,
    0x00,0xe2,0x0f,0x00,0x30,0xc2,0x1e,0xff,0x0f,0x00,0x00,0x20,
    0x00,0x41,0x00,0x00,0x00,0xe2,0x8f,0x00,0x35,0x78,0x0f,0x07,
    0x0d,0x00,0x00,0x00,0x00,0x00,0x8e,0x07,0x00,0xe2,0x0f,0x00,
    0x30,0x92,0x1c,0xff,0x0b,0x00,0x00,0x20,0x00,0x41,0x00,0x00,
    0x00,0xc6,0x0f,0x01,0x23,0xc8,0x03,0x1e,0xcc,0xbc,0x8c,0x2b,
    0x03,0x00,0x00,0x00,0x00,0xe2,0x0f,0x00,0x35,0x78,0x0b,0x07,
    0x06,0x00,0x00,0x00,0x00,0x00,0x8e,0x07,0x00,0xe2,0x0f,0x00,
    0x0c,0x7c,0x00,0x0f,0x08,0x00,0x00,0x00,0x70,0x62,0xf8,0x0b,
    0x00,0xe4,0x0f,0x00,0x23,0x98,0x03,0x1c,0xcc,0xbc,0x8c,0x2b,
    0x03,0x00,0x00,0x00,0x00,0xe2,0x0f,0x00,0x30,0xd2,0x1c,0xff,
    0x11,0x00,0x00,0x20,0x00,0x41,0x00,0x00,0x00,0xe2,0x0f,0x02,
    0x0c,0x7c,0x00,0x0b,0x08,0x00,0x00,0x00,0x70,0x62,0xf2,0x0b,
    0x00,0xe2,0x0f,0x00,0x35,0x78,0x0d,0x07,0x0e,0x00,0x00,0x00,
    0x00,0x00,0x8e,0x07,0x00,0xe2,0x0f,0x04,0x81,0xe9,0x0b,0x1a,
    0x06,0x0a,0x00,0x00,0x00,0x95,0x1e,0x0c,0x00,0xa2,0x0e,0x00,
    0x30,0xb2,0x1e,0xff,0x1d,0x00,0x00,0x20,0x00,0x41,0x00,0x00,
    0x00,0xe4,0x0f,0x00,0x23,0xd8,0x03,0x1c,0xcc,0xbc,0x8c,0x2b,
    0x03,0x00,0x00,0x00,0x00,0xe2,0x0f,0x00,0x35,0x78,0x0f,0x07,
    0x07,0x00,0x00,0x00,0x00,0x00,0x8e,0x07,0x00,0xe2,0x0f,0x00,
    0x0c,0x7c,0x00,0x0d,0x08,0x00,0x00,0x00,0x70,0x62,0xfa,0x0b,
    0x00,0xe2,0x0f,0x00,0x35,0x78,0x0d,0x07,0x0f,0x00,0x00,0x00,
    0x00,0x00,0x8e,0x07,0x00,0xe2,0x0f,0x00,0x30,0xa2,0x1c,0xff,
    0x09,0x00,0x00,0x20,0x00,0x41,0x00,0x00,0x00,0xe2,0x0f,0x00,
    0x81,0xc9,0x07,0x1a,0x06,0x1a,0x00,0x00,0x00,0x95,0x1e,0x0c,
    0x00,0xe2,0x0e,0x00,0x23,0xb8,0x03,0x1e,0xcc,0xbc,0x8c,0x2b,
    0x03,0x00,0x00,0x00,0x00,0xe2,0x0f,0x00,0x0c,0x7c,0x00,0x0f,
    0x08,0x00,0x00,0x00,0x70,0x62,0xf6,0x0b,0x00,0xc4,0x0f,0x00,
    0x81,0x99,0x09,0x1a,0x06,0x0c,0x00,0x00,0x00,0x95,0x1e,0x0c,
    0x00,0x22,0x0f,0x00,0x23,0xa8,0x03,0x1c,0xcc,0xbc,0x8c,0x2b,
    0x03,0x00,0x00,0x00,0x00,0xe2,0x0f,0x00,0x0c,0x7c,0x00,0x0d,
    0x08,0x00,0x00,0x00,0x70,0x62,0xf4,0x0b,0x00,0xc8,0x0f,0x00,
    0x81,0xd9,0x0d,0x1a,0x06,0x1c,0x00,0x00,0x00,0x95,0x1e,0x0c,
    0x00,0x6a,0x0f,0x00,0x81,0xb9,0x0f,0x1a,0x06,0x0e,0x00,0x00,
    0x00,0x95,0x1e,0x0c,0x00,0x68,0x0f,0x00,0x81,0xa9,0x11,0x1a,
    0x06,0x1e,0x00,0x00,0x00,0x95,0x1e,0x0c,0x00,0x62,0x0f,0x00,
    0x90,0x78,0x04,0x04,0x01,0x00,0x00,0x00,0xff,0xe0,0xff,0x0f,
    0x00,0xe2,0x0f,0x00,0x30,0xe2,0x1c,0xff,0x0b,0x00,0x00,0x20,
    0x00,0x41,0x00,0x00,0x00,0xca,0x4f,0x00,0x23,0xe8,0x03,0x1c,
    0xcc,0xbc,0x8c,0x2b,0x03,0x00,0x00,0x00,0x00,0xe2,0x0f,0x00,
    0x30,0xc2,0x1e,0xff,0x07,0x00,0x00,0x20,0x00,0x41,0x00,0x00,
    0x00,0xe4,0x8f,0x00,0x30,0x92,0x1c,0xff,0x09,0x00,0x00,0x20,
    0x00,0x41,0x00,0x00,0x00,0xc6,0x0f,0x01,0x23,0xc8,0x03,0x1e,
    0xcc,0xbc,0x8c,0x2b,0x03,0x00,0x00,0x00,0x00,0xc8,0x0f,0x00,
    0x23,0x98,0x03,0x1c,0xcc,0xbc,0x8c,0x2b,0x03,0x00,0x00,0x00,
    0x00,0xe2,0x0f,0x00,0x0c,0x7c,0x00,0x05,0x04,0x00,0x00,0x00,
    0x70,0x50,0xf2,0x0b,0x00,0xe2,0x0f,0x00,0x30,0xd2,0x1c,0xff,
    0x0d,0x00,0x00,0x20,0x00,0x41,0x00,0x00,0x00,0xe4,0x0f,0x02,
    0x30,0xb2,0x1e,0xff,0x0f,0x00,0x00,0x20,0x00,0x41,0x00,0x00,
    0x00,0xc6,0x0f,0x00,0x23,0xd8,0x03,0x1c,0xcc,0xbc,0x8c,0x2b,
    0x03,0x00,0x00,0x00,0x00,0xe2,0x0f,0x00,0x30,0xa2,0x1a,0xff,
    0x11,0x00,0x00,0x20,0x00,0x41,0x00,0x00,0x00,0xc6,0x0f,0x00,
    0x23,0xb8,0x03,0x1e,0xcc,0xbc,0x8c,0x2b,0x03,0x00,0x00,0x00,
    0x00,0xc8,0x0f,0x00,0x23,0xa8,0x03,0x1a,0xcc,0xbc,0x8c,0x2b,
    0x03,0x00,0x00,0x00,0x00,0xe2,0x0f,0x00,0x47,0x19,0x18,0x00,
    0xd0,0xff,0xff,0xff,0xff,0xff,0x83,0x03,0x00,0xec,0x0f,0x00,
    0x89,0x7f,0x04,0x03,0x00,0x1f,0x00,0x0e,0x00,0x00,0x0e,0x00,
    0x00,0x22,0x0e,0x00,0x0c,0x72,0x00,0x02,0xff,0x00,0x00,0x00,
    0x70,0x50,0xf0,0x03,0x00,0xe2,0x2f,0x00,0x21,0x72,0x04,0x04,
    0x03,0x00,0x00,0x00,0x00,0x00,0x00,0x00,0x00,0xca,0x1f,0x00,
    0x89,0x7f,0x05,0x04,0x00,0x1f,0x00,0x0d,0x00,0x00,0x0e,0x00,
    0x00,0x24,0x0e,0x00,0x21,0x72,0x05,0x04,0x05,0x00,0x00,0x00,
    0x00,0x00,0x00,0x00,0x00,0xca,0x1f,0x00,0x89,0x7f,0x06,0x05,
    0x00,0x1f,0x80,0x0c,0x00,0x00,0x0e,0x00,0x00,0x24,0x0e,0x00,
    0x21,0x72,0x06,0x05,0x06,0x00,0x00,0x00,0x00,0x00,0x00,0x00,
    0x00,0xca,0x1f,0x00,0x89,0x7f,0x07,0x06,0x00,0x1f,0x40,0x0c,
    0x00,0x00,0x0e,0x00,0x00,0x24,0x0e,0x00,0x21,0x72,0x07,0x06,
    0x07,0x00,0x00,0x00,0x00,0x00,0x00,0x00,0x00,0xca,0x1f,0x00,
    0x89,0x7f,0x08,0x07,0x00,0x1f,0x20,0x0c,0x00,0x00,0x0e,0x00,
    0x00,0x62,0x00,0x00,0x4d,0x09,0x00,0x00,0x00,0x00,0x00,0x00,
    0x00,0x00,0x80,0x03,0x00,0xea,0x4f,0x00,0x82,0x7b,0x02,0xff,
    0x00,0xe4,0x00,0x00,0x00,0x0a,0x00,0x00,0x00,0xa2,0x0e,0x00,
    0x21,0x72,0x07,0x07,0x08,0x00,0x00,0x00,0x00,0x00,0x00,0x00,
    0x00,0xe2,0x3f,0x00,0x25,0x78,0x02,0x00,0x04,0x00,0x00,0x00,
    0x02,0x00,0x8e,0x07,0x00,0xca,0x4f,0x00,0x86,0x79,0x00,0x02,
    0x07,0x00,0x00,0x00,0x06,0x19,0x10,0x0c,0x00,0xe2,0x0f,0x00,
    0x4d,0x79,0x00,0x00,0x00,0x00,0x00,0x00,0x00,0x00,0x80,0x03,
    0x00,0xea,0x0f,0x00,0x47,0x79,0xfc,0x00,0xfc,0xff,0xff,0xff,
    0xff,0xff,0x83,0x03,0x00,0xc0,0x0f,0x00,0x18,0x79,0x00,0x00,
    0x00,0x00,0x00,0x00,0x00,0x00,0x00,0x00,0x00,0xc0,0x0f,0x00,
    0x18,0x79,0x00,0x00,0x00,0x00,0x00,0x00,0x00,0x00,0x00,0x00,
    0x00,0xc0,0x0f,0x00,0x18,0x79,0x00,0x00,0x00,0x00,0x00,0x00,
    0x00,0x00,0x00,0x00,0x00,0xc0,0x0f,0x00,0x18,0x79,0x00,0x00,
    0x00,0x00,0x00,0x00,0x00,0x00,0x00,0x00,0x00,0xc0,0x0f,0x00,
    0x18,0x79,0x00,0x00,0x00,0x00,0x00,0x00,0x00,0x00,0x00,0x00,
    0x00,0xc0,0x0f,0x00,0x18,0x79,0x00,0x00,0x00,0x00,0x00,0x00,
    0x00,0x00,0x00,0x00,0x00,0xc0,0x0f,0x00,0x18,0x79,0x00,0x00,
    0x00,0x00,0x00,0x00,0x00,0x00,0x00,0x00,0x00,0xc0,0x0f,0x00,
    0x18,0x79,0x00,0x00,0x00,0x00,0x00,0x00,0x00,0x00,0x00,0x00,
    0x00,0xc0,0x0f,0x00,0x18,0x79,0x00,0x00,0x00,0x00,0x00,0x00,
    0x00,0x00,0x00,0x00,0x00,0xc0,0x0f,0x00,0x18,0x79,0x00,0x00,
    0x00,0x00,0x00,0x00,0x00,0x00,0x00,0x00,0x00,0xc0,0x0f,0x00,
    0x18,0x79,0x00,0x00,0x00,0x00,0x00,0x00,0x00,0x00,0x00,0x00,
    0x00,0xc0,0x0f,0x00,0x18,0x79,0x00,0x00,0x00,0x00,0x00,0x00,
    0x00,0x00,0x00,0x00,0x00,0xc0,0x0f,0x00,0x18,0x79,0x00,0x00,
    0x00,0x00,0x00,0x00,0x00,0x00,0x00,0x00,0x00,0xc0,0x0f,0x00,
    0x18,0x79,0x00,0x00,0x00,0x00,0x00,0x00,0x00,0x00,0x00,0x00,
    0x00,0xc0,0x0f,0x00,0x82,0x7b,0x01,0xff,0x00,0xdf,0x00,0x00,
    0x00,0x08,0x00,0x00,0x00,0xe2,0x0f,0x00,0x19,0x79,0x09,0x00,
    0x00,0x00,0x00,0x00,0x00,0x25,0x00,0x00,0x00,0x22,0x0e,0x00,
    0xac,0x77,0x04,0xff,0x00,0x73,0x00,0x00,0x00,0x08,0x00,0x08,
    0x00,0x22,0x0e,0x00,0x19,0x79,0x00,0x00,0x00,0x00,0x00,0x00,
    0x00,0x21,0x00,0x00,0x00,0x62,0x0e,0x00,0x0c,0x7c,0x00,0x09,
    0x04,0x00,0x00,0x00,0x70,0x62,0xf0,0x0b,0x00,0xca,0x1f,0x00,
    0x0c,0x72,0x00,0x00,0xff,0x00,0x00,0x00,0x70,0x54,0x70,0x00,
    0x00,0xda,0x2f,0x00,0x4d,0x09,0x00,0x00,0x00,0x00,0x00,0x00,
    0x00,0x00,0x80,0x03,0x00,0xea,0x0f,0x00,0x02,0x78,0x00,0x00,
    0x38,0x38,0x38,0x38,0x00,0x0f,0x00,0x00,0x00,0xe2,0x0f,0x00,
    0x02,0x78,0x0a,0x00,0x22,0x22,0x22,0x22,0x00,0x0f,0x00,0x00,
    0x00,0xe2,0x0f,0x00,0x02,0x78,0x0b,0x00,0x22,0x22,0x22,0x22,
    0x00,0x0f,0x00,0x00,0x00,0xe2,0x0f,0x00,0x02,0x78,0x04,0x00,
    0x22,0x22,0x22,0x22,0x00,0x0f,0x00,0x00,0x00,0xe2,0x0f,0x00,
    0x02,0x78,0x05,0x00,0x22,0x22,0x22,0x22,0x00,0x0f,0x00,0x00,
    0x00,0xe2,0x0f,0x00,0x02,0x78,0x06,0x00,0x22,0x22,0x22,0x22,
    0x00,0x0f,0x00,0x00,0x00,0xe2,0x0f,0x00,0x02,0x78,0x07,0x00,
    0x22,0x22,0x22,0x22,0x00,0x0f,0x00,0x00,0x00,0xe2,0x0f,0x00,
    0x82,0x7b,0x02,0xff,0x00,0xe4,0x00,0x00,0x00,0x0a,0x00,0x00,
    0x00,0x22,0x0e,0x00,0xac,0x77,0x04,0xff,0x00,0x6b,0x00,0x00,
    0x00,0x0a,0x00,0x08,0x00,0x6a,0x0e,0x00,0x7f,0x74,0x04,0x04,
    0x0a,0x00,0x00,0x70,0xff,0x3e,0x04,0x00,0x00,0xe2,0x0f,0x00,
    0x25,0x78,0x02,0x09,0x04,0x00,0x00,0x00,0x02,0x00,0x8e,0x07,
    0x00,0xf6,0x1f,0x00,0x90,0xf2,0xff,0xff,0xff,0x00,0x00,0x00,
    0xff,0xe0,0xff,0x0f,0x00,0xf6,0x0f,0x00,0x90,0xf2,0xff,0xff,
    0xff,0x00,0x00,0x00,0xff,0xe0,0xff,0x0f,0x00,0xea,0x0f,0x00,
    0x86,0x79,0x00,0x02,0x04,0x00,0x00,0x00,0x04,0x19,0x10,0x0c,
    0x00,0xe2,0x2f,0x00,0x4d,0x79,0x00,0x00,0x00,0x00,0x00,0x00,
    0x00,0x00,0x80,0x03,0x00,0xea,0x0f,0x00,0x47,0x79,0xfc,0x00,
    0xfc,0xff,0xff,0xff,0xff,0xff,0x83,0x03,0x00,0xc0,0x0f,0x00,
    0x18,0x79,0x00,0x00,0x00,0x00,0x00,0x00,0x00,0x00,0x00,0x00,
    0x00,0xc0,0x0f,0x00,0x18,0x79,0x00,0x00,0x00,0x00,0x00,0x00,
    0x00,0x00,0x00,0x00,0x00,0xc0,0x0f,0x00,0x18,0x79,0x00,0x00,
    0x00,0x00,0x00,0x00,0x00,0x00,0x00,0x00,0x00,0xc0,0x0f,0x00,
    0x18,0x79,0x00,0x00,0x00,0x00,0x00,0x00,0x00,0x00,0x00,0x00,
    0x00,0xc0,0x0f,0x00,0x18,0x79,0x00,0x00,0x00,0x00,0x00,0x00,
    0x00,0x00,0x00,0x00,0x00,0xc0,0x0f,0x00,0x18,0x79,0x00,0x00,
    0x00,0x00,0x00,0x00,0x00,0x00,0x00,0x00,0x00,0xc0,0x0f,0x00,
    0x18,0x79,0x00,0x00,0x00,0x00,0x00,0x00,0x00,0x00,0x00,0x00,
    0x00,0xc0,0x0f,0x00,0x18,0x79,0x00,0x00,0x00,0x00,0x00,0x00,
    0x00,0x00,0x00,0x00,0x00,0xc0,0x0f,0x00,0x18,0x79,0x00,0x00,
    0x00,0x00,0x00,0x00,0x00,0x00,0x00,0x00,0x00,0xc0,0x0f,0x00,
    0x82,0x7b,0x01,0xff,0x00,0xdf,0x00,0x00,0x00,0x08,0x00,0x00,
    0x00,0xe2,0x0f,0x00,0x19,0x79,0x0b,0x00,0x00,0x00,0x00,0x00,
    0x00,0x25,0x00,0x00,0x00,0x22,0x0e,0x00,0xac,0x77,0x04,0xff,
    0x00,0x73,0x00,0x00,0x00,0x08,0x00,0x08,0x00,0x24,0x0e,0x00,
    0x0c,0x7c,0x00,0x0b,0x04,0x00,0x00,0x00,0x70,0x62,0xf0,0x0b,
    0x00,0xda,0x1f,0x00,0x4d,0x09,0x00,0x00,0x00,0x00,0x00,0x00,
    0x00,0x00,0x80,0x03,0x00,0xea,0x0f,0x00,0x82,0x7b,0x00,0xff,
    0x00,0xe7,0x00,0x00,0x00,0x08,0x00,0x00,0x00,0x22,0x0e,0x00,
    0xac,0x77,0x04,0xff,0x00,0x6b,0x00,0x00,0x00,0x0a,0x00,0x08,
    0x00,0x62,0x0e,0x00,0x19,0x79,0x09,0x00,0x00,0x00,0x00,0x00,
    0x00,0x21,0x00,0x00,0x00,0xa2,0x0e,0x00,0xac,0x77,0x07,0xff,
    0x00,0x74,0x00,0x00,0x00,0x08,0x00,0x08,0x00,0xea,0x0e,0x00,
    0x82,0x7b,0x06,0xff,0x00,0xe0,0x00,0x00,0x00,0x0a,0x00,0x00,
    0x00,0x22,0x0f,0x00,0x0c,0x78,0x00,0x00,0x01,0x00,0x00,0x00,
    0x70,0x62,0xf0,0x03,0x00,0xda,0x1f,0x00,0x82,0x0b,0x02,0xff,
    0x00,0xe2,0x00,0x00,0x00,0x0a,0x00,0x00,0x00,0x64,0x0e,0x00,
    0x81,0x09,0x02,0x02,0x04,0x00,0x00,0x00,0x00,0x95,0x1e,0x0c,
    0x00,0x62,0x21,0x00,0x99,0x78,0x06,0xff,0x1f,0x00,0x00,0x00,
    0x07,0x14,0x01,0x08,0x00,0xe2,0x8f,0x00,0x0c,0x72,0x00,0x09,
    0xff,0x00,0x00,0x00,0x70,0x50,0xf2,0x03,0x00,0xe2,0x4f,0x00,
    0x25,0x7c,0x04,0x0b,0x07,0x00,0x00,0x00,0xff,0x00,0x8e,0x0f,
    0x00,0xc8,0x0f,0x00,0x31,0x74,0x08,0xff,0x00,0x00,0x00,0x00,
    0xff,0x01,0x00,0x00,0x00,0xe4,0x0f,0x00,0x24,0x7c,0x00,0x0b,
    0x06,0x00,0x00,0x00,0x05,0x02,0x8e,0x0f,0x00,0xe4,0x0f,0x00,
    0x25,0x78,0x04,0x04,0x92,0x00,0x00,0x00,0x06,0x00,0x8e,0x07,
    0x00,0xc8,0x0f,0x01,0x24,0x78,0x07,0x00,0x92,0x00,0x00,0x00,
    0xff,0x02,0x8e,0x07,0x00,0xca,0x0f,0x00,0x35,0x72,0x03,0x05,
    0x07,0x00,0x00,0x00,0x00,0x00,0x8e,0x07,0x00,0xe2,0x1f,0x00,
    0x30,0x02,0x00,0xff,0x02,0x00,0x00,0x20,0x00,0x41,0x00,0x00,
    0x00,0xe2,0x0f,0x02,0x02,0x72,0x02,0x00,0x04,0x00,0x00,0x00,
    0x00,0x0f,0x00,0x00,0x00,0xc8,0x0f,0x00,0x20,0x08,0x08,0x00,
    0x77,0xcc,0x2b,0x32,0x00,0x00,0x40,0x00,0x00,0xe2,0x0f,0x00,
    0x47,0x19,0x38,0x00,0x00,0x00,0x00,0x00,0x00,0x00,0x80,0x03,
    0x00,0xec,0x0f,0x00,0x81,0x79,0x07,0x02,0x04,0x12,0x00,0x00,
    0x00,0x91,0x1e,0x0c,0x00,0xa2,0x0e,0x00,0x82,0x7b,0x04,0xff,
    0x00,0xe4,0x00,0x00,0x00,0x0a,0x00,0x00,0x00,0x26,0x0e,0x00,
    0x81,0x79,0x00,0x02,0x04,0x00,0x00,0x00,0x00,0x95,0x1e,0x0c,
    0x00,0xe8,0x0e,0x00,0x81,0x79,0x06,0x02,0x04,0x02,0x00,0x00,
    0x00,0x91,0x1e,0x0c,0x00,0x22,0x0f,0x00,0x25,0x78,0x04,0x0b,
    0x04,0x00,0x00,0x00,0x04,0x00,0x8e,0x07,0x00,0xe2,0x1f,0x00,
    0x12,0x78,0x09,0x07,0x0f,0x00,0x00,0x00,0xff,0xc0,0x8e,0x07,
    0x00,0xc6,0x4f,0x00,0x30,0x72,0x00,0xff,0x00,0x00,0x00,0x20,
    0x00,0x41,0x00,0x00,0x00,0xc6,0x8f,0x00,0x06,0x73,0x09,0x00,
    0x09,0x00,0x00,0x00,0x00,0x10,0x10,0x00,0x00,0x22,0x0e,0x00,
    0x45,0x72,0x07,0x00,0x06,0x00,0x00,0x00,0x00,0x10,0x20,0x00,
    0x00,0xca,0x0f,0x01,0x23,0x78,0x00,0x07,0x17,0xb7,0xd1,0x38,
    0x00,0x00,0x00,0x00,0x00,0xc8,0x0f,0x00,0x23,0x78,0x07,0x09,
    0xbd,0x37,0x86,0x35,0x00,0x00,0x00,0x00,0x00,0xc8,0x1f,0x00,
    0x21,0x72,0x07,0x07,0x08,0x00,0x00,0x00,0x00,0x00,0x00,0x00,
    0x00,0xca,0x0f,0x00,0x86,0x79,0x00,0x04,0x07,0x00,0x00,0x00,
    0x04,0x19,0x10,0x0c,0x00,0xe2,0x0f,0x00,0x4d,0x79,0x00,0x00,
    0x00,0x00,0x00,0x00,0x00,0x00,0x80,0x03,0x00,0xea,0x0f,0x00,
    0x0c,0x78,0x00,0x09,0x03,0x00,0x00,0x00,0x70,0x40,0xf0,0x03,
    0x00,0xda,0x0f,0x00,0x4d,0x09,0x00,0x00,0x00,0x00,0x00,0x00,
    0x00,0x00,0x80,0x03,0x00,0xea,0x0f,0x00,0x48,0x79,0x00,0x00,
    0x00,0x00,0x00,0x00,0x00,0x00,0x80,0x03,0x00,0xea,0x0f,0x00,
    0x4d,0x79,0x00,0x00,0x00,0x00,0x00,0x00,0x00,0x00,0x80,0x03,
    0x00,0xea,0x0f,0x00,0x47,0x79,0xfc,0x00,0xfc,0xff,0xff,0xff,
    0xff,0xff,0x83,0x03,0x00,0xc0,0x0f,0x00,0x18,0x79,0x00,0x00,
    0x00,0x00,0x00,0x00,0x00,0x00,0x00,0x00,0x00,0xc0,0x0f,0x00,
    0x18,0x79,0x00,0x00,0x00,0x00,0x00,0x00,0x00,0x00,0x00,0x00,
    0x00,0xc0,0x0f,0x00,0x18,0x79,0x00,0x00,0x00,0x00,0x00,0x00,
    0x00,0x00,0x00,0x00,0x00,0xc0,0x0f,0x00,0x18,0x79,0x00,0x00,
    0x00,0x00,0x00,0x00,0x00,0x00,0x00,0x00,0x00,0xc0,0x0f,0x00,
    0x18,0x79,0x00,0x00,0x00,0x00,0x00,0x00,0x00,0x00,0x00,0x00,
    0x00,0xc0,0x0f,0x00,0x18,0x79,0x00,0x00,0x00,0x00,0x00,0x00,
    0x00,0x00,0x00,0x00,0x00,0xc0,0x0f,0x00,0x18,0x79,0x00,0x00,
    0x00,0x00,0x00,0x00,0x00,0x00,0x00,0x00,0x00,0xc0,0x0f,0x00,
    0x18,0x79,0x00,0x00,0x00,0x00,0x00,0x00,0x00,0x00,0x00,0x00,
    0x00,0xc0,0x0f,0x00,0x18,0x79,0x00,0x00,0x00,0x00,0x00,0x00,
    0x00,0x00,0x00,0x00,0x00,0xc0,0x0f,0x00,0x18,0x79,0x00,0x00,
    0x00,0x00,0x00,0x00,0x00,0x00,0x00,0x00,0x00,0xc0,0x0f,0x00,
    0x18,0x79,0x00,0x00,0x00,0x00,0x00,0x00,0x00,0x00,0x00,0x00,
    0x00,0xc0,0x0f,0x00,0x18,0x79,0x00,0x00,0x00,0x00,0x00,0x00,
    0x00,0x00,0x00,0x00,0x00,0xc0,0x0f,0x00,0x82,0x7b,0x01,0xff,
    0x00,0xdf,0x00,0x00,0x00,0x08,0x00,0x00,0x00,0x22,0x0e,0x00,
    0x19,0x79,0x0b,0x00,0x00,0x00,0x00,0x00,0x00,0x25,0x00,0x00,
    0x00,0x62,0x0e,0x00,0xac,0x77,0x04,0xff,0x00,0x73,0x00,0x00,
    0x00,0x08,0x00,0x08,0x00,0x62,0x0e,0x00,0x35,0x78,0x01,0x01,
    0xe0,0xff,0xff,0xff,0x00,0x00,0x8e,0x07,0x00,0xca,0x1f,0x00,
    0xca,0x72,0x0f,0x01,0x00,0x00,0x00,0x00,0x00,0x00,0x0e,0x00,
    0x00,0xe2,0x0f,0x00,0x0c,0x7c,0x00,0x0b,0x04,0x00,0x00,0x00,
    0x70,0x62,0xf0,0x0b,0x00,0xda,0x2f,0x00,0x4d,0x09,0x00,0x00,
    0x00,0x00,0x00,0x00,0x00,0x00,0x80,0x03,0x00,0xea,0x0f,0x00,
    0xac,0x77,0x04,0xff,0x00,0x74,0x00,0x00,0x00,0x08,0x00,0x08,
    0x00,0x22,0x0e,0x00,0x19,0x79,0x11,0x00,0x00,0x00,0x00,0x00,
    0x00,0x21,0x00,0x00,0x00,0x62,0x0e,0x00,0x02,0x72,0x03,0x00,
    0xff,0x00,0x00,0x00,0x00,0x0f,0x00,0x00,0x00,0xe2,0x0f,0x00,
    0xac,0x77,0x0c,0xff,0x00,0x6b,0x00,0x00,0x00,0x0a,0x00,0x08,
    0x00,0xa2,0x0e,0x00,0x8c,0x78,0x00,0x04,0x01,0x00,0x00,0x00,
    0x70,0x62,0xf0,0x0b,0x00,0xd2,0x1f,0x00,0x47,0x75,0xd4,0x08,
    0x49,0x00,0x00,0x00,0x00,0x00,0x80,0x0b,0x00,0xea,0x0f,0x00,
    0xac,0x77,0x0a,0xff,0x00,0x5f,0x00,0x00,0x00,0x08,0x00,0x08,
    0x00,0x22,0x0e,0x00,0x12,0x78,0x00,0x11,0xf8,0x03,0x00,0x00,
    0xff,0xc0,0x8e,0x07,0x00,0xe2,0x2f,0x00,0x02,0x72,0x03,0x00,
    0xff,0x00,0x00,0x00,0x00,0x0f,0x00,0x00,0x00,0xc6,0x0f,0x00,
    0x12,0x78,0x12,0x00,0x06,0x00,0x00,0x00,0xff,0xfc,0x8e,0x07,
    0x00,0xe2,0x0f,0x04,0x35,0x78,0x10,0x00,0x25,0x00,0x00,0x00,
    0x00,0x00,0x8e,0x07,0x00,0xe2,0x0f,0x04,0x35,0x78,0x14,0x00,
    0x27,0x00,0x00,0x00,0x00,0x00,0x8e,0x07,0x00,0xe4,0x0f,0x00,
    0x19,0x78,0x12,0xff,0x01,0x00,0x00,0x00,0x12,0x16,0x01,0x00,
    0x00,0xe4,0x0f,0x00,0x19,0x78,0x10,0xff,0x01,0x00,0x00,0x00,
    0x10,0x16,0x01,0x00,0x00,0xe4,0x0f,0x00,0x19,0x78,0x14,0xff,
    0x01,0x00,0x00,0x00,0x14,0x16,0x01,0x00,0x00,0xe2,0x0f,0x00,
    0x90,0x72,0x04,0x0f,0x0a,0x00,0x00,0x00,0xff,0xe0,0xff,0x0f,
    0x00,0xc8,0x1f,0x00,0x90,0x78,0x05,0x04,0x10,0x00,0x00,0x00,
    0xff,0xe0,0xff,0x0f,0x00,0xe2,0x0f,0x00,0x90,0x78,0x06,0x04,
    0x14,0x00,0x00,0x00,0xff,0xe0,0xff,0x0f,0x00,0xe2,0x0f,0x00,
    0x90,0x78,0x04,0x04,0x18,0x00,0x00,0x00,0xff,0xe0,0xff,0x0f,
    0x00,0xe4,0x0f,0x00,0x90,0x72,0x08,0x0a,0x05,0x00,0x00,0x00,
    0xff,0xe1,0xff,0x0f,0x00,0xe2,0x0f,0x00,0x90,0x72,0x09,0x0a,
    0x06,0x00,0x00,0x00,0xff,0xe1,0xff,0x0f,0x00,0xe2,0x0f,0x00,
    0x90,0x72,0x0a,0x0a,0x04,0x00,0x00,0x00,0xff,0xe1,0xff,0x0f,
    0x00,0xc6,0x0f,0x00,0x82,0x7c,0x04,0x00,0xff,0x00,0x00,0x00,
    0x00,0x00,0x00,0x08,0x00,0xd2,0x4f,0x00,0x82,0x7b,0x00,0xff,
    0x00,0xe8,0x00,0x00,0x00,0x08,0x00,0x00,0x00,0x22,0x0e,0x00,
    0x82,0x7c,0x05,0x00,0xff,0x00,0x00,0x00,0x00,0x00,0x00,0x08,
    0x00,0xe2,0x0f,0x00,0xac,0x77,0x0b,0xff,0x80,0x73,0x00,0x00,
    0x00,0x08,0x00,0x08,0x00,0x6c,0x0e,0x00,0x82,0x7b,0x0c,0xff,
    0x00,0xe0,0x00,0x00,0x00,0x0a,0x00,0x00,0x00,0xa2,0x0e,0x00,
    0x25,0x7e,0x04,0x0b,0x04,0x00,0x00,0x00,0x00,0x00,0x8e,0x0f,
    0x00,0xc8,0x1f,0x00,0x24,0x78,0x05,0x05,0x92,0x00,0x00,0x00,
    0xff,0x02,0x8e,0x07,0x00,0xe4,0x0f,0x00,0x25,0x78,0x0c,0x04,
    0x92,0x00,0x00,0x00,0x0c,0x00,0x8e,0x07,0x00,0xca,0x4f,0x00,
    0x35,0x72,0x0d,0x0d,0x05,0x00,0x00,0x00,0x00,0x00,0x8e,0x07,
    0x00,0xca,0x0f,0x00,0x81,0x79,0x04,0x0c,0x0c,0x02,0x00,0x00,
    0x00,0x99,0x1e,0x0c,0x00,0xa8,0x0e,0x00,0x81,0x79,0x05,0x0c,
    0x0c,0x06,0x00,0x00,0x00,0x99,0x1e,0x0c,0x00,0xa8,0x0e,0x00,
    0x81,0x79,0x06,0x0c,0x0c,0x0a,0x00,0x00,0x00,0x99,0x1e,0x0c,
    0x00,0xa8,0x0e,0x00,0x81,0x79,0x07,0x0c,0x0c,0x0e,0x00,0x00,
    0x00,0x99,0x1e,0x0c,0x00,0xa8,0x0e,0x00,0x81,0x79,0x08,0x0c,
    0x0c,0x00,0x00,0x00,0x00,0x95,0x1e,0x0c,0x00,0xe2,0x0e,0x00,
    0x90,0x78,0x04,0x04,0x01,0x00,0x00,0x00,0xff,0xe0,0xff,0x0f,
    0x00,0xe2,0x0f,0x00,0x02,0x72,0x0f,0x00,0xff,0x00,0x00,0x00,
    0x00,0x0f,0x00,0x00,0x00,0xca,0x0f,0x00,0x0c,0x7c,0x00,0x00,
    0x04,0x00,0x00,0x00,0x70,0x50,0xf4,0x0b,0x00,0xe2,0x0f,0x00,
    0x12,0x78,0x00,0x11,0xf8,0x03,0x00,0x00,0xff,0xc0,0x8e,0x07,
    0x00,0xc8,0x0f,0x00,0x19,0x78,0x02,0xff,0x01,0x00,0x00,0x00,
    0x00,0x16,0x01,0x00,0x00,0xca,0x0f,0x00,0x02,0x72,0x0e,0x00,
    0x02,0x00,0x00,0x00,0x00,0x0f,0x00,0x00,0x00,0xe2,0x0f,0x00,
    0x87,0x73,0x00,0x01,0x04,0x00,0x00,0x00,0x00,0x0c,0x10,0x00,
    0x00,0xe2,0x41,0x00,0x30,0x72,0x08,0xff,0x08,0x00,0x00,0x20,
    0x00,0x41,0x00,0x00,0x00,0xce,0xaf,0x00,0x99,0x78,0x06,0x05,
    0x05,0x00,0x00,0x00,0xff,0x06,0x00,0x08,0x00,0xe2,0x0f,0x00,
    0x82,0x7c,0x07,0x00,0xff,0x00,0x00,0x00,0x00,0x00,0x00,0x08,
    0x00,0xe2,0x0f,0x00,0x87,0x79,0x00,0xff,0xff,0x00,0x00,0x00,
    0x08,0x08,0x10,0x08,0x00,0xe4,0x0f,0x00,0x90,0x78,0x0e,0x06,
    0x12,0x00,0x00,0x00,0xff,0xe0,0xff,0x0f,0x00,0xe4,0x0f,0x00,
    0x35,0x7c,0x16,0x0e,0x06,0x00,0x00,0x00,0x00,0x02,0x8e,0x0f,
    0x00,0xc8,0x0f,0x00,0x35,0x7c,0x0a,0x02,0x0e,0x00,0x00,0x00,
    0x00,0x00,0x8e,0x0f,0x00,0xe2,0x0f,0x00,0x35,0x72,0x16,0x0c,
    0x16,0x00,0x00,0x00,0x00,0x02,0x8e,0x07,0x00,0xc8,0x0f,0x00,
    0x0c,0x78,0x00,0x0a,0x91,0x00,0x00,0x00,0x70,0x40,0xf0,0x03,
    0x00,0xe2,0x0f,0x04,0x87,0x79,0x00,0xff,0xff,0x00,0x00,0x00,
    0x09,0x08,0x10,0x08,0x00,0xe8,0x0f,0x00,0x87,0x79,0x00,0xff,
    0xff,0x00,0x00,0x00,0x0a,0x08,0x10,0x08,0x00,0xe8,0x0f,0x00,
    0x87,0x73,0x00,0x01,0xff,0x1c,0x00,0x00,0x00,0x08,0x10,0x00,
    0x00,0xe8,0x0f,0x00,0x81,0x89,0x06,0x16,0x0c,0x12,0x00,0x00,
    0x00,0x91,0x1e,0x0c,0x00,0xa8,0x1e,0x00,0x83,0x79,0x05,0xff,
    0x08,0x00,0x00,0x00,0x00,0x08,0x10,0x08,0x00,0xe2,0x0e,0x00,
    0x35,0x78,0x04,0x0a,0x10,0x00,0x00,0x00,0x00,0x00,0x8e,0x07,
    0x00,0xca,0x0f,0x00,0x0c,0x78,0x00,0x04,0x91,0x00,0x00,0x00,
    0x70,0x40,0xf2,0x03,0x00,0xe2,0x0f,0x00,0x02,0x72,0x04,0x00,
    0xff,0x00,0x00,0x00,0x00,0x0f,0x00,0x00,0x00,0xd8,0x0f,0x00,
    0x81,0x99,0x07,0x16,0x0c,0x22,0x00,0x00,0x00,0x91,0x1e,0x0c,
    0x00,0x22,0x0f,0x00,0x12,0x88,0x04,0x06,0x0f,0x00,0x00,0x00,
    0xff,0xc0,0x8e,0x07,0x00,0xc8,0x4f,0x00,0x12,0x72,0x05,0x05,
    0x04,0x00,0x00,0x00,0xff,0xfc,0x8e,0x07,0x00,0xca,0x8f,0x00,
    0x87,0x79,0x00,0xff,0x05,0x00,0x00,0x00,0x08,0x08,0x10,0x08,
    0x00,0xe8,0x01,0x00,0x83,0x79,0x09,0xff,0x09,0x00,0x00,0x00,
    0x00,0x08,0x10,0x08,0x00,0xa2,0x0e,0x00,0x02,0x72,0x06,0x00,
    0xff,0x00,0x00,0x00,0x00,0x0f,0x00,0x00,0x00,0xe2,0x0f,0x00,
    0x12,0x98,0x06,0x07,0x0f,0x00,0x00,0x00,0xff,0xc0,0x8e,0x07,
    0x00,0xc8,0x0f,0x01,0x12,0x72,0x09,0x09,0x06,0x00,0x00,0x00,
    0xff,0xfc,0x8e,0x07,0x00,0xca,0x4f,0x00,0x87,0x79,0x00,0xff,
    0x09,0x00,0x00,0x00,0x09,0x08,0x10,0x08,0x00,0xe8,0x0f,0x00,
    0x83,0x79,0x07,0xff,0x0a,0x00,0x00,0x00,0x00,0x08,0x10,0x08,
    0x00,0xa2,0x0e,0x00,0x0c,0x78,0x00,0x0a,0x91,0x00,0x00,0x00,
    0x70,0x40,0xf6,0x03,0x00,0xda,0x0f,0x00,0x81,0xb9,0x05,0x16,
    0x0c,0x12,0x00,0x00,0x00,0x91,0x1e,0x0c,0x00,0xe2,0x1e,0x00,
    0x12,0x72,0x13,0x07,0x04,0x00,0x00,0x00,0xff,0xfc,0x8e,0x07,
    0x00,0xca,0x4f,0x00,0x87,0x79,0x00,0xff,0x13,0x00,0x00,0x00,
    0x0a,0x08,0x10,0x08,0x00,0xe8,0x0f,0x00,0x83,0x79,0x07,0x01,
    0x00,0x1c,0x00,0x00,0x00,0x08,0x10,0x00,0x00,0xa2,0x0e,0x00,
    0x35,0x78,0x18,0x00,0x21,0x00,0x00,0x00,0x00,0x00,0x8e,0x07,
    0x00,0xca,0x0f,0x00,0x19,0x78,0x18,0xff,0x01,0x00,0x00,0x00,
    0x18,0x16,0x01,0x00,0x00,0xca,0x0f,0x00,0x35,0x7c,0x04,0x18,
    0x0e,0x00,0x00,0x00,0x00,0x00,0x8e,0x0f,0x00,0xca,0x0f,0x00,
    0x0c,0x78,0x00,0x04,0x91,0x00,0x00,0x00,0x70,0x40,0xf0,0x03,
    0x00,0xe2,0x0f,0x00,0x12,0x72,0x06,0x07,0x06,0x00,0x00,0x00,
    0xff,0xfc,0x8e,0x07,0x00,0xca,0x4f,0x00,0x87,0x73,0x00,0x01,
    0x06,0x1c,0x00,0x00,0x00,0x08,0x10,0x00,0x00,0xe8,0x01,0x00,
    0x83,0x79,0x07,0xff,0x08,0x00,0x00,0x00,0x00,0x08,0x10,0x08,
    0x00,0xa6,0x0e,0x00,0x02,0x82,0x19,0x00,0xff,0x00,0x00,0x00,
    0x00,0x0f,0x00,0x00,0x00,0xe2,0x0f,0x00,0x02,0x72,0x04,0x00,
    0xff,0x00,0x00,0x00,0x00,0x0f,0x00,0x00,0x00,0xc8,0x0f,0x00,
    0x35,0x8c,0x18,0x18,0x06,0x00,0x00,0x00,0x00,0x02,0x8e,0x0f,
    0x00,0xc6,0x0f,0x00,0x12,0xb8,0x04,0x05,0xf0,0x00,0x00,0x00,
    0xff,0xc0,0x8e,0x07,0x00,0xe2,0x8f,0x00,0x35,0x82,0x18,0x0c,
    0x18,0x00,0x00,0x00,0x00,0x02,0x8e,0x07,0x00,0xce,0x0f,0x00,
    0x81,0x89,0x18,0x18,0x0c,0x12,0x00,0x00,0x00,0x91,0x1e,0x0c,
    0x00,0xe2,0x0e,0x00,0x12,0x72,0x07,0x07,0x04,0x00,0x00,0x00,
    0xff,0xfc,0x8e,0x07,0x00,0xca,0x4f,0x00,0x87,0x79,0x00,0xff,
    0x07,0x00,0x00,0x00,0x08,0x08,0x10,0x08,0x00,0xe8,0x03,0x00,
    0x83,0x79,0x06,0xff,0x09,0x00,0x00,0x00,0x00,0x08,0x10,0x08,
    0x00,0xa2,0x1e,0x00,0x02,0x72,0x05,0x00,0xff,0x00,0x00,0x00,
    0x00,0x0f,0x00,0x00,0x00,0xe2,0x0f,0x00,0x12,0x88,0x05,0x18,
    0xf0,0x00,0x00,0x00,0xff,0xc0,0x8e,0x07,0x00,0xc8,0x8f,0x00,
    0x12,0x72,0x09,0x06,0x05,0x00,0x00,0x00,0xff,0xfc,0x8e,0x07,
    0x00,0xca,0x4f,0x00,0x87,0x79,0x00,0xff,0x09,0x00,0x00,0x00,
    0x09,0x08,0x10,0x08,0x00,0xe8,0x01,0x00,0x83,0x79,0x13,0xff,
    0x0a,0x00,0x00,0x00,0x00,0x08,0x10,0x08,0x00,0xa4,0x0e,0x00,
    0x12,0x72,0x13,0x13,0x04,0x00,0x00,0x00,0xff,0xfc,0x8e,0x07,
    0x00,0xca,0x4f,0x00,0x87,0x79,0x00,0xff,0x13,0x00,0x00,0x00,
    0x0a,0x08,0x10,0x08,0x00,0xe8,0x0f,0x00,0x83,0x79,0x1a,0x01,
    0x00,0x1c,0x00,0x00,0x00,0x08,0x10,0x00,0x00,0xa2,0x0e,0x00,
    0x35,0x78,0x04,0x0a,0x01,0x00,0x00,0x00,0x00,0x00,0x8e,0x07,
    0x00,0xca,0x0f,0x00,0x0c,0x78,0x00,0x04,0x91,0x00,0x00,0x00,
    0x70,0x40,0xf0,0x03,0x00,0xda,0x0f,0x00,0x81,0x89,0x06,0x16,
    0x0c,0x13,0x00,0x00,0x00,0x91,0x1e,0x0c,0x00,0xe2,0x0e,0x00,
    0x12,0x72,0x04,0x1a,0x05,0x00,0x00,0x00,0xff,0xfc,0x8e,0x07,
    0x00,0xca,0x4f,0x00,0x87,0x73,0x00,0x01,0x04,0x1c,0x00,0x00,
    0x00,0x08,0x10,0x00,0x00,0xe8,0x05,0x00,0x83,0x79,0x18,0xff,
    0x08,0x00,0x00,0x00,0x00,0x08,0x10,0x08,0x00,0x22,0x0f,0x00,
    0x35,0x78,0x05,0x0a,0x11,0x00,0x00,0x00,0x00,0x00,0x8e,0x07,
    0x00,0xca,0x0f,0x00,0x0c,0x78,0x00,0x05,0x91,0x00,0x00,0x00,
    0x70,0x40,0xf2,0x03,0x00,0xe2,0x0f,0x00,0x24,0x88,0x06,0x06,
    0x00,0x01,0x00,0x00,0xff,0x00,0x8e,0x07,0x00,0xe2,0x8f,0x00,
    0x02,0x72,0x05,0x00,0xff,0x00,0x00,0x00,0x00,0x0f,0x00,0x00,
    0x00,0xc8,0x0f,0x00,0x12,0x88,0x05,0x06,0x00,0x0f,0x00,0x00,
    0xff,0xc0,0x8e,0x07,0x00,0xce,0x0f,0x00,0x81,0x99,0x06,0x16,
    0x0c,0x23,0x00,0x00,0x00,0x91,0x1e,0x0c,0x00,0xe2,0x0e,0x00,
    0x12,0x72,0x18,0x18,0x05,0x00,0x00,0x00,0xff,0xfc,0x8e,0x07,
    0x00,0xca,0x0f,0x01,0x87,0x79,0x00,0xff,0x18,0x00,0x00,0x00,
    0x08,0x08,0x10,0x08,0x00,0xe8,0x09,0x00,0x83,0x79,0x07,0xff,
    0x09,0x00,0x00,0x00,0x00,0x08,0x10,0x08,0x00,0x22,0x2e,0x00,
    0x02,0x72,0x1a,0x00,0xff,0x00,0x00,0x00,0x00,0x0f,0x00,0x00,
    0x00,0xe2,0x0f,0x00,0x24,0x98,0x06,0x06,0x00,0x01,0x00,0x00,
    0xff,0x00,0x8e,0x07,0x00,0xca,0x8f,0x00,0x12,0x98,0x1a,0x06,
    0x00,0x0f,0x00,0x00,0xff,0xc0,0x8e,0x07,0x00,0xc8,0x0f,0x00,
    0x12,0x72,0x09,0x07,0x1a,0x00,0x00,0x00,0xff,0xfc,0x8e,0x07,
    0x00,0xca,0x1f,0x00,0x87,0x79,0x00,0xff,0x09,0x00,0x00,0x00,
    0x09,0x08,0x10,0x08,0x00,0xe8,0x0f,0x00,0x83,0x79,0x04,0xff,
    0x0a,0x00,0x00,0x00,0x00,0x08,0x10,0x08,0x00,0xa2,0x4e,0x00,
    0x12,0x78,0x06,0x00,0x02,0x00,0x00,0x00,0xff,0xfc,0x8e,0x07,
    0x00,0xc8,0x0f,0x00,0x19,0x78,0x06,0xff,0x01,0x00,0x00,0x00,
    0x06,0x16,0x01,0x00,0x00,0xe4,0x0f,0x00,0x12,0x72,0x05,0x04,
    0x05,0x00,0x00,0x00,0xff,0xfc,0x8e,0x07,0x00,0xca,0x4f,0x00,
    0x87,0x79,0x00,0xff,0x05,0x00,0x00,0x00,0x0a,0x08,0x10,0x08,
    0x00,0xe8,0x01,0x00,0x83,0x79,0x13,0x01,0x00,0x1c,0x00,0x00,
    0x00,0x08,0x10,0x00,0x00,0xa2,0x0e,0x00,0x35,0x7c,0x04,0x06,
    0x0e,0x00,0x00,0x00,0x00,0x00,0x8e,0x0f,0x00,0xca,0x0f,0x00,
    0x0c,0x78,0x00,0x04,0x91,0x00,0x00,0x00,0x70,0x40,0xf0,0x03,
    0x00,0xda,0x0f,0x00,0x02,0x82,0x07,0x00,0xff,0x00,0x00,0x00,
    0x00,0x0f,0x00,0x00,0x00,0xca,0x0f,0x00,0x35,0x8c,0x06,0x06,
    0x06,0x00,0x00,0x00,0x00,0x02,0x8e,0x0f,0x00,0xc8,0x0f,0x00,
    0x35,0x82,0x06,0x0c,0x06,0x00,0x00,0x00,0x00,0x02,0x8e,0x07,
    0x00,0xce,0x0f,0x00,0x81,0x89,0x06,0x06,0x0c,0x12,0x00,0x00,
    0x00,0x91,0x1e,0x0c,0x00,0xe2,0x0e,0x00,0x12,0x72,0x04,0x13,
    0x1a,0x00,0x00,0x00,0xff,0xfc,0x8e,0x07,0x00,0xca,0x4f,0x00,
    0x87,0x73,0x00,0x01,0x04,0x1c,0x00,0x00,0x00,0x08,0x10,0x00,
    0x00,0xe8,0x03,0x00,0x83,0x79,0x18,0xff,0x08,0x00,0x00,0x00,
    0x00,0x08,0x10,0x08,0x00,0xa2,0x0e,0x01,0x35,0x78,0x1a,0x00,
    0x23,0x00,0x00,0x00,0x00,0x00,0x8e,0x07,0x00,0xca,0x0f,0x00,
    0x19,0x78,0x1a,0xff,0x01,0x00,0x00,0x00,0x1a,0x16,0x01,0x00,
    0x00,0xca,0x0f,0x00,0x35,0x7c,0x05,0x1a,0x0e,0x00,0x00,0x00,
    0x00,0x00,0x8e,0x0f,0x00,0xca,0x1f,0x00,0x0c,0x78,0x00,0x05,
    0x91,0x00,0x00,0x00,0x70,0x40,0xf2,0x03,0x00,0xda,0x0f,0x00,
    0x02,0x92,0x1b,0x00,0xff,0x00,0x00,0x00,0x00,0x0f,0x00,0x00,
    0x00,0xca,0x0f,0x00,0x35,0x9c,0x1a,0x1a,0x06,0x00,0x00,0x00,
    0x00,0x02,0x8e,0x0f,0x00,0xc6,0x0f,0x00,0x19,0x88,0x06,0xff,
    0x04,0x00,0x00,0x00,0x06,0x16,0x01,0x00,0x00,0xe2,0x8f,0x00,
    0x35,0x92,0x1a,0x0c,0x1a,0x00,0x00,0x00,0x00,0x02,0x8e,0x07,
    0x00,0xe4,0x0f,0x00,0x02,0x72,0x05,0x00,0xff,0x00,0x00,0x00,
    0x00,0x0f,0x00,0x00,0x00,0xe4,0x0f,0x00,0x24,0x88,0x05,0x06,
    0x00,0x10,0x00,0x00,0xff,0x00,0x8e,0x07,0x00,0xc6,0x0f,0x00,
    0x81,0x99,0x1a,0x1a,0x0c,0x12,0x00,0x00,0x00,0x91,0x1e,0x0c,
    0x00,0x64,0x0e,0x00,0x12,0x72,0x18,0x18,0x05,0x00,0x00,0x00,
    0xff,0xfc,0x8e,0x07,0x00,0xca,0x4f,0x00,0x87,0x79,0x00,0xff,
    0x18,0x00,0x00,0x00,0x08,0x08,0x10,0x08,0x00,0xe8,0x01,0x00,
    0x83,0x79,0x06,0xff,0x09,0x00,0x00,0x00,0x00,0x08,0x10,0x08,
    0x00,0xa2,0x0e,0x00,0x02,0x72,0x07,0x00,0xff,0x00,0x00,0x00,
    0x00,0x0f,0x00,0x00,0x00,0xe2,0x0f,0x00,0x19,0x98,0x04,0xff,
    0x04,0x00,0x00,0x00,0x1a,0x16,0x01,0x00,0x00,0xca,0x2f,0x00,
    0x24,0x98,0x07,0x04,0x00,0x10,0x00,0x00,0xff,0x00,0x8e,0x07,
    0x00,0xca,0x0f,0x00,0x12,0x72,0x09,0x06,0x07,0x00,0x00,0x00,
    0xff,0xfc,0x8e,0x07,0x00,0xca,0x4f,0x00,0x87,0x79,0x00,0xff,
    0x09,0x00,0x00,0x00,0x09,0x08,0x10,0x08,0x00,0xe8,0x03,0x00,
    0x83,0x79,0x04,0xff,0x0a,0x00,0x00,0x00,0x00,0x08,0x10,0x08,
    0x00,0xa4,0x0e,0x00,0x12,0x72,0x13,0x04,0x05,0x00,0x00,0x00,
    0xff,0xfc,0x8e,0x07,0x00,0xca,0x4f,0x00,0x87,0x79,0x00,0xff,
    0x13,0x00,0x00,0x00,0x0a,0x08,0x10,0x08,0x00,0xe8,0x0f,0x00,
    0x83,0x79,0x1a,0x01,0x00,0x1c,0x00,0x00,0x00,0x08,0x10,0x00,
    0x00,0xa2,0x0e,0x00,0x35,0x78,0x04,0x0a,0x02,0x00,0x00,0x00,
    0x00,0x00,0x8e,0x07,0x00,0xca,0x0f,0x00,0x0c,0x78,0x00,0x04,
    0x91,0x00,0x00,0x00,0x70,0x40,0xf0,0x03,0x00,0xda,0x0f,0x00,
    0x81,0x89,0x06,0x16,0x0c,0x14,0x00,0x00,0x00,0x91,0x1e,0x0c,
    0x00,0xe2,0x0e,0x00,0x12,0x72,0x04,0x1a,0x07,0x00,0x00,0x00,
    0xff,0xfc,0x8e,0x07,0x00,0xca,0x4f,0x00,0x87,0x73,0x00,0x01,
    0x04,0x1c,0x00,0x00,0x00,0x08,0x10,0x00,0x00,0xe8,0x05,0x00,
    0x83,0x79,0x18,0xff,0x08,0x00,0x00,0x00,0x00,0x08,0x10,0x08,
    0x00,0x22,0x1f,0x00,0x35,0x78,0x05,0x0a,0x12,0x00,0x00,0x00,
    0x00,0x00,0x8e,0x07,0x00,0xca,0x0f,0x00,0x0c,0x78,0x00,0x05,
    0x91,0x00,0x00,0x00,0x70,0x40,0xf2,0x03,0x00,0xe2,0x0f,0x00,
    0x24,0x88,0x06,0x06,0x00,0x00,0x01,0x00,0xff,0x00,0x8e,0x07,
    0x00,0xe2,0x8f,0x00,0x02,0x72,0x05,0x00,0xff,0x00,0x00,0x00,
    0x00,0x0f,0x00,0x00,0x00,0xc8,0x0f,0x00,0x12,0x88,0x05,0x06,
    0x00,0x00,0x0f,0x00,0xff,0xc0,0x8e,0x07,0x00,0xce,0x0f,0x00,
    0x81,0x99,0x06,0x16,0x0c,0x24,0x00,0x00,0x00,0x91,0x1e,0x0c,
    0x00,0xe2,0x0e,0x00,0x12,0x72,0x18,0x18,0x05,0x00,0x00,0x00,
    0xff,0xfc,0x8e,0x07,0x00,0xca,0x0f,0x01,0x87,0x79,0x00,0xff,
    0x18,0x00,0x00,0x00,0x08,0x08,0x10,0x08,0x00,0xe8,0x01,0x00,
    0x83,0x79,0x07,0xff,0x09,0x00,0x00,0x00,0x00,0x08,0x10,0x08,
    0x00,0x62,0x0e,0x00,0x02,0x72,0x1a,0x00,0xff,0x00,0x00,0x00,
    0x00,0x0f,0x00,0x00,0x00,0xe2,0x0f,0x00,0x24,0x98,0x06,0x06,
    0x00,0x00,0x01,0x00,0xff,0x00,0x8e,0x07,0x00,0xca,0x8f,0x00,
    0x12,0x98,0x1a,0x06,0x00,0x00,0x0f,0x00,0xff,0xc0,0x8e,0x07,
    0x00,0xc8,0x0f,0x00,0x12,0x72,0x09,0x07,0x1a,0x00,0x00,0x00,
    0xff,0xfc,0x8e,0x07,0x00,0xca,0x2f,0x00,0x87,0x79,0x00,0xff,
    0x09,0x00,0x00,0x00,0x09,0x08,0x10,0x08,0x00,0xe8,0x0f,0x00,
    0x83,0x79,0x04,0xff,0x0a,0x00,0x00,0x00,0x00,0x08,0x10,0x08,
    0x00,0xa2,0x4e,0x00,0x12,0x78,0x06,0x00,0x04,0x00,0x00,0x00,
    0xff,0xfc,0x8e,0x07,0x00,0xc8,0x0f,0x00,0x19,0x78,0x06,0xff,
    0x01,0x00,0x00,0x00,0x06,0x16,0x01,0x00,0x00,0xe4,0x0f,0x00,
    0x12,0x72,0x05,0x04,0x05,0x00,0x00,0x00,0xff,0xfc,0x8e,0x07,
    0x00,0xca,0x4f,0x00,0x87,0x79,0x00,0xff,0x05,0x00,0x00,0x00,
    0x0a,0x08,0x10,0x08,0x00,0xe8,0x03,0x00,0x83,0x79,0x13,0x01,
    0x00,0x1c,0x00,0x00,0x00,0x08,0x10,0x00,0x00,0xa2,0x0e,0x00,
    0x35,0x7c,0x04,0x06,0x0e,0x00,0x00,0x00,0x00,0x00,0x8e,0x0f,
    0x00,0xca,0x0f,0x00,0x0c,0x78,0x00,0x04,0x91,0x00,0x00,0x00,
    0x70,0x40,0xf0,0x03,0x00,0xda,0x0f,0x00,0x02,0x82,0x07,0x00,
    0xff,0x00,0x00,0x00,0x00,0x0f,0x00,0x00,0x00,0xca,0x0f,0x00,
    0x35,0x8c,0x06,0x06,0x06,0x00,0x00,0x00,0x00,0x02,0x8e,0x0f,
    0x00,0xc8,0x0f,0x00,0x35,0x82,0x06,0x0c,0x06,0x00,0x00,0x00,
    0x00,0x02,0x8e,0x07,0x00,0xce,0x0f,0x00,0x81,0x89,0x06,0x06,
    0x0c,0x12,0x00,0x00,0x00,0x91,0x1e,0x0c,0x00,0xe2,0x0e,0x00,
    0x12,0x72,0x04,0x13,0x1a,0x00,0x00,0x00,0xff,0xfc,0x8e,0x07,
    0x00,0xca,0x4f,0x00,0x87,0x73,0x00,0x01,0x04,0x1c,0x00,0x00,
    0x00,0x08,0x10,0x00,0x00,0xe8,0x05,0x00,0x83,0x79,0x18,0xff,
    0x08,0x00,0x00,0x00,0x00,0x08,0x10,0x08,0x00,0x22,0x1f,0x00,
    0x35,0x7c,0x05,0x10,0x0e,0x00,0x00,0x00,0x00,0x00,0x8e,0x0f,
    0x00,0xca,0x2f,0x00,0x0c,0x78,0x00,0x05,0x91,0x00,0x00,0x00,
    0x70,0x40,0xf2,0x03,0x00,0xda,0x0f,0x00,0x02,0x92,0x04,0x00,
    0x10,0x00,0x00,0x00,0x00,0x0f,0x00,0x00,0x00,0xe2,0x4f,0x00,
    0x02,0x92,0x05,0x00,0xff,0x00,0x00,0x00,0x00,0x0f,0x00,0x00,
    0x00,0xca,0x0f,0x00,0x35,0x9c,0x1a,0x04,0x06,0x00,0x00,0x00,
    0x00,0x02,0x8e,0x0f,0x00,0xc6,0x0f,0x00,0x19,0x88,0x09,0xff,
    0x04,0x00,0x00,0x00,0x06,0x16,0x01,0x00,0x00,0xe2,0x8f,0x00,
    0x35,0x92,0x1a,0x0c,0x1a,0x00,0x00,0x00,0x00,0x02,0x8e,0x07,
    0x00,0xe4,0x0f,0x00,0x02,0x72,0x05,0x00,0xff,0x00,0x00,0x00,
    0x00,0x0f,0x00,0x00,0x00,0xe4,0x0f,0x00,0x24,0x88,0x05,0x09,
    0x00,0x00,0x10,0x00,0xff,0x00,0x8e,0x07,0x00,0xc6,0x0f,0x00,
    0x81,0x99,0x1a,0x1a,0x0c,0x12,0x00,0x00,0x00,0x91,0x1e,0x0c,
    0x00,0xa4,0x0e,0x00,0x12,0x72,0x18,0x18,0x05,0x00,0x00,0x00,
    0xff,0xfc,0x8e,0x07,0x00,0xca,0x0f,0x01,0x87,0x79,0x00,0xff,
    0x18,0x00,0x00,0x00,0x08,0x08,0x10,0x08,0x00,0xe8,0x01,0x00,
    0x83,0x79,0x06,0xff,0x09,0x00,0x00,0x00,0x00,0x08,0x10,0x08,
    0x00,0xe2,0x0e,0x00,0x02,0x72,0x07,0x00,0xff,0x00,0x00,0x00,
    0x00,0x0f,0x00,0x00,0x00,0xe2,0x0f,0x00,0x19,0x98,0x04,0xff,
    0x04,0x00,0x00,0x00,0x1a,0x16,0x01,0x00,0x00,0xca,0x4f,0x00,
    0x24,0x98,0x07,0x04,0x00,0x00,0x10,0x00,0xff,0x00,0x8e,0x07,
    0x00,0xca,0x0f,0x00,0x12,0x72,0x09,0x06,0x07,0x00,0x00,0x00,
    0xff,0xfc,0x8e,0x07,0x00,0xca,0x8f,0x00,0x87,0x79,0x00,0xff,
    0x09,0x00,0x00,0x00,0x09,0x08,0x10,0x08,0x00,0xe8,0x0f,0x00,
    0x83,0x79,0x04,0xff,0x0a,0x00,0x00,0x00,0x00,0x08,0x10,0x08,
    0x00,0xa4,0x0e,0x00,0x12,0x72,0x13,0x04,0x05,0x00,0x00,0x00,
    0xff,0xfc,0x8e,0x07,0x00,0xca,0x4f,0x00,0x87,0x79,0x00,0xff,
    0x13,0x00,0x00,0x00,0x0a,0x08,0x10,0x08,0x00,0xe8,0x0f,0x00,
    0x83,0x79,0x1a,0x01,0x00,0x1c,0x00,0x00,0x00,0x08,0x10,0x00,
    0x00,0xa2,0x0e,0x00,0x35,0x78,0x04,0x0a,0x03,0x00,0x00,0x00,
    0x00,0x00,0x8e,0x07,0x00,0xca,0x0f,0x00,0x0c,0x78,0x00,0x04,
    0x91,0x00,0x00,0x00,0x70,0x40,0xf0,0x03,0x00,0xda,0x0f,0x00,
    0x81,0x89,0x06,0x16,0x0c,0x15,0x00,0x00,0x00,0x91,0x1e,0x0c,
    0x00,0xe2,0x0e,0x00,0x12,0x72,0x04,0x1a,0x07,0x00,0x00,0x00,
    0xff,0xfc,0x8e,0x07,0x00,0xca,0x4f,0x00,0x87,0x73,0x00,0x01,
    0x04,0x1c,0x00,0x00,0x00,0x08,0x10,0x00,0x00,0xe8,0x03,0x00,
    0x83,0x79,0x18,0xff,0x08,0x00,0x00,0x00,0x00,0x08,0x10,0x08,
    0x00,0xa2,0x1e,0x00,0x35,0x78,0x0a,0x0a,0x13,0x00,0x00,0x00,
    0x00,0x00,0x8e,0x07,0x00,0xca,0x0f,0x00,0x0c,0x78,0x00,0x0a,
    0x91,0x00,0x00,0x00,0x70,0x40,0xf2,0x03,0x00,0xe2,0x0f,0x00,
    0x24,0x88,0x06,0x06,0x00,0x00,0x00,0x01,0xff,0x00,0x8e,0x07,
    0x00,0xe2,0x8f,0x00,0x02,0x72,0x05,0x00,0xff,0x00,0x00,0x00,
    0x00,0x0f,0x00,0x00,0x00,0xc8,0x0f,0x00,0x12,0x88,0x05,0x06,
    0x00,0x00,0x00,0x0f,0xff,0xc0,0x8e,0x07,0x00,0xce,0x0f,0x00,
    0x81,0x99,0x06,0x16,0x0c,0x25,0x00,0x00,0x00,0x91,0x1e,0x0c,
    0x00,0xe2,0x0e,0x00,0x12,0x72,0x18,0x18,0x05,0x00,0x00,0x00,
    0xff,0xfc,0x8e,0x07,0x00,0xca,0x4f,0x00,0x87,0x79,0x00,0xff,
    0x18,0x00,0x00,0x00,0x08,0x08,0x10,0x08,0x00,0xe8,0x0f,0x00,
    0x83,0x79,0x07,0xff,0x09,0x00,0x00,0x00,0x00,0x08,0x10,0x08,
    0x00,0xa2,0x0e,0x00,0x02,0x72,0x0a,0x00,0xff,0x00,0x00,0x00,
    0x00,0x0f,0x00,0x00,0x00,0xe2,0x0f,0x00,0x24,0x98,0x06,0x06,
    0x00,0x00,0x00,0x01,0xff,0x00,0x8e,0x07,0x00,0xca,0x8f,0x00,
    0x12,0x98,0x0a,0x06,0x00,0x00,0x00,0x0f,0xff,0xc0,0x8e,0x07,
    0x00,0xc8,0x0f,0x00,0x12,0x72,0x07,0x07,0x0a,0x00,0x00,0x00,
    0xff,0xfc,0x8e,0x07,0x00,0xca,0x4f,0x00,0x87,0x79,0x00,0xff,
    0x07,0x00,0x00,0x00,0x09,0x08,0x10,0x08,0x00,0xe8,0x01,0x00,
    0x83,0x79,0x04,0xff,0x0a,0x00,0x00,0x00,0x00,0x08,0x10,0x08,
    0x00,0xa2,0x2e,0x00,0x35,0x7c,0x06,0x14,0x0e,0x00,0x00,0x00,
    0x00,0x00,0x8e,0x0f,0x00,0xca,0x0f,0x00,0x0c,0x78,0x00,0x06,
    0x91,0x00,0x00,0x00,0x70,0x40,0xfc,0x03,0x00,0xe2,0x0f,0x00,
    0x12,0x72,0x09,0x04,0x05,0x00,0x00,0x00,0xff,0xfc,0x8e,0x07,
    0x00,0xca,0x4f,0x00,0x87,0x79,0x00,0xff,0x09,0x00,0x00,0x00,
    0x0a,0x08,0x10,0x08,0x00,0xe8,0x03,0x00,0x83,0x79,0x15,0x01,
    0x00,0x1c,0x00,0x00,0x00,0x08,0x10,0x00,0x00,0xa2,0x0e,0x00,
    0x35,0x7c,0x04,0x12,0x0e,0x00,0x00,0x00,0x00,0x00,0x8e,0x0f,
    0x00,0xca,0x0f,0x00,0x0c,0x78,0x00,0x04,0x91,0x00,0x00,0x00,
    0x70,0x40,0xf0,0x03,0x00,0xda,0x0f,0x00,0x02,0x82,0x13,0x00,
    0xff,0x00,0x00,0x00,0x00,0x0f,0x00,0x00,0x00,0xca,0x0f,0x00,
    0x35,0x8c,0x04,0x12,0x06,0x00,0x00,0x00,0x00,0x02,0x8e,0x0f,
    0x00,0xc8,0x0f,0x00,0x35,0x82,0x16,0x0c,0x04,0x00,0x00,0x00,
    0x00,0x02,0x8e,0x07,0x00,0xe4,0x0f,0x00,0x24,0x78,0x06,0x11,
    0x10,0x00,0x00,0x00,0xff,0x00,0x8e,0x07,0x00,0xe2,0x0f,0x00,
    0x82,0x7b,0x04,0xff,0x00,0xe2,0x00,0x00,0x00,0x0a,0x00,0x00,
    0x00,0xe2,0x0e,0x00,0x02,0x7c,0x07,0x00,0x05,0x00,0x00,0x00,
    0x00,0x0f,0x00,0x08,0x00,0xc6,0x1f,0x00,0x81,0x89,0x16,0x16,
    0x0c,0x12,0x00,0x00,0x00,0x91,0x1e,0x0c,0x00,0x22,0x0f,0x00,
    0x12,0x78,0x06,0x06,0x30,0x00,0x00,0x00,0xff,0xc0,0x8e,0x07,
    0x00,0xca,0x0f,0x00,0x24,0x78,0x07,0x07,0x40,0x00,0x00,0x00,
    0x06,0x02,0x8e,0x07,0x00,0xca,0x0f,0x00,0x0c,0x7c,0x00,0x07,
    0x0b,0x00,0x00,0x00,0x70,0x62,0xfa,0x0b,0x00,0xe2,0x0f,0x00,
    0x12,0x72,0x0a,0x15,0x0a,0x00,0x00,0x00,0xff,0xfc,0x8e,0x07,
    0x00,0xe2,0x4f,0x00,0x02,0xe2,0x15,0x00,0xff,0x00,0x00,0x00,
    0x00,0x0f,0x00,0x00,0x00,0xc8,0x0f,0x00,0x87,0x73,0x00,0x01,
    0x0a,0x1c,0x00,0x00,0x00,0x08,0x10,0x00,0x00,0xe2,0x01,0x00,
    0x35,0xec,0x18,0x14,0x06,0x00,0x00,0x00,0x00,0x02,0x8e,0x0f,
    0x00,0xc6,0x0f,0x00,0x83,0x79,0x09,0xff,0x08,0x00,0x00,0x00,
    0x00,0x08,0x10,0x08,0x00,0xa2,0x2e,0x00,0x35,0xe2,0x1a,0x0c,
    0x18,0x00,0x00,0x00,0x00,0x02,0x8e,0x07,0x00,0xe4,0x0f,0x00,
    0x25,0x78,0x18,0x07,0x02,0x00,0x00,0x00,0x04,0x00,0x8e,0x07,
    0x00,0xca,0x8f,0x00,0x81,0xe9,0x1a,0x1a,0x0c,0x12,0x00,0x00,
    0x00,0x91,0x1e,0x0c,0x00,0xe8,0x0e,0x00,0x81,0xd9,0x0a,0x18,
    0x0c,0x00,0x00,0x00,0x00,0x95,0x1e,0x0c,0x00,0x62,0x1f,0x00,
    0x02,0x72,0x04,0x00,0xff,0x00,0x00,0x00,0x00,0x0f,0x00,0x00,
    0x00,0xe2,0x0f,0x00,0x35,0x78,0x13,0x07,0x01,0x00,0x00,0x00,
    0x00,0x00,0x8e,0x07,0x00,0xe2,0x0f,0x00,0x19,0x88,0x16,0xff,
    0x04,0x00,0x00,0x00,0x16,0x16,0x01,0x00,0x00,0xca,0x0f,0x01,
    0x24,0x88,0x04,0x16,0x00,0x00,0x00,0x10,0xff,0x00,0x8e,0x07,
    0x00,0xe2,0x0f,0x00,0x0c,0x7c,0x00,0x13,0x0b,0x00,0x00,0x00,
    0x70,0x62,0xf2,0x0b,0x00,0xe2,0x0f,0x00,0x35,0x78,0x15,0x07,
    0x04,0x00,0x00,0x00,0x00,0x00,0x8e,0x07,0x00,0xe2,0x0f,0x00,
    0x02,0x72,0x16,0x00,0xff,0x00,0x00,0x00,0x00,0x0f,0x00,0x00,
    0x00,0xd6,0x0f,0x00,0x81,0x99,0x1f,0x18,0x0c,0x02,0x00,0x00,
    0x00,0x95,0x1e,0x0c,0x00,0x22,0x0f,0x00,0x12,0x72,0x05,0x09,
    0x04,0x00,0x00,0x00,0xff,0xfc,0x8e,0x07,0x00,0xe2,0x4f,0x00,
    0x35,0x78,0x09,0x07,0x02,0x00,0x00,0x00,0x00,0x00,0x8e,0x07,
    0x00,0xca,0x0f,0x00,0x0c,0x7c,0x00,0x09,0x0b,0x00,0x00,0x00,
    0x70,0x62,0xf0,0x0b,0x00,0xe2,0x0f,0x00,0x35,0x78,0x09,0x07,
    0x03,0x00,0x00,0x00,0x00,0x00,0x8e,0x07,0x00,0xe2,0x0f,0x00,
    0x19,0xe8,0x1a,0xff,0x04,0x00,0x00,0x00,0x1a,0x16,0x01,0x00,
    0x00,0xe2,0x8f,0x00,0x87,0x79,0x00,0xff,0x05,0x00,0x00,0x00,
    0x08,0x08,0x10,0x08,0x00,0xe6,0x01,0x00,0x0c,0x7c,0x00,0x09,
    0x0b,0x00,0x00,0x00,0x70,0x62,0xf8,0x0b,0x00,0xe2,0x0f,0x00,
    0x24,0xe8,0x16,0x1a,0x00,0x00,0x00,0x10,0xff,0x00,0x8e,0x07,
    0x00,0xe2,0x0f,0x00,0x02,0x72,0x09,0x00,0xff,0x00,0x00,0x00,
    0x00,0x0f,0x00,0x00,0x00,0xe2,0x0f,0x00,0x35,0x78,0x05,0x07,
    0x05,0x00,0x00,0x00,0x00,0x00,0x8e,0x07,0x00,0xe2,0x1f,0x00,
    0x0c,0x7c,0x00,0x15,0x0b,0x00,0x00,0x00,0x70,0x62,0xfc,0x0b,
    0x00,0xe2,0x0f,0x00,0x30,0xd2,0x09,0xff,0x0a,0x00,0x00,0x20,
    0x00,0x41,0x00,0x00,0x00,0xe2,0x0f,0x02,0x83,0x79,0x13,0xff,
    0x09,0x00,0x00,0x00,0x00,0x08,0x10,0x08,0x00,0xa4,0x0e,0x00,
    0x0c,0x7c,0x00,0x05,0x0b,0x00,0x00,0x00,0x70,0x62,0xfa,0x0b,
    0x00,0xc4,0x0f,0x00,0x81,0x89,0x1c,0x18,0x0c,0x04,0x00,0x00,
    0x00,0x95,0x1e,0x0c,0x00,0xe8,0x0e,0x00,0x81,0xc9,0x1a,0x18,
    0x0c,0x06,0x00,0x00,0x00,0x95,0x1e,0x0c,0x00,0x68,0x0f,0x00,
    0x81,0xe9,0x1b,0x18,0x0c,0x08,0x00,0x00,0x00,0x95,0x1e,0x0c,
    0x00,0x68,0x0f,0x00,0x81,0xd9,0x17,0x18,0x0c,0x0a,0x00,0x00,
    0x00,0x95,0x1e,0x0c,0x00,0x62,0x0f,0x00,0x35,0x78,0x1d,0x07,
    0x06,0x00,0x00,0x00,0x00,0x00,0x8e,0x07,0x00,0xe2,0x0f,0x04,
    0x02,0x72,0x0a,0x00,0xff,0x00,0x00,0x00,0x00,0x0f,0x00,0x00,
    0x00,0xe2,0x0f,0x00,0x35,0x78,0x1e,0x07,0x07,0x00,0x00,0x00,
    0x00,0x00,0x8e,0x07,0x00,0xe2,0x0f,0x00,0x30,0x92,0x0a,0xff,
    0x1f,0x00,0x00,0x20,0x00,0x41,0x00,0x00,0x00,0xc4,0x0f,0x01,
    0x0c,0x7c,0x00,0x1d,0x0b,0x00,0x00,0x00,0x70,0x62,0xf2,0x0b,
    0x00,0xe2,0x0f,0x00,0x02,0x7c,0x1d,0x00,0x05,0x00,0x00,0x00,
    0x00,0x0f,0x00,0x08,0x00,0xca,0x0f,0x00,0x24,0x78,0x1d,0x1d,
    0x40,0x00,0x00,0x00,0x06,0x02,0x8e,0x07,0x00,0xca,0x0f,0x00,
    0x35,0x78,0x06,0x1d,0x0a,0x00,0x00,0x00,0x00,0x00,0x8e,0x07,
    0x00,0xe2,0x0f,0x00,0x12,0x72,0x15,0x13,0x16,0x00,0x00,0x00,
    0xff,0xfc,0x8e,0x07,0x00,0xe2,0x4f,0x00,0x02,0x72,0x13,0x00,
    0xff,0x00,0x00,0x00,0x00,0x0f,0x00,0x00,0x00,0xe2,0x0f,0x00,
    0x30,0x82,0x13,0xff,0x1c,0x00,0x00,0x20,0x00,0x41,0x00,0x00,
    0x00,0xe2,0x8f,0x00,0x0c,0x7c,0x00,0x1e,0x0b,0x00,0x00,0x00,
    0x70,0x62,0xf0,0x0b,0x00,0xe2,0x0f,0x00,0x35,0x78,0x1c,0x07,
    0x08,0x00,0x00,0x00,0x00,0x00,0x8e,0x07,0x00,0xe2,0x0f,0x04,
    0x35,0x78,0x07,0x07,0x09,0x00,0x00,0x00,0x00,0x00,0x8e,0x07,
    0x00,0xe2,0x0f,0x00,0x02,0x72,0x1e,0x00,0xff,0x00,0x00,0x00,
    0x00,0x0f,0x00,0x00,0x00,0xe2,0x0f,0x00,0x87,0x79,0x00,0xff,
    0x15,0x00,0x00,0x00,0x09,0x08,0x10,0x08,0x00,0xe2,0x01,0x00,
    0x30,0xc2,0x1e,0xff,0x1a,0x00,0x00,0x20,0x00,0x41,0x00,0x00,
    0x00,0xe2,0x0f,0x02,0x0c,0x7c,0x00,0x1c,0x0b,0x00,0x00,0x00,
    0x70,0x62,0xf8,0x0b,0x00,0xe2,0x0f,0x00,0x02,0x72,0x1c,0x00,
    0xff,0x00,0x00,0x00,0x00,0x0f,0x00,0x00,0x00,0xe2,0x0f,0x00,
    0x83,0x79,0x05,0xff,0x0a,0x00,0x00,0x00,0x00,0x08,0x10,0x08,
    0x00,0xa2,0x0e,0x00,0x02,0x72,0x15,0x00,0xff,0x00,0x00,0x00,
    0x00,0x0f,0x00,0x00,0x00,0xe2,0x1f,0x00,0x30,0xe2,0x15,0xff,
    0x1b,0x00,0x00,0x20,0x00,0x41,0x00,0x00,0x00,0xe2,0x0f,0x00,
    0x0c,0x7c,0x00,0x07,0x0b,0x00,0x00,0x00,0x70,0x62,0xfc,0x0b,
    0x00,0xe2,0x0f,0x00,0x30,0xd2,0x1c,0xff,0x17,0x00,0x00,0x20,
    0x00,0x41,0x00,0x00,0x00,0xe2,0x0f,0x00,0x81,0x99,0x07,0x18,
    0x0c,0x0c,0x00,0x00,0x00,0x95,0x1e,0x0c,0x00,0xe2,0x0e,0x00,
    0x0c,0x7c,0x00,0x06,0x0b,0x00,0x00,0x00,0x70,0x62,0xfa,0x0b,
    0x00,0xc6,0x0f,0x00,0x81,0x89,0x20,0x18,0x0c,0x0e,0x00,0x00,
    0x00,0x95,0x1e,0x0c,0x00,0x28,0x0f,0x00,0x81,0xc9,0x1b,0x18,
    0x0c,0x10,0x00,0x00,0x00,0x95,0x1e,0x0c,0x00,0x68,0x0f,0x00,
    0x81,0xe9,0x1f,0x18,0x0c,0x12,0x00,0x00,0x00,0x95,0x1e,0x0c,
    0x00,0x68,0x0f,0x00,0x81,0xd9,0x1a,0x18,0x0c,0x14,0x00,0x00,
    0x00,0x95,0x1e,0x0c,0x00,0x62,0x0f,0x00,0x35,0x78,0x06,0x1d,
    0x0b,0x00,0x00,0x00,0x00,0x00,0x8e,0x07,0x00,0xe2,0x0f,0x00,
    0x12,0x72,0x17,0x05,0x04,0x00,0x00,0x00,0xff,0xfc,0x8e,0x07,
    0x00,0xe2,0x4f,0x00,0x05,0x78,0x04,0x00,0x00,0x00,0x00,0x00,
    0x00,0xff,0x01,0x00,0x00,0xe2,0x0f,0x00,0x30,0x92,0x05,0xff,
    0x07,0x00,0x00,0x20,0x00,0x41,0x00,0x00,0x00,0xe2,0x8f,0x00,
    0x35,0x78,0x07,0x1d,0x0c,0x00,0x00,0x00,0x00,0x00,0x8e,0x07,
    0x00,0xe2,0x0f,0x00,0x0c,0x7c,0x00,0x06,0x0b,0x00,0x00,0x00,
    0x70,0x62,0xf2,0x0b,0x00,0xe2,0x0f,0x00,0x30,0x82,0x04,0xff,
    0x20,0x00,0x00,0x20,0x00,0x41,0x00,0x00,0x00,0xc6,0x0f,0x01,
    0x0c,0x7c,0x00,0x07,0x0b,0x00,0x00,0x00,0x70,0x62,0xf0,0x0b,
    0x00,0xe2,0x0f,0x00,0x35,0x78,0x07,0x1d,0x0d,0x00,0x00,0x00,
    0x00,0x00,0x8e,0x07,0x00,0xe2,0x0f,0x04,0x35,0x78,0x20,0x1d,
    0x0e,0x00,0x00,0x00,0x00,0x00,0x8e,0x07,0x00,0xe2,0x0f,0x04,
    0x87,0x79,0x00,0xff,0x17,0x00,0x00,0x00,0x0a,0x08,0x10,0x08,
    0x00,0xe2,0x01,0x00,0x35,0x78,0x1d,0x1d,0x0f,0x00,0x00,0x00,
    0x00,0x00,0x8e,0x07,0x00,0xe2,0x0f,0x00,0x02,0x72,0x06,0x00,
    0xff,0x00,0x00,0x00,0x00,0x0f,0x00,0x00,0x00,0xe2,0x0f,0x00,
    0x30,0xc2,0x06,0xff,0x1b,0x00,0x00,0x20,0x00,0x41,0x00,0x00,
    0x00,0xe2,0x0f,0x02,0x83,0x79,0x23,0x01,0x00,0x1c,0x00,0x00,
    0x00,0x08,0x10,0x00,0x00,0xa2,0x0e,0x00,0x0c,0x7c,0x00,0x07,
    0x0b,0x00,0x00,0x00,0x70,0x62,0xf8,0x0b,0x00,0xe2,0x0f,0x00,
    0x02,0x72,0x1b,0x00,0xff,0x00,0x00,0x00,0x00,0x0f,0x00,0x00,
    0x00,0xe2,0x0f,0x00,0x30,0xd2,0x1b,0xff,0x1a,0x00,0x00,0x20,
    0x00,0x41,0x00,0x00,0x00,0xe2,0x0f,0x00,0x02,0x72,0x17,0x00,
    0xff,0x00,0x00,0x00,0x00,0x0f,0x00,0x00,0x00,0xe2,0x1f,0x00,
    0x30,0xe2,0x17,0xff,0x1f,0x00,0x00,0x20,0x00,0x41,0x00,0x00,
    0x00,0xe2,0x0f,0x00,0x0c,0x7c,0x00,0x20,0x0b,0x00,0x00,0x00,
    0x70,0x62,0xfc,0x0b,0x00,0xe2,0x0f,0x00,0x0c,0x7c,0x00,0x1d,
    0x0b,0x00,0x00,0x00,0x70,0x62,0xfa,0x0b,0x00,0xe2,0x0f,0x00,
    0x81,0x99,0x21,0x18,0x0c,0x16,0x00,0x00,0x00,0x95,0x1e,0x0c,
    0x00,0xe8,0x0e,0x00,0x81,0x89,0x1d,0x18,0x0c,0x18,0x00,0x00,
    0x00,0x95,0x1e,0x0c,0x00,0x28,0x0f,0x00,0x81,0xc9,0x1f,0x18,
    0x0c,0x1a,0x00,0x00,0x00,0x95,0x1e,0x0c,0x00,0x68,0x0f,0x00,
    0x81,0xe9,0x20,0x18,0x0c,0x1c,0x00,0x00,0x00,0x95,0x1e,0x0c,
    0x00,0x68,0x0f,0x00,0x81,0xd9,0x22,0x18,0x0c,0x1e,0x00,0x00,
    0x00,0x95,0x1e,0x0c,0x00,0x62,0x01,0x00,0x21,0x72,0x07,0x0a,
    0x09,0x00,0x00,0x00,0x00,0x00,0x00,0x00,0x00,0xe2,0x0f,0x00,
    0x21,0x72,0x1a,0x1e,0x13,0x00,0x00,0x00,0x00,0x00,0x00,0x00,
    0x00,0xe2,0x0f,0x00,0x21,0x72,0x0a,0x0a,0x09,0x00,0x00,0x00,
    0x00,0x01,0x00,0x00,0x00,0xe2,0x0f,0x00,0x21,0x72,0x13,0x1e,
    0x13,0x00,0x00,0x00,0x00,0x01,0x00,0x00,0x00,0xc4,0x0f,0x00,
    0x21,0x72,0x09,0x07,0x1a,0x00,0x00,0x00,0x00,0x00,0x00,0x00,
    0x00,0xe2,0x0f,0x14,0x21,0x72,0x07,0x07,0x1a,0x00,0x00,0x80,
    0x00,0x00,0x00,0x00,0x00,0xe2,0x0f,0x00,0x21,0x72,0x1a,0x1c,
    0x15,0x00,0x00,0x00,0x00,0x00,0x00,0x00,0x00,0xe2,0x0f,0x00,
    0x21,0x72,0x19,0x04,0x05,0x00,0x00,0x00,0x00,0x00,0x00,0x00,
    0x00,0xe2,0x1f,0x00,0x21,0x72,0x15,0x1c,0x15,0x00,0x00,0x00,
    0x00,0x01,0x00,0x00,0x00,0xe2,0x0f,0x00,0x21,0x72,0x04,0x04,
    0x05,0x00,0x00,0x00,0x00,0x01,0x00,0x00,0x00,0xe2,0x0f,0x00,
    0x21,0x72,0x05,0x0a,0x13,0x00,0x00,0x80,0x00,0x00,0x00,0x00,
    0x00,0xe2,0x0f,0x00,0x02,0x72,0x18,0x00,0xff,0x00,0x00,0x00,
    0x00,0x0f,0x00,0x00,0x00,0xe2,0x0f,0x00,0x21,0x72,0x1c,0x1a,
    0x19,0x00,0x00,0x80,0x00,0x00,0x00,0x00,0x00,0xe2,0x0f,0x00,
    0x21,0x72,0x1e,0x15,0x04,0x00,0x00,0x80,0x00,0x00,0x00,0x00,
    0x00,0xe2,0x0f,0x00,0x12,0x72,0x16,0x23,0x16,0x00,0x00,0x00,
    0xff,0xfc,0x8e,0x07,0x00,0xca,0x4f,0x00,0x87,0x73,0x00,0x01,
    0x16,0x1c,0x00,0x00,0x00,0x08,0x10,0x00,0x00,0xe2,0x01,0x00,
    0x30,0x92,0x18,0xff,0x21,0x00,0x00,0x20,0x00,0x41,0x00,0x00,
    0x00,0xe4,0x8f,0x00,0x21,0x72,0x16,0x0a,0x13,0x00,0x00,0x00,
    0x00,0x00,0x00,0x00,0x00,0xe2,0x1f,0x00,0x21,0x72,0x0a,0x1a,
    0x19,0x00,0x00,0x00,0x00,0x00,0x00,0x00,0x00,0xe2,0x0f,0x00,
    0x21,0x72,0x19,0x15,0x04,0x00,0x00,0x00,0x00,0x00,0x00,0x00,
    0x00,0xe2,0x0f,0x00,0x21,0x72,0x21,0x18,0x1b,0x00,0x00,0x00,
    0x00,0x00,0x00,0x00,0x00,0xe4,0x0f,0x00,0x21,0x72,0x13,0x09,
    0x0a,0x00,0x00,0x00,0x00,0x00,0x00,0x00,0x00,0xe2,0x0f,0x14,
    0x21,0x72,0x09,0x09,0x0a,0x00,0x00,0x80,0x00,0x00,0x00,0x00,
    0x00,0xe2,0x0f,0x00,0x21,0x72,0x0a,0x16,0x19,0x00,0x00,0x00,
    0x00,0x00,0x00,0x00,0x00,0xe2,0x0f,0x14,0x21,0x72,0x04,0x16,
    0x19,0x00,0x00,0x80,0x00,0x00,0x00,0x00,0x00,0xe2,0x0f,0x00,
    0x21,0x72,0x1b,0x18,0x1b,0x00,0x00,0x00,0x00,0x01,0x00,0x00,
    0x00,0xe2,0x0f,0x00,0x21,0x72,0x1a,0x07,0x1c,0x00,0x00,0x00,
    0x00,0x00,0x00,0x00,0x00,0xe2,0x0f,0x00,0x02,0x72,0x15,0x00,
    0xff,0x00,0x00,0x00,0x00,0x0f,0x00,0x00,0x00,0xe2,0x0f,0x00,
    0x21,0x72,0x16,0x17,0x06,0x00,0x00,0x00,0x00,0x00,0x00,0x00,
    0x00,0xe2,0x0f,0x00,0x02,0x72,0x18,0x00,0xff,0x00,0x00,0x00,
    0x00,0x0f,0x00,0x00,0x00,0xe2,0x0f,0x00,0x21,0x72,0x07,0x07,
    0x1c,0x00,0x00,0x80,0x00,0x00,0x00,0x00,0x00,0xe2,0x0f,0x00,
    0x21,0x72,0x06,0x17,0x06,0x00,0x00,0x00,0x00,0x01,0x00,0x00,
    0x00,0xe2,0x0f,0x00,0x30,0x82,0x15,0xff,0x1d,0x00,0x00,0x20,
    0x00,0x41,0x00,0x00,0x00,0xe2,0x0f,0x01,0x02,0x72,0x17,0x00,
    0xff,0x00,0x00,0x00,0x00,0x0f,0x00,0x00,0x00,0xe2,0x0f,0x00,
    0x30,0xc2,0x18,0xff,0x1f,0x00,0x00,0x20,0x00,0x41,0x00,0x00,
    0x00,0xe2,0x0f,0x02,0x02,0x72,0x1c,0x00,0xff,0x00,0x00,0x00,
    0x00,0x0f,0x00,0x00,0x00,0xe2,0x0f,0x00,0x30,0xe2,0x17,0xff,
    0x20,0x00,0x00,0x20,0x00,0x41,0x00,0x00,0x00,0xc4,0x0f,0x00,
    0x30,0xd2,0x1c,0xff,0x22,0x00,0x00,0x20,0x00,0x41,0x00,0x00,
    0x00,0xe4,0x0f,0x00,0x21,0x72,0x1d,0x18,0x15,0x00,0x00,0x00,
    0x00,0x00,0x00,0x00,0x00,0xe2,0x0f,0x14,0x21,0x72,0x15,0x18,
    0x15,0x00,0x00,0x00,0x00,0x01,0x00,0x00,0x00,0xe4,0x0f,0x00,
    0x21,0x72,0x18,0x1c,0x17,0x00,0x00,0x00,0x00,0x00,0x00,0x00,
    0x00,0xe2,0x0f,0x14,0x21,0x72,0x1c,0x1c,0x17,0x00,0x00,0x00,
    0x00,0x01,0x00,0x00,0x00,0xe2,0x0f,0x00,0x21,0x72,0x24,0x16,
    0x21,0x00,0x00,0x00,0x00,0x00,0x00,0x00,0x00,0xe2,0x0f,0x14,
    0x21,0x72,0x16,0x16,0x21,0x00,0x00,0x80,0x00,0x00,0x00,0x00,
    0x00,0xe2,0x0f,0x00,0x21,0x72,0x17,0x1d,0x18,0x00,0x00,0x00,
    0x00,0x00,0x00,0x00,0x00,0xe2,0x0f,0x14,0x21,0x72,0x1d,0x1d,
    0x18,0x00,0x00,0x80,0x00,0x00,0x00,0x00,0x00,0xe2,0x0f,0x00,
    0x21,0x72,0x21,0x06,0x1b,0x00,0x00,0x00,0x00,0x00,0x00,0x00,
    0x00,0xe2,0x0f,0x14,0x21,0x72,0x18,0x15,0x1c,0x00,0x00,0x00,
    0x00,0x00,0x00,0x00,0x00,0xe2,0x0f,0x14,0x21,0x72,0x15,0x15,
    0x1c,0x00,0x00,0x80,0x00,0x00,0x00,0x00,0x00,0xe2,0x0f,0x00,
    0x21,0x72,0x06,0x06,0x1b,0x00,0x00,0x80,0x00,0x00,0x00,0x00,
    0x00,0xe2,0x0f,0x00,0x21,0x72,0x1c,0x24,0x17,0x00,0x00,0x00,
    0x00,0x00,0x00,0x00,0x00,0xe2,0x0f,0x14,0x21,0x72,0x24,0x24,
    0x17,0x00,0x00,0x80,0x00,0x00,0x00,0x00,0x00,0xe2,0x0f,0x00,
    0x21,0x72,0x17,0x21,0x18,0x00,0x00,0x00,0x00,0x00,0x00,0x00,
    0x00,0xe2,0x0f,0x14,0x21,0x72,0x21,0x21,0x18,0x00,0x00,0x80,
    0x00,0x00,0x00,0x00,0x00,0xe2,0x0f,0x00,0x21,0x72,0x20,0x06,
    0x15,0x00,0x00,0x00,0x00,0x00,0x00,0x00,0x00,0xe2,0x0f,0x14,
    0x21,0x72,0x18,0x06,0x15,0x00,0x00,0x80,0x00,0x00,0x00,0x00,
    0x00,0xe2,0x0f,0x00,0x06,0x78,0x15,0x00,0x00,0x00,0x00,0x00,
    0x00,0x01,0x8e,0x03,0x00,0xe2,0x0f,0x00,0x21,0x72,0x1b,0x13,
    0x1c,0x00,0x00,0x00,0x00,0x00,0x00,0x00,0x00,0xe2,0x0f,0x00,
    0x21,0x72,0x23,0x16,0x1d,0x00,0x00,0x00,0x00,0x00,0x00,0x00,
    0x00,0xe2,0x0f,0x14,0x21,0x72,0x1f,0x16,0x1d,0x00,0x00,0x80,
    0x00,0x00,0x00,0x00,0x00,0xe2,0x0f,0x00,0x21,0x72,0x1d,0x0a,
    0x17,0x00,0x00,0x00,0x00,0x00,0x00,0x00,0x00,0xe2,0x0f,0x14,
    0x21,0x72,0x0a,0x0a,0x17,0x00,0x00,0x80,0x00,0x00,0x00,0x00,
    0x00,0xc4,0x0f,0x00,0x89,0x7f,0x17,0x1b,0x00,0x1f,0x20,0x0c,
    0x00,0x00,0x0e,0x00,0x00,0x22,0x0e,0x00,0x21,0x72,0x19,0x05,
    0x1e,0x00,0x00,0x00,0x00,0x00,0x00,0x00,0x00,0xe2,0x0f,0x14,
    0x21,0x72,0x05,0x05,0x1e,0x00,0x00,0x80,0x00,0x00,0x00,0x00,
    0x00,0xe2,0x0f,0x00,0x21,0x72,0x1e,0x09,0x24,0x00,0x00,0x00,
    0x00,0x00,0x00,0x00,0x00,0xe2,0x0f,0x10,0x04,0x78,0x00,0x11,
    0x03,0x00,0x00,0x00,0x00,0x00,0x00,0x00,0x00,0xe2,0x0f,0x00,
    0x21,0x72,0x06,0x1a,0x23,0x00,0x00,0x00,0x00,0x00,0x00,0x00,
    0x00,0xe2,0x0f,0x00,0x21,0x72,0x24,0x09,0x24,0x00,0x00,0x80,
    0x00,0x00,0x00,0x00,0x00,0xe2,0x0f,0x00,0x21,0x72,0x22,0x04,
    0x21,0x00,0x00,0x00,0x00,0x00,0x00,0x00,0x00,0xe2,0x0f,0x14,
    0x21,0x72,0x09,0x04,0x21,0x00,0x00,0x80,0x00,0x00,0x00,0x00,
    0x00,0xe2,0x0f,0x00,0x21,0x72,0x04,0x07,0x1f,0x00,0x00,0x00,
    0x00,0x00,0x00,0x00,0x00,0xe2,0x0f,0x14,0x21,0x72,0x07,0x07,
    0x1f,0x00,0x00,0x80,0x00,0x00,0x00,0x00,0x00,0xe2,0x0f,0x00,
    0x89,0x7f,0x16,0x1d,0x00,0x1f,0x20,0x0c,0x00,0x00,0x0e,0x00,
    0x00,0xa2,0x02,0x00,0x08,0x72,0x1f,0x1b,0x1b,0x00,0x00,0x00,
    0x00,0x01,0x00,0x00,0x00,0xc6,0x0f,0x00,0x89,0x7f,0x1b,0x06,
    0x00,0x1f,0x20,0x0c,0x00,0x00,0x0e,0x00,0x00,0xe8,0x0e,0x00,
    0x89,0x7f,0x21,0x1e,0x00,0x1f,0x20,0x0c,0x00,0x00,0x0e,0x00,
    0x00,0x62,0x09,0x00,0x21,0x72,0x13,0x13,0x1c,0x00,0x00,0x80,
    0x00,0x00,0x00,0x00,0x00,0xe2,0x0f,0x00,0x21,0x72,0x17,0x17,
    0x1f,0x00,0x00,0x00,0x00,0x00,0x00,0x00,0x00,0xe4,0x1f,0x00,
    0x89,0x7f,0x1f,0x04,0x00,0x1f,0x20,0x0c,0x00,0x00,0x0e,0x00,
    0x00,0x22,0x0e,0x00,0x21,0x72,0x1c,0x19,0x20,0x00,0x00,0x00,
    0x00,0x00,0x00,0x00,0x00,0xe2,0x0f,0x14,0x21,0x72,0x20,0x19,
    0x20,0x00,0x00,0x80,0x00,0x00,0x00,0x00,0x00,0xe2,0x0f,0x00,
    0x21,0x72,0x19,0x05,0x18,0x00,0x00,0x00,0x00,0x00,0x00,0x00,
    0x00,0xe2,0x0f,0x10,0x08,0x72,0x1d,0x1d,0x1d,0x00,0x00,0x00,
    0x00,0x01,0x00,0x00,0x00,0xe2,0x2f,0x00,0x21,0x72,0x18,0x05,
    0x18,0x00,0x00,0x80,0x00,0x00,0x00,0x00,0x00,0xe2,0x0f,0x00,
    0x08,0x72,0x05,0x06,0x06,0x00,0x00,0x00,0x00,0x01,0x00,0x00,
    0x00,0xe2,0x0f,0x00,0x21,0x72,0x1a,0x1a,0x23,0x00,0x00,0x80,
    0x00,0x00,0x00,0x00,0x00,0xc4,0x0f,0x00,0x21,0x72,0x16,0x16,
    0x1d,0x00,0x00,0x00,0x00,0x00,0x00,0x00,0x00,0xe2,0x4f,0x00,
    0x89,0x7f,0x23,0x1c,0x00,0x1f,0x20,0x0c,0x00,0x00,0x0e,0x00,
    0x00,0x62,0x0e,0x00,0x21,0x72,0x05,0x1b,0x05,0x00,0x00,0x00,
    0x00,0x00,0x00,0x00,0x00,0xc6,0x8f,0x00,0x89,0x7f,0x1d,0x22,
    0x00,0x1f,0x20,0x0c,0x00,0x00,0x0e,0x00,0x00,0xa2,0x0e,0x00,
    0x08,0x72,0x1b,0x1e,0x1e,0x00,0x00,0x00,0x00,0x01,0x00,0x00,
    0x00,0xe2,0x0f,0x00,0x08,0x72,0x1e,0x04,0x04,0x00,0x00,0x00,
    0x00,0x01,0x00,0x00,0x00,0xc8,0x0f,0x01,0x21,0x72,0x1b,0x21,
    0x1b,0x00,0x00,0x00,0x00,0x00,0x00,0x00,0x00,0xe4,0x0f,0x02,
    0x89,0x7f,0x21,0x19,0x00,0x1f,0x20,0x0c,0x00,0x00,0x0e,0x00,
    0x00,0xe2,0x0e,0x00,0x21,0x72,0x1e,0x1f,0x1e,0x00,0x00,0x00,
    0x00,0x00,0x00,0x00,0x00,0xc6,0x1f,0x00,0x89,0x7f,0x1f,0x1a,
    0x00,0x1f,0x20,0x0c,0x00,0x00,0x0e,0x00,0x00,0x22,0x0e,0x00,
    0x08,0x72,0x25,0x22,0x22,0x00,0x00,0x00,0x00,0x01,0x00,0x00,
    0x00,0xe2,0x0f,0x00,0x08,0x72,0x06,0x1c,0x1c,0x00,0x00,0x00,
    0x00,0x01,0x00,0x00,0x00,0xe4,0x0f,0x00,0x89,0x7f,0x22,0x0a,
    0x00,0x1f,0x20,0x0c,0x00,0x00,0x0e,0x00,0x00,0x26,0x0f,0x00,
    0x21,0x72,0x06,0x23,0x06,0x00,0x00,0x00,0x00,0x00,0x00,0x00,
    0x00,0xe2,0x2f,0x00,0x08,0x72,0x23,0x19,0x19,0x00,0x00,0x00,
    0x00,0x01,0x00,0x00,0x00,0xe2,0x0f,0x00,0x21,0x72,0x1c,0x1d,
    0x25,0x00,0x00,0x00,0x00,0x00,0x00,0x00,0x00,0xe4,0x4f,0x00,
    0x89,0x7f,0x1d,0x13,0x00,0x1f,0x20,0x0c,0x00,0x00,0x0e,0x00,
    0x00,0xa2,0x02,0x00,0x08,0x72,0x25,0x13,0x13,0x00,0x00,0x00,
    0x00,0x01,0x00,0x00,0x00,0xc6,0x0f,0x00,0x89,0x7f,0x19,0x09,
    0x00,0x1f,0x20,0x0c,0x00,0x00,0x0e,0x00,0x00,0x62,0x0f,0x00,
    0x21,0x72,0x04,0x21,0x23,0x00,0x00,0x00,0x00,0x00,0x00,0x00,
    0x00,0xc6,0x8f,0x00,0x89,0x7f,0x21,0x20,0x00,0x1f,0x20,0x0c,
    0x00,0x00,0x0e,0x00,0x00,0xe2,0x0a,0x00,0x08,0x72,0x13,0x0a,
    0x0a,0x00,0x00,0x00,0x00,0x01,0x00,0x00,0x00,0xe2,0x2f,0x00,
    0x08,0x72,0x0a,0x1a,0x1a,0x00,0x00,0x00,0x00,0x01,0x00,0x00,
    0x00,0xca,0x0f,0x00,0x21,0x72,0x0a,0x1f,0x0a,0x00,0x00,0x00,
    0x00,0x00,0x00,0x00,0x00,0xe4,0x1f,0x00,0x89,0x7f,0x1f,0x07,
    0x00,0x1f,0x20,0x0c,0x00,0x00,0x0e,0x00,0x00,0x22,0x0e,0x00,
    0x21,0x72,0x22,0x22,0x13,0x00,0x00,0x00,0x00,0x00,0x00,0x00,
    0x00,0xe2,0x0f,0x01,0x08,0x72,0x1a,0x20,0x20,0x00,0x00,0x00,
    0x00,0x01,0x00,0x00,0x00,0xe4,0x0f,0x00,0x89,0x7f,0x13,0x24,
    0x00,0x1f,0x20,0x0c,0x00,0x00,0x0e,0x00,0x00,0x22,0x03,0x00,
    0x21,0x72,0x1d,0x1d,0x25,0x00,0x00,0x00,0x00,0x00,0x00,0x00,
    0x00,0xe2,0x4f,0x00,0x08,0x72,0x25,0x09,0x09,0x00,0x00,0x00,
    0x00,0x01,0x00,0x00,0x00,0xe2,0x0f,0x00,0x08,0x72,0x23,0x24,
    0x24,0x00,0x00,0x00,0x00,0x01,0x00,0x00,0x00,0xc8,0x0f,0x00,
    0x21,0x72,0x20,0x19,0x25,0x00,0x00,0x00,0x00,0x00,0x00,0x00,
    0x00,0xe2,0x0f,0x02,0x21,0x72,0x1a,0x21,0x1a,0x00,0x00,0x00,
    0x00,0x00,0x00,0x00,0x00,0xe2,0x8f,0x00,0x89,0x7f,0x19,0x18,
    0x00,0x1f,0x20,0x0c,0x00,0x00,0x0e,0x00,0x00,0xa2,0x0e,0x00,
    0x08,0x72,0x24,0x07,0x07,0x00,0x00,0x00,0x00,0x01,0x00,0x00,
    0x00,0xc6,0x2f,0x00,0x89,0x7f,0x21,0x16,0x00,0x1f,0x40,0x0c,
    0x00,0x00,0x0e,0x00,0x00,0x64,0x0e,0x00,0x21,0x72,0x24,0x1f,
    0x24,0x00,0x00,0x00,0x00,0x00,0x00,0x00,0x00,0xe4,0x1f,0x00,
    0x89,0x7f,0x1f,0x06,0x00,0x1f,0x40,0x0c,0x00,0x00,0x0e,0x00,
    0x00,0x22,0x0e,0x00,0x08,0x72,0x07,0x18,0x18,0x00,0x00,0x00,
    0x00,0x01,0x00,0x00,0x00,0xe2,0x0f,0x00,0x21,0x72,0x13,0x13,
    0x23,0x00,0x00,0x00,0x00,0x00,0x00,0x00,0x00,0xe2,0x0f,0x01,
    0x08,0x72,0x23,0x16,0x16,0x00,0x00,0x80,0x00,0x00,0x80,0x04,
    0x00,0xe2,0x0f,0x00,0x89,0x7f,0x09,0x05,0x00,0x1f,0x40,0x0c,
    0x00,0x00,0x0e,0x00,0x00,0xe2,0x07,0x00,0x08,0x72,0x25,0x05,
    0x05,0x00,0x00,0x80,0x00,0x00,0x80,0x04,0x00,0xe2,0x0f,0x00,
    0x21,0x72,0x19,0x19,0x07,0x00,0x00,0x00,0x00,0x00,0x00,0x00,
    0x00,0xe2,0x4f,0x00,0x08,0x72,0x05,0x06,0x06,0x00,0x00,0x80,
    0x00,0x00,0x80,0x04,0x00,0xe2,0x8f,0x00,0x21,0x72,0x07,0x21,
    0x23,0x00,0x00,0x00,0x00,0x00,0x00,0x00,0x00,0xc4,0x2f,0x00,
    0x89,0x7f,0x21,0x1b,0x00,0x1f,0x40,0x0c,0x00,0x00,0x0e,0x00,
    0x00,0x64,0x0e,0x00,0x21,0x72,0x05,0x1f,0x05,0x00,0x00,0x00,
    0x00,0x00,0x00,0x00,0x00,0xe4,0x1f,0x00,0x89,0x7f,0x1f,0x04,
    0x00,0x1f,0x40,0x0c,0x00,0x00,0x0e,0x00,0x00,0x22,0x0e,0x00,
    0x08,0x72,0x06,0x1b,0x1b,0x00,0x00,0x80,0x00,0x00,0x80,0x04,
    0x00,0xc6,0x0f,0x00,0x89,0x7f,0x16,0x1c,0x00,0x1f,0x40,0x0c,
    0x00,0x00,0x0e,0x00,0x00,0xa2,0x0e,0x00,0x08,0x72,0x23,0x1c,
    0x1c,0x00,0x00,0x80,0x00,0x00,0x80,0x04,0x00,0xc6,0x0f,0x00,
    0x89,0x7f,0x1c,0x22,0x00,0x1f,0x40,0x0c,0x00,0x00,0x0e,0x00,
    0x00,0x28,0x07,0x00,0x89,0x7f,0x18,0x1e,0x00,0x1f,0x40,0x0c,
    0x00,0x00,0x0e,0x00,0x00,0x62,0x0f,0x00,0x21,0x72,0x06,0x21,
    0x06,0x00,0x00,0x00,0x00,0x00,0x00,0x00,0x00,0xe2,0x2f,0x00,
    0x08,0x72,0x21,0x04,0x04,0x00,0x00,0x80,0x00,0x00,0x80,0x04,
    0x00,0xca,0x0f,0x00,0x21,0x72,0x04,0x1f,0x21,0x00,0x00,0x00,
    0x00,0x00,0x00,0x00,0x00,0xe4,0x1f,0x00,0x89,0x7f,0x1f,0x1a,
    0x00,0x1f,0x40,0x0c,0x00,0x00,0x0e,0x00,0x00,0x22,0x0e,0x00,
    0x21,0x72,0x09,0x09,0x25,0x00,0x00,0x00,0x00,0x00,0x00,0x00,
    0x00,0xe2,0x0f,0x00,0x21,0x72,0x16,0x16,0x23,0x00,0x00,0x00,
    0x00,0x00,0x00,0x00,0x00,0xe2,0x4f,0x00,0x08,0x72,0x25,0x1e,
    0x1e,0x00,0x00,0x80,0x00,0x00,0x80,0x04,0x00,0xe2,0x0f,0x00,
    0x08,0x72,0x23,0x22,0x22,0x00,0x00,0x80,0x00,0x00,0x80,0x04,
    0x00,0xe2,0x0f,0x00,0x89,0x7f,0x1e,0x0a,0x00,0x1f,0x40,0x0c,
    0x00,0x00,0x0e,0x00,0x00,0x62,0x00,0x00,0x08,0x72,0x22,0x1a,
    0x1a,0x00,0x00,0x80,0x00,0x00,0x80,0x04,0x00,0xc6,0x8f,0x00,
    0x21,0x72,0x1c,0x1c,0x23,0x00,0x00,0x00,0x00,0x00,0x00,0x00,
    0x00,0xe2,0x0f,0x01,0x89,0x7f,0x1b,0x1d,0x00,0x1f,0x40,0x0c,
    0x00,0x00,0x0e,0x00,0x00,0xa2,0x02,0x00,0x21,0x72,0x18,0x18,
    0x25,0x00,0x00,0x00,0x00,0x00,0x00,0x00,0x00,0xc6,0x0f,0x02,
    0x89,0x7f,0x23,0x13,0x00,0x1f,0x40,0x0c,0x00,0x00,0x0e,0x00,
    0x00,0xe2,0x0e,0x00,0x08,0x72,0x25,0x0a,0x0a,0x00,0x00,0x80,
    0x00,0x00,0x80,0x04,0x00,0xe2,0x0f,0x00,0x21,0x72,0x0a,0x1f,
    0x22,0x00,0x00,0x00,0x00,0x00,0x00,0x00,0x00,0xe4,0x1f,0x00,
    0x89,0x7f,0x1f,0x17,0x00,0x1f,0x40,0x0c,0x00,0x00,0x0e,0x00,
    0x00,0x22,0x0e,0x00,0x08,0x72,0x21,0x1d,0x1d,0x00,0x00,0x80,
    0x00,0x00,0x80,0x04,0x00,0xe2,0x0f,0x00,0x08,0x72,0x1a,0x13,
    0x13,0x00,0x00,0x80,0x00,0x00,0x80,0x04,0x00,0xe2,0x0f,0x00,
    0x21,0x72,0x1d,0x1e,0x25,0x00,0x00,0x00,0x00,0x00,0x00,0x00,
    0x00,0xe4,0x2f,0x00,0x89,0x7f,0x1e,0x20,0x00,0x1f,0x40,0x0c,
    0x00,0x00,0x0e,0x00,0x00,0x22,0x03,0x00,0x21,0x72,0x1b,0x1b,
    0x21,0x00,0x00,0x00,0x00,0x00,0x00,0x00,0x00,0xc6,0x4f,0x00,
    0x89,0x7f,0x22,0x24,0x00,0x1f,0x40,0x0c,0x00,0x00,0x0e,0x00,
    0x00,0xe2,0x0f,0x00,0x21,0x72,0x1a,0x23,0x1a,0x00,0x00,0x00,
    0x00,0x00,0x00,0x00,0x00,0xe2,0x8f,0x00,0x08,0x72,0x23,0x17,
    0x17,0x00,0x00,0x80,0x00,0x00,0x80,0x04,0x00,0xe4,0x0f,0x00,
    0x89,0x7f,0x21,0x19,0x00,0x1f,0x40,0x0c,0x00,0x00,0x0e,0x00,
    0x00,0xe2,0x04,0x00,0x08,0x72,0x25,0x20,0x20,0x00,0x00,0x80,
    0x00,0x00,0x80,0x04,0x00,0xe2,0x0f,0x00,0x08,0x72,0x20,0x19,
    0x19,0x00,0x00,0x80,0x00,0x00,0x80,0x04,0x00,0xe2,0x2f,0x00,
    0x21,0x72,0x1f,0x1f,0x23,0x00,0x00,0x00,0x00,0x00,0x00,0x00,
    0x00,0xe2,0x1f,0x00,0x20,0x78,0x19,0x16,0x00,0x00,0x00,0x3e,
    0x00,0x00,0x40,0x00,0x00,0xc6,0x4f,0x00,0x20,0x78,0x16,0x1f,
    0x00,0x00,0x00,0x3e,0x00,0x00,0x40,0x00,0x00,0xca,0x0f,0x00,
    0x0b,0x72,0x00,0x16,0xff,0x00,0x00,0x00,0x00,0xd0,0xf0,0x03,
    0x00,0xe2,0x0f,0x00,0x21,0x72,0x1e,0x1e,0x25,0x00,0x00,0x00,
    0x00,0x00,0x00,0x00,0x00,0xe2,0x0f,0x01,0x08,0x72,0x25,0x24,
    0x24,0x00,0x00,0x80,0x00,0x00,0x80,0x04,0x00,0xe2,0x0f,0x00,
    0x45,0x79,0x00,0x00,0x20,0x03,0x00,0x00,0x00,0x02,0x80,0x03,
    0x00,0xe2,0x0f,0x00,0x21,0x72,0x17,0x21,0x20,0x00,0x00,0x00,
    0x00,0x00,0x00,0x00,0x00,0xc6,0x8f,0x00,0x21,0x72,0x13,0x22,
    0x25,0x00,0x00,0x00,0x00,0x00,0x00,0x00,0x00,0xe2,0x0f,0x00,
    0x02,0x72,0x15,0x00,0xff,0x00,0x00,0x00,0x00,0x0f,0x00,0x00,
    0x00,0xe2,0x0f,0x00,0x20,0x78,0x07,0x07,0x00,0x00,0x00,0x3e,
    0x00,0x00,0x40,0x00,0x00,0xe2,0x0f,0x00,0x20,0x78,0x09,0x09,
    0x00,0x00,0x00,0x3e,0x00,0x00,0x40,0x00,0x00,0xe2,0x0f,0x00,
    0x20,0x78,0x05,0x05,0x00,0x00,0x00,0x3e,0x00,0x00,0x40,0x00,
    0x00,0xe2,0x0f,0x00,0x20,0x78,0x06,0x06,0x00,0x00,0x00,0x3e,
    0x00,0x00,0x40,0x00,0x00,0xe2,0x0f,0x00,0x20,0x78,0x18,0x18,
    0x00,0x00,0x00,0x3e,0x00,0x00,0x40,0x00,0x00,0xe2,0x0f,0x00,
    0x20,0x78,0x04,0x04,0x00,0x00,0x00,0x3e,0x00,0x00,0x40,0x00,
    0x00,0xe2,0x0f,0x00,0x20,0x78,0x1b,0x1b,0x00,0x00,0x00,0x3e,
    0x00,0x00,0x40,0x00,0x00,0xe2,0x0f,0x00,0x20,0x78,0x1c,0x1c,
    0x00,0x00,0x00,0x3e,0x00,0x00,0x40,0x00,0x00,0xe2,0x0f,0x00,
    0x20,0x78,0x1d,0x1d,0x00,0x00,0x00,0x3e,0x00,0x00,0x40,0x00,
    0x00,0xe2,0x0f,0x00,0x20,0x78,0x0a,0x0a,0x00,0x00,0x00,0x3e,
    0x00,0x00,0x40,0x00,0x00,0xe2,0x0f,0x00,0x20,0x78,0x1a,0x1a,
    0x00,0x00,0x00,0x3e,0x00,0x00,0x40,0x00,0x00,0xe2,0x0f,0x00,
    0x20,0x78,0x1e,0x1e,0x00,0x00,0x00,0x3e,0x00,0x00,0x40,0x00,
    0x00,0xe2,0x0f,0x00,0x20,0x78,0x13,0x13,0x00,0x00,0x00,0x3e,
    0x00,0x00,0x40,0x00,0x00,0xe2,0x0f,0x00,0x20,0x78,0x17,0x17,
    0x00,0x00,0x00,0x3e,0x00,0x00,0x40,0x00,0x00,0xe2,0x0f,0x00,
    0x02,0xb2,0x0e,0x00,0x02,0x00,0x00,0x00,0x00,0x0f,0x00,0x00,
    0x00,0xe2,0x0f,0x00,0x02,0xb2,0x0f,0x00,0xff,0x00,0x00,0x00,
    0x00,0x0f,0x00,0x00,0x00,0xe2,0x0f,0x00,0x47,0x89,0x70,0x00,
    0x00,0x00,0x00,0x00,0x00,0x00,0x80,0x03,0x00,0xec,0x0f,0x00,
    0x0b,0x78,0x00,0x16,0x00,0x00,0x80,0x3e,0x00,0xe2,0xf0,0x03,
    0x00,0xe2,0x0f,0x00,0x19,0x78,0x1f,0xff,0x1c,0x00,0x00,0x00,
    0x16,0x16,0x01,0x00,0x00,0xd8,0x0f,0x00,0x12,0x88,0x15,0x1f,
    0x08,0x00,0x00,0x00,0xff,0xc0,0x8e,0x07,0x00,0xe2,0x0f,0x00,
    0x47,0x89,0x60,0x00,0x00,0x00,0x00,0x00,0x00,0x00,0x80,0x03,
    0x00,0xec,0x0f,0x00,0x0b,0x78,0x00,0x16,0x00,0x00,0x40,0x3f,
    0x00,0xe2,0xf0,0x03,0x00,0xe2,0x0f,0x00,0x02,0x78,0x20,0x00,
    0x08,0x00,0x00,0x00,0x00,0x0f,0x00,0x00,0x00,0xd8,0x0f,0x00,
    0x12,0x88,0x15,0x1f,0x01,0x00,0x00,0x00,0x20,0xec,0x8e,0x07,
    0x00,0xe2,0x0f,0x00,0x47,0x89,0x50,0x00,0x00,0x00,0x00,0x00,
    0x00,0x00,0x80,0x03,0x00,0xec,0x0f,0x00,0x0b,0x78,0x00,0x16,
    0x00,0x00,0xa0,0x3f,0x00,0xe2,0xf0,0x03,0x00,0xe2,0x0f,0x00,
    0x02,0x78,0x20,0x00,0x08,0x00,0x00,0x00,0x00,0x0f,0x00,0x00,
    0x00,0xd8,0x0f,0x00,0x12,0x88,0x15,0x1f,0x02,0x00,0x00,0x00,
    0x20,0xec,0x8e,0x07,0x00,0xe2,0x0f,0x00,0x47,0x89,0x40,0x00,
    0x00,0x00,0x00,0x00,0x00,0x00,0x80,0x03,0x00,0xec,0x0f,0x00,
    0x0b,0x78,0x00,0x16,0x00,0x00,0xe0,0x3f,0x00,0xe2,0xf0,0x03,
    0x00,0xe2,0x0f,0x00,0x02,0x78,0x20,0x00,0x08,0x00,0x00,0x00,
    0x00,0x0f,0x00,0x00,0x00,0xd8,0x0f,0x00,0x12,0x88,0x15,0x1f,
    0x03,0x00,0x00,0x00,0x20,0xec,0x8e,0x07,0x00,0xe2,0x0f,0x00,
    0x47,0x89,0x30,0x00,0x00,0x00,0x00,0x00,0x00,0x00,0x80,0x03,
    0x00,0xec,0x0f,0x00,0x0b,0x78,0x00,0x16,0x00,0x00,0x20,0x40,
    0x00,0xe2,0xf0,0x03,0x00,0xe2,0x0f,0x00,0x02,0x78,0x20,0x00,
    0x08,0x00,0x00,0x00,0x00,0x0f,0x00,0x00,0x00,0xd8,0x0f,0x00,
    0x12,0x88,0x15,0x1f,0x04,0x00,0x00,0x00,0x20,0xec,0x8e,0x07,
    0x00,0xe2,0x0f,0x00,0x47,0x89,0x20,0x00,0x00,0x00,0x00,0x00,
    0x00,0x00,0x80,0x03,0x00,0xec,0x0f,0x00,0x0b,0x78,0x00,0x16,
    0x00,0x00,0x60,0x40,0x00,0xe2,0xf0,0x03,0x00,0xe2,0x0f,0x00,
    0x02,0x78,0x20,0x00,0x08,0x00,0x00,0x00,0x00,0x0f,0x00,0x00,
    0x00,0xd8,0x0f,0x00,0x12,0x88,0x15,0x1f,0x05,0x00,0x00,0x00,
    0x20,0xec,0x8e,0x07,0x00,0xe2,0x0f,0x00,0x47,0x89,0x10,0x00,
    0x00,0x00,0x00,0x00,0x00,0x00,0x80,0x03,0x00,0xec,0x0f,0x00,
    0x0b,0x78,0x00,0x16,0x00,0x00,0xa0,0x40,0x00,0xe2,0xf0,0x03,
    0x00,0xe2,0x0f,0x00,0x02,0x78,0x16,0x00,0x08,0x00,0x00,0x00,
    0x00,0x0f,0x00,0x00,0x00,0xd8,0x0f,0x00,0x12,0x88,0x15,0x1f,
    0x06,0x00,0x00,0x00,0x16,0xec,0x8e,0x07,0x00,0xe4,0x0f,0x04,
    0x12,0x08,0x15,0x1f,0x07,0x00,0x00,0x00,0xff,0xfc,0x8e,0x07,
    0x00,0xce,0x0f,0x00,0x18,0x79,0x00,0x00,0x00,0x00,0x00,0x00,
    0x00,0x00,0x00,0x00,0x00,0xe2,0x0f,0x00,0x41,0x79,0x00,0x00,
    0x00,0x00,0x00,0x00,0x00,0x02,0x80,0x03,0x00,0xea,0x0f,0x00,
    0x0b,0x72,0x00,0x1b,0xff,0x00,0x00,0x00,0x00,0xd0,0xf0,0x03,
    0x00,0xe2,0x0f,0x00,0x45,0x79,0x00,0x00,0x00,0x02,0x00,0x00,
    0x00,0x02,0x80,0x03,0x00,0xe2,0x0f,0x00,0x02,0x72,0x16,0x00,
    0xff,0x00,0x00,0x00,0x00,0x0f,0x00,0x00,0x00,0xd6,0x0f,0x00,
    0x47,0x89,0x70,0x00,0x00,0x00,0x00,0x00,0x00,0x00,0x80,0x03,
    0x00,0xea,0x0f,0x00,0x0b,0x78,0x00,0x1b,0x00,0x00,0x80,0x3e,
    0x00,0xe2,0xf0,0x03,0x00,0xe2,0x0f,0x00,0x19,0x78,0x1f,0xff,
    0x1c,0x00,0x00,0x00,0x1b,0x16,0x01,0x00,0x00,0xd8,0x0f,0x00,
    0x12,0x88,0x16,0x1f,0x08,0x00,0x00,0x00,0xff,0xc0,0x8e,0x07,
    0x00,0xe2,0x0f,0x00,0x47,0x89,0x60,0x00,0x00,0x00,0x00,0x00,
    0x00,0x00,0x80,0x03,0x00,0xec,0x0f,0x00,0x0b,0x78,0x00,0x1b,
    0x00,0x00,0x40,0x3f,0x00,0xe2,0xf0,0x03,0x00,0xe2,0x0f,0x00,
    0x02,0x78,0x16,0x00,0x08,0x00,0x00,0x00,0x00,0x0f,0x00,0x00,
    0x00,0xd8,0x0f,0x00,0x12,0x88,0x16,0x1f,0x01,0x00,0x00,0x00,
    0x16,0xec,0x8e,0x07,0x00,0xe2,0x0f,0x00,0x47,0x89,0x50,0x00,
    0x00,0x00,0x00,0x00,0x00,0x00,0x80,0x03,0x00,0xec,0x0f,0x00,
    0x0b,0x78,0x00,0x1b,0x00,0x00,0xa0,0x3f,0x00,0xe2,0xf0,0x03,
    0x00,0xe2,0x0f,0x00,0x02,0x78,0x16,0x00,0x08,0x00,0x00,0x00,
    0x00,0x0f,0x00,0x00,0x00,0xd8,0x0f,0x00,0x12,0x88,0x16,0x1f,
    0x02,0x00,0x00,0x00,0x16,0xec,0x8e,0x07,0x00,0xe2,0x0f,0x00,
    0x47,0x89,0x40,0x00,0x00,0x00,0x00,0x00,0x00,0x00,0x80,0x03,
    0x00,0xec,0x0f,0x00,0x0b,0x78,0x00,0x1b,0x00,0x00,0xe0,0x3f,
    0x00,0xe2,0xf0,0x03,0x00,0xe2,0x0f,0x00,0x02,0x78,0x16,0x00,
    0x08,0x00,0x00,0x00,0x00,0x0f,0x00,0x00,0x00,0xd8,0x0f,0x00,
    0x12,0x88,0x16,0x1f,0x03,0x00,0x00,0x00,0x16,0xec,0x8e,0x07,
    0x00,0xe2,0x0f,0x00,0x47,0x89,0x30,0x00,0x00,0x00,0x00,0x00,
    0x00,0x00,0x80,0x03,0x00,0xec,0x0f,0x00,0x0b,0x78,0x00,0x1b,
    0x00,0x00,0x20,0x40,0x00,0xe2,0xf0,0x03,0x00,0xe2,0x0f,0x00,
    0x02,0x78,0x16,0x00,0x08,0x00,0x00,0x00,0x00,0x0f,0x00,0x00,
    0x00,0xd8,0x0f,0x00,0x12,0x88,0x16,0x1f,0x04,0x00,0x00,0x00,
    0x16,0xec,0x8e,0x07,0x00,0xe2,0x0f,0x00,0x47,0x89,0x20,0x00,
    0x00,0x00,0x00,0x00,0x00,0x00,0x80,0x03,0x00,0xec,0x0f,0x00,
    0x0b,0x78,0x00,0x1b,0x00,0x00,0x60,0x40,0x00,0xe2,0xf0,0x03,
    0x00,0xe2,0x0f,0x00,0x02,0x78,0x16,0x00,0x08,0x00,0x00,0x00,
    0x00,0x0f,0x00,0x00,0x00,0xd8,0x0f,0x00,0x12,0x88,0x16,0x1f,
    0x05,0x00,0x00,0x00,0x16,0xec,0x8e,0x07,0x00,0xe2,0x0f,0x00,
    0x47,0x89,0x10,0x00,0x00,0x00,0x00,0x00,0x00,0x00,0x80,0x03,
    0x00,0xec,0x0f,0x00,0x0b,0x78,0x00,0x1b,0x00,0x00,0xa0,0x40,
    0x00,0xe2,0xf0,0x03,0x00,0xe2,0x0f,0x00,0x02,0x78,0x16,0x00,
    0x08,0x00,0x00,0x00,0x00,0x0f,0x00,0x00,0x00,0xd8,0x0f,0x00,
    0x12,0x88,0x16,0x1f,0x06,0x00,0x00,0x00,0x16,0xec,0x8e,0x07,
    0x00,0xe4,0x0f,0x04,0x12,0x08,0x16,0x1f,0x07,0x00,0x00,0x00,
    0xff,0xfc,0x8e,0x07,0x00,0xce,0x0f,0x00,0x18,0x79,0x00,0x00,
    0x00,0x00,0x00,0x00,0x00,0x00,0x00,0x00,0x00,0xe2,0x0f,0x00,
    0x41,0x79,0x00,0x00,0x00,0x00,0x00,0x00,0x00,0x02,0x80,0x03,
    0x00,0xea,0x0f,0x00,0x0b,0x72,0x00,0x07,0xff,0x00,0x00,0x00,
    0x00,0xd0,0xf0,0x03,0x00,0xe2,0x0f,0x00,0x45,0x79,0x00,0x00,
    0x60,0x02,0x00,0x00,0x00,0x02,0x80,0x03,0x00,0xe2,0x0f,0x00,
    0x02,0x72,0x1b,0x00,0xff,0x00,0x00,0x00,0x00,0x0f,0x00,0x00,
    0x00,0xd6,0x0f,0x00,0x47,0x89,0x88,0x00,0x00,0x00,0x00,0x00,
    0x00,0x00,0x80,0x03,0x00,0xea,0x0f,0x00,0x0b,0x78,0x00,0x07,
    0x00,0x00,0x80,0x3e,0x00,0xe2,0xf0,0x03,0x00,0xe2,0x0f,0x00,
    0x19,0x78,0x1f,0xff,0x1c,0x00,0x00,0x00,0x07,0x16,0x01,0x00,
    0x00,0xd8,0x0f,0x00,0x47,0x89,0x78,0x00,0x00,0x00,0x00,0x00,
    0x00,0x00,0x80,0x03,0x00,0xea,0x0f,0x00,0x0b,0x78,0x00,0x07,
    0x00,0x00,0x40,0x3f,0x00,0xe2,0xf0,0x03,0x00,0xda,0x0f,0x00,
    0x47,0x89,0x64,0x00,0x00,0x00,0x00,0x00,0x00,0x00,0x80,0x03,
    0x00,0xea,0x0f,0x00,0x0b,0x78,0x00,0x07,0x00,0x00,0xa0,0x3f,
    0x00,0xe2,0xf0,0x03,0x00,0xda,0x0f,0x00,0x47,0x89,0x50,0x00,
    0x00,0x00,0x00,0x00,0x00,0x00,0x80,0x03,0x00,0xea,0x0f,0x00,
    0x0b,0x78,0x00,0x07,0x00,0x00,0xe0,0x3f,0x00,0xe2,0xf0,0x03,
    0x00,0xda,0x0f,0x00,0x47,0x89,0x3c,0x00,0x00,0x00,0x00,0x00,
    0x00,0x00,0x80,0x03,0x00,0xea,0x0f,0x00,0x0b,0x78,0x00,0x07,
    0x00,0x00,0x20,0x40,0x00,0xe2,0xf0,0x03,0x00,0xda,0x0f,0x00,
    0x47,0x89,0x28,0x00,0x00,0x00,0x00,0x00,0x00,0x00,0x80,0x03,
    0x00,0xea,0x0f,0x00,0x0b,0x78,0x00,0x07,0x00,0x00,0x60,0x40,
    0x00,0xe2,0xf0,0x03,0x00,0xda,0x0f,0x00,0x47,0x89,0x14,0x00,
    0x00,0x00,0x00,0x00,0x00,0x00,0x80,0x03,0x00,0xea,0x0f,0x00,
    0x0b,0x78,0x00,0x07,0x00,0x00,0xa0,0x40,0x00,0xe2,0xf0,0x03,
    0x00,0xe2,0x0f,0x00,0x02,0x78,0x20,0x00,0x08,0x00,0x00,0x00,
    0x00,0x0f,0x00,0x00,0x00,0xd8,0x0f,0x00,0x12,0x08,0x1b,0x1f,
    0x07,0x00,0x00,0x00,0xff,0xfc,0x8e,0x07,0x00,0xe4,0x0f,0x04,
    0x12,0x88,0x1b,0x1f,0x06,0x00,0x00,0x00,0x20,0xec,0x8e,0x07,
    0x00,0xe2,0x0f,0x00,0x47,0x79,0x40,0x00,0x00,0x00,0x00,0x00,
    0x00,0x00,0x80,0x03,0x00,0xec,0x0f,0x00,0x02,0x78,0x20,0x00,
    0x08,0x00,0x00,0x00,0x00,0x0f,0x00,0x00,0x00,0xca,0x0f,0x00,
    0x12,0x78,0x1b,0x1f,0x05,0x00,0x00,0x00,0x20,0xec,0x8e,0x07,
    0x00,0xe2,0x0f,0x00,0x47,0x79,0x34,0x00,0x00,0x00,0x00,0x00,
    0x00,0x00,0x80,0x03,0x00,0xec,0x0f,0x00,0x02,0x78,0x20,0x00,
    0x08,0x00,0x00,0x00,0x00,0x0f,0x00,0x00,0x00,0xca,0x0f,0x00,
    0x12,0x78,0x1b,0x1f,0x04,0x00,0x00,0x00,0x20,0xec,0x8e,0x07,
    0x00,0xe2,0x0f,0x00,0x47,0x79,0x28,0x00,0x00,0x00,0x00,0x00,
    0x00,0x00,0x80,0x03,0x00,0xec,0x0f,0x00,0x02,0x78,0x20,0x00,
    0x08,0x00,0x00,0x00,0x00,0x0f,0x00,0x00,0x00,0xca,0x0f,0x00,
    0x12,0x78,0x1b,0x1f,0x03,0x00,0x00,0x00,0x20,0xec,0x8e,0x07,
    0x00,0xe2,0x0f,0x00,0x47,0x79,0x1c,0x00,0x00,0x00,0x00,0x00,
    0x00,0x00,0x80,0x03,0x00,0xec,0x0f,0x00,0x02,0x78,0x20,0x00,
    0x08,0x00,0x00,0x00,0x00,0x0f,0x00,0x00,0x00,0xca,0x0f,0x00,
    0x12,0x78,0x1b,0x1f,0x02,0x00,0x00,0x00,0x20,0xec,0x8e,0x07,
    0x00,0xe2,0x0f,0x00,0x47,0x79,0x10,0x00,0x00,0x00,0x00,0x00,
    0x00,0x00,0x80,0x03,0x00,0xec,0x0f,0x00,0x02,0x78,0x20,0x00,
    0x08,0x00,0x00,0x00,0x00,0x0f,0x00,0x00,0x00,0xca,0x0f,0x00,
    0x12,0x78,0x1b,0x1f,0x01,0x00,0x00,0x00,0x20,0xec,0x8e,0x07,
    0x00,0xe2,0x0f,0x00,0x47,0x79,0x04,0x00,0x00,0x00,0x00,0x00,
    0x00,0x00,0x80,0x03,0x00,0xec,0x0f,0x00,0x12,0x78,0x1b,0x1f,
    0x08,0x00,0x00,0x00,0xff,0xc0,0x8e,0x07,0x00,0xce,0x0f,0x00,
    0x18,0x79,0x00,0x00,0x00,0x00,0x00,0x00,0x00,0x00,0x00,0x00,
    0x00,0xe2,0x0f,0x00,0x41,0x79,0x00,0x00,0x00,0x00,0x00,0x00,
    0x00,0x02,0x80,0x03,0x00,0xea,0x0f,0x00,0x0b,0x72,0x00,0x1c,
    0xff,0x00,0x00,0x00,0x00,0xd0,0xf0,0x03,0x00,0xe2,0x0f,0x00,
    0x24,0x78,0x20,0x1b,0x10,0x00,0x00,0x00,0xff,0x00,0x8e,0x07,
    0x00,0xe2,0x0f,0x00,0x45,0x79,0x00,0x00,0x70,0x02,0x00,0x00,
    0x00,0x02,0x80,0x03,0x00,0xe2,0x0f,0x00,0x02,0x72,0x07,0x00,
    0xff,0x00,0x00,0x00,0x00,0x0f,0x00,0x00,0x00,0xc6,0x0f,0x00,
    0x12,0x72,0x15,0x20,0x15,0x00,0x00,0x00,0xff,0xfc,0x8e,0x07,
    0x00,0xce,0x0f,0x00,0x47,0x89,0x88,0x00,0x00,0x00,0x00,0x00,
    0x00,0x00,0x80,0x03,0x00,0xea,0x0f,0x00,0x0b,0x78,0x00,0x1c,
    0x00,0x00,0x80,0x3e,0x00,0xe2,0xf0,0x03,0x00,0xe2,0x0f,0x00,
    0x19,0x78,0x1b,0xff,0x1c,0x00,0x00,0x00,0x1c,0x16,0x01,0x00,
    0x00,0xd8,0x0f,0x00,0x47,0x89,0x78,0x00,0x00,0x00,0x00,0x00,
    0x00,0x00,0x80,0x03,0x00,0xea,0x0f,0x00,0x0b,0x78,0x00,0x1c,
    0x00,0x00,0x40,0x3f,0x00,0xe2,0xf0,0x03,0x00,0xda,0x0f,0x00,
    0x47,0x89,0x64,0x00,0x00,0x00,0x00,0x00,0x00,0x00,0x80,0x03,
    0x00,0xea,0x0f,0x00,0x0b,0x78,0x00,0x1c,0x00,0x00,0xa0,0x3f,
    0x00,0xe2,0xf0,0x03,0x00,0xda,0x0f,0x00,0x47,0x89,0x50,0x00,
    0x00,0x00,0x00,0x00,0x00,0x00,0x80,0x03,0x00,0xea,0x0f,0x00,
    0x0b,0x78,0x00,0x1c,0x00,0x00,0xe0,0x3f,0x00,0xe2,0xf0,0x03,
    0x00,0xda,0x0f,0x00,0x47,0x89,0x3c,0x00,0x00,0x00,0x00,0x00,
    0x00,0x00,0x80,0x03,0x00,0xea,0x0f,0x00,0x0b,0x78,0x00,0x1c,
    0x00,0x00,0x20,0x40,0x00,0xe2,0xf0,0x03,0x00,0xda,0x0f,0x00,
    0x47,0x89,0x28,0x00,0x00,0x00,0x00,0x00,0x00,0x00,0x80,0x03,
    0x00,0xea,0x0f,0x00,0x0b,0x78,0x00,0x1c,0x00,0x00,0x60,0x40,
    0x00,0xe2,0xf0,0x03,0x00,0xda,0x0f,0x00,0x47,0x89,0x14,0x00,
    0x00,0x00,0x00,0x00,0x00,0x00,0x80,0x03,0x00,0xea,0x0f,0x00,
    0x0b,0x78,0x00,0x1c,0x00,0x00,0xa0,0x40,0x00,0xe2,0xf0,0x03,
    0x00,0xe2,0x0f,0x00,0x02,0x78,0x1c,0x00,0x08,0x00,0x00,0x00,
    0x00,0x0f,0x00,0x00,0x00,0xd8,0x0f,0x00,0x12,0x08,0x07,0x1b,
    0x07,0x00,0x00,0x00,0xff,0xfc,0x8e,0x07,0x00,0xe4,0x0f,0x04,
    0x12,0x88,0x07,0x1b,0x06,0x00,0x00,0x00,0x1c,0xec,0x8e,0x07,
    0x00,0xe2,0x0f,0x00,0x47,0x79,0x40,0x00,0x00,0x00,0x00,0x00,
    0x00,0x00,0x80,0x03,0x00,0xec,0x0f,0x00,0x02,0x78,0x1c,0x00,
    0x08,0x00,0x00,0x00,0x00,0x0f,0x00,0x00,0x00,0xca,0x0f,0x00,
    0x12,0x78,0x07,0x1b,0x05,0x00,0x00,0x00,0x1c,0xec,0x8e,0x07,
    0x00,0xe2,0x0f,0x00,0x47,0x79,0x34,0x00,0x00,0x00,0x00,0x00,
    0x00,0x00,0x80,0x03,0x00,0xec,0x0f,0x00,0x02,0x78,0x1c,0x00,
    0x08,0x00,0x00,0x00,0x00,0x0f,0x00,0x00,0x00,0xca,0x0f,0x00,
    0x12,0x78,0x07,0x1b,0x04,0x00,0x00,0x00,0x1c,0xec,0x8e,0x07,
    0x00,0xe2,0x0f,0x00,0x47,0x79,0x28,0x00,0x00,0x00,0x00,0x00,
    0x00,0x00,0x80,0x03,0x00,0xec,0x0f,0x00,0x02,0x78,0x1c,0x00,
    0x08,0x00,0x00,0x00,0x00,0x0f,0x00,0x00,0x00,0xca,0x0f,0x00,
    0x12,0x78,0x07,0x1b,0x03,0x00,0x00,0x00,0x1c,0xec,0x8e,0x07,
    0x00,0xe2,0x0f,0x00,0x47,0x79,0x1c,0x00,0x00,0x00,0x00,0x00,
    0x00,0x00,0x80,0x03,0x00,0xec,0x0f,0x00,0x02,0x78,0x1c,0x00,
    0x08,0x00,0x00,0x00,0x00,0x0f,0x00,0x00,0x00,0xca,0x0f,0x00,
    0x12,0x78,0x07,0x1b,0x02,0x00,0x00,0x00,0x1c,0xec,0x8e,0x07,
    0x00,0xe2,0x0f,0x00,0x47,0x79,0x10,0x00,0x00,0x00,0x00,0x00,
    0x00,0x00,0x80,0x03,0x00,0xec,0x0f,0x00,0x02,0x78,0x1c,0x00,
    0x08,0x00,0x00,0x00,0x00,0x0f,0x00,0x00,0x00,0xca,0x0f,0x00,
    0x12,0x78,0x07,0x1b,0x01,0x00,0x00,0x00,0x1c,0xec,0x8e,0x07,
    0x00,0xe2,0x0f,0x00,0x47,0x79,0x04,0x00,0x00,0x00,0x00,0x00,
    0x00,0x00,0x80,0x03,0x00,0xec,0x0f,0x00,0x12,0x78,0x07,0x1b,
    0x08,0x00,0x00,0x00,0xff,0xc0,0x8e,0x07,0x00,0xce,0x0f,0x00,
    0x18,0x79,0x00,0x00,0x00,0x00,0x00,0x00,0x00,0x00,0x00,0x00,
    0x00,0xe2,0x0f,0x00,0x41,0x79,0x00,0x00,0x00,0x00,0x00,0x00,
    0x00,0x02,0x80,0x03,0x00,0xea,0x0f,0x00,0x0b,0x72,0x00,0x09,
    0xff,0x00,0x00,0x00,0x00,0xd0,0xf0,0x03,0x00,0xe2,0x0f,0x00,
    0x24,0x78,0x07,0x07,0x10,0x00,0x00,0x00,0xff,0x00,0x8e,0x07,
    0x00,0xe2,0x0f,0x00,0x45,0x79,0x00,0x00,0x70,0x02,0x00,0x00,
    0x00,0x02,0x80,0x03,0x00,0xe2,0x0f,0x00,0x02,0x72,0x1b,0x00,
    0xff,0x00,0x00,0x00,0x00,0x0f,0x00,0x00,0x00,0xc6,0x0f,0x00,
    0x12,0x72,0x16,0x07,0x16,0x00,0x00,0x00,0xff,0xfc,0x8e,0x07,
    0x00,0xce,0x0f,0x00,0x47,0x89,0x88,0x00,0x00,0x00,0x00,0x00,
    0x00,0x00,0x80,0x03,0x00,0xea,0x0f,0x00,0x0b,0x78,0x00,0x09,
    0x00,0x00,0x80,0x3e,0x00,0xe2,0xf0,0x03,0x00,0xe2,0x0f,0x00,
    0x19,0x78,0x07,0xff,0x1c,0x00,0x00,0x00,0x09,0x16,0x01,0x00,
    0x00,0xd8,0x0f,0x00,0x47,0x89,0x78,0x00,0x00,0x00,0x00,0x00,
    0x00,0x00,0x80,0x03,0x00,0xea,0x0f,0x00,0x0b,0x78,0x00,0x09,
    0x00,0x00,0x40,0x3f,0x00,0xe2,0xf0,0x03,0x00,0xda,0x0f,0x00,
    0x47,0x89,0x64,0x00,0x00,0x00,0x00,0x00,0x00,0x00,0x80,0x03,
    0x00,0xea,0x0f,0x00,0x0b,0x78,0x00,0x09,0x00,0x00,0xa0,0x3f,
    0x00,0xe2,0xf0,0x03,0x00,0xda,0x0f,0x00,0x47,0x89,0x50,0x00,
    0x00,0x00,0x00,0x00,0x00,0x00,0x80,0x03,0x00,0xea,0x0f,0x00,
    0x0b,0x78,0x00,0x09,0x00,0x00,0xe0,0x3f,0x00,0xe2,0xf0,0x03,
    0x00,0xda,0x0f,0x00,0x47,0x89,0x3c,0x00,0x00,0x00,0x00,0x00,
    0x00,0x00,0x80,0x03,0x00,0xea,0x0f,0x00,0x0b,0x78,0x00,0x09,
    0x00,0x00,0x20,0x40,0x00,0xe2,0xf0,0x03,0x00,0xda,0x0f,0x00,
    0x47,0x89,0x28,0x00,0x00,0x00,0x00,0x00,0x00,0x00,0x80,0x03,
    0x00,0xea,0x0f,0x00,0x0b,0x78,0x00,0x09,0x00,0x00,0x60,0x40,
    0x00,0xe2,0xf0,0x03,0x00,0xda,0x0f,0x00,0x47,0x89,0x14,0x00,
    0x00,0x00,0x00,0x00,0x00,0x00,0x80,0x03,0x00,0xea,0x0f,0x00,
    0x0b,0x78,0x00,0x09,0x00,0x00,0xa0,0x40,0x00,0xe2,0xf0,0x03,
    0x00,0xe2,0x0f,0x00,0x02,0x78,0x1c,0x00,0x08,0x00,0x00,0x00,
    0x00,0x0f,0x00,0x00,0x00,0xd8,0x0f,0x00,0x12,0x08,0x1b,0x07,
    0x07,0x00,0x00,0x00,0xff,0xfc,0x8e,0x07,0x00,0xe4,0x0f,0x04,
    0x12,0x88,0x1b,0x07,0x06,0x00,0x00,0x00,0x1c,0xec,0x8e,0x07,
    0x00,0xe2,0x0f,0x00,0x47,0x79,0x40,0x00,0x00,0x00,0x00,0x00,
    0x00,0x00,0x80,0x03,0x00,0xec,0x0f,0x00,0x02,0x78,0x1c,0x00,
    0x08,0x00,0x00,0x00,0x00,0x0f,0x00,0x00,0x00,0xca,0x0f,0x00,
    0x12,0x78,0x1b,0x07,0x05,0x00,0x00,0x00,0x1c,0xec,0x8e,0x07,
    0x00,0xe2,0x0f,0x00,0x47,0x79,0x34,0x00,0x00,0x00,0x00,0x00,
    0x00,0x00,0x80,0x03,0x00,0xec,0x0f,0x00,0x02,0x78,0x1c,0x00,
    0x08,0x00,0x00,0x00,0x00,0x0f,0x00,0x00,0x00,0xca,0x0f,0x00,
    0x12,0x78,0x1b,0x07,0x04,0x00,0x00,0x00,0x1c,0xec,0x8e,0x07,
    0x00,0xe2,0x0f,0x00,0x47,0x79,0x28,0x00,0x00,0x00,0x00,0x00,
    0x00,0x00,0x80,0x03,0x00,0xec,0x0f,0x00,0x02,0x78,0x1c,0x00,
    0x08,0x00,0x00,0x00,0x00,0x0f,0x00,0x00,0x00,0xca,0x0f,0x00,
    0x12,0x78,0x1b,0x07,0x03,0x00,0x00,0x00,0x1c,0xec,0x8e,0x07,
    0x00,0xe2,0x0f,0x00,0x47,0x79,0x1c,0x00,0x00,0x00,0x00,0x00,
    0x00,0x00,0x80,0x03,0x00,0xec,0x0f,0x00,0x02,0x78,0x1c,0x00,
    0x08,0x00,0x00,0x00,0x00,0x0f,0x00,0x00,0x00,0xca,0x0f,0x00,
    0x12,0x78,0x1b,0x07,0x02,0x00,0x00,0x00,0x1c,0xec,0x8e,0x07,
    0x00,0xe2,0x0f,0x00,0x47,0x79,0x10,0x00,0x00,0x00,0x00,0x00,
    0x00,0x00,0x80,0x03,0x00,0xec,0x0f,0x00,0x02,0x78,0x1c,0x00,
    0x08,0x00,0x00,0x00,0x00,0x0f,0x00,0x00,0x00,0xca,0x0f,0x00,
    0x12,0x78,0x1b,0x07,0x01,0x00,0x00,0x00,0x1c,0xec,0x8e,0x07,
    0x00,0xe2,0x0f,0x00,0x47,0x79,0x04,0x00,0x00,0x00,0x00,0x00,
    0x00,0x00,0x80,0x03,0x00,0xec,0x0f,0x00,0x12,0x78,0x1b,0x07,
    0x08,0x00,0x00,0x00,0xff,0xc0,0x8e,0x07,0x00,0xce,0x0f,0x00,
    0x18,0x79,0x00,0x00,0x00,0x00,0x00,0x00,0x00,0x00,0x00,0x00,
    0x00,0xe2,0x0f,0x00,0x41,0x79,0x00,0x00,0x00,0x00,0x00,0x00,
    0x00,0x02,0x80,0x03,0x00,0xea,0x0f,0x00,0x0b,0x72,0x00,0x1d,
    0xff,0x00,0x00,0x00,0x00,0xd0,0xf0,0x03,0x00,0xe2,0x0f,0x00,
    0x24,0x78,0x1c,0x1b,0x00,0x01,0x00,0x00,0xff,0x00,0x8e,0x07,
    0x00,0xe2,0x0f,0x00,0x45,0x79,0x00,0x00,0x70,0x02,0x00,0x00,
    0x00,0x02,0x80,0x03,0x00,0xe2,0x0f,0x00,0x02,0x72,0x07,0x00,
    0xff,0x00,0x00,0x00,0x00,0x0f,0x00,0x00,0x00,0xc6,0x0f,0x00,
    0x12,0x72,0x15,0x1c,0x15,0x00,0x00,0x00,0xff,0xfc,0x8e,0x07,
    0x00,0xce,0x0f,0x00,0x47,0x89,0x88,0x00,0x00,0x00,0x00,0x00,
    0x00,0x00,0x80,0x03,0x00,0xea,0x0f,0x00,0x0b,0x78,0x00,0x1d,
    0x00,0x00,0x80,0x3e,0x00,0xe2,0xf0,0x03,0x00,0xe2,0x0f,0x00,
    0x19,0x78,0x09,0xff,0x1c,0x00,0x00,0x00,0x1d,0x16,0x01,0x00,
    0x00,0xd8,0x0f,0x00,0x47,0x89,0x78,0x00,0x00,0x00,0x00,0x00,
    0x00,0x00,0x80,0x03,0x00,0xea,0x0f,0x00,0x0b,0x78,0x00,0x1d,
    0x00,0x00,0x40,0x3f,0x00,0xe2,0xf0,0x03,0x00,0xda,0x0f,0x00,
    0x47,0x89,0x64,0x00,0x00,0x00,0x00,0x00,0x00,0x00,0x80,0x03,
    0x00,0xea,0x0f,0x00,0x0b,0x78,0x00,0x1d,0x00,0x00,0xa0,0x3f,
    0x00,0xe2,0xf0,0x03,0x00,0xda,0x0f,0x00,0x47,0x89,0x50,0x00,
    0x00,0x00,0x00,0x00,0x00,0x00,0x80,0x03,0x00,0xea,0x0f,0x00,
    0x0b,0x78,0x00,0x1d,0x00,0x00,0xe0,0x3f,0x00,0xe2,0xf0,0x03,
    0x00,0xda,0x0f,0x00,0x47,0x89,0x3c,0x00,0x00,0x00,0x00,0x00,
    0x00,0x00,0x80,0x03,0x00,0xea,0x0f,0x00,0x0b,0x78,0x00,0x1d,
    0x00,0x00,0x20,0x40,0x00,0xe2,0xf0,0x03,0x00,0xda,0x0f,0x00,
    0x47,0x89,0x28,0x00,0x00,0x00,0x00,0x00,0x00,0x00,0x80,0x03,
    0x00,0xea,0x0f,0x00,0x0b,0x78,0x00,0x1d,0x00,0x00,0x60,0x40,
    0x00,0xe2,0xf0,0x03,0x00,0xda,0x0f,0x00,0x47,0x89,0x14,0x00,
    0x00,0x00,0x00,0x00,0x00,0x00,0x80,0x03,0x00,0xea,0x0f,0x00,
    0x0b,0x78,0x00,0x1d,0x00,0x00,0xa0,0x40,0x00,0xe2,0xf0,0x03,
    0x00,0xe2,0x0f,0x00,0x02,0x78,0x1c,0x00,0x08,0x00,0x00,0x00,
    0x00,0x0f,0x00,0x00,0x00,0xd8,0x0f,0x00,0x12,0x08,0x07,0x09,
    0x07,0x00,0x00,0x00,0xff,0xfc,0x8e,0x07,0x00,0xe4,0x0f,0x04,
    0x12,0x88,0x07,0x09,0x06,0x00,0x00,0x00,0x1c,0xec,0x8e,0x07,
    0x00,0xe2,0x0f,0x00,0x47,0x79,0x40,0x00,0x00,0x00,0x00,0x00,
    0x00,0x00,0x80,0x03,0x00,0xec,0x0f,0x00,0x02,0x78,0x1c,0x00,
    0x08,0x00,0x00,0x00,0x00,0x0f,0x00,0x00,0x00,0xca,0x0f,0x00,
    0x12,0x78,0x07,0x09,0x05,0x00,0x00,0x00,0x1c,0xec,0x8e,0x07,
    0x00,0xe2,0x0f,0x00,0x47,0x79,0x34,0x00,0x00,0x00,0x00,0x00,
    0x00,0x00,0x80,0x03,0x00,0xec,0x0f,0x00,0x02,0x78,0x1c,0x00,
    0x08,0x00,0x00,0x00,0x00,0x0f,0x00,0x00,0x00,0xca,0x0f,0x00,
    0x12,0x78,0x07,0x09,0x04,0x00,0x00,0x00,0x1c,0xec,0x8e,0x07,
    0x00,0xe2,0x0f,0x00,0x47,0x79,0x28,0x00,0x00,0x00,0x00,0x00,
    0x00,0x00,0x80,0x03,0x00,0xec,0x0f,0x00,0x02,0x78,0x1c,0x00,
    0x08,0x00,0x00,0x00,0x00,0x0f,0x00,0x00,0x00,0xca,0x0f,0x00,
    0x12,0x78,0x07,0x09,0x03,0x00,0x00,0x00,0x1c,0xec,0x8e,0x07,
    0x00,0xe2,0x0f,0x00,0x47,0x79,0x1c,0x00,0x00,0x00,0x00,0x00,
    0x00,0x00,0x80,0x03,0x00,0xec,0x0f,0x00,0x02,0x78,0x1c,0x00,
    0x08,0x00,0x00,0x00,0x00,0x0f,0x00,0x00,0x00,0xca,0x0f,0x00,
    0x12,0x78,0x07,0x09,0x02,0x00,0x00,0x00,0x1c,0xec,0x8e,0x07,
    0x00,0xe2,0x0f,0x00,0x47,0x79,0x10,0x00,0x00,0x00,0x00,0x00,
    0x00,0x00,0x80,0x03,0x00,0xec,0x0f,0x00,0x02,0x78,0x1c,0x00,
    0x08,0x00,0x00,0x00,0x00,0x0f,0x00,0x00,0x00,0xca,0x0f,0x00,
    0x12,0x78,0x07,0x09,0x01,0x00,0x00,0x00,0x1c,0xec,0x8e,0x07,
    0x00,0xe2,0x0f,0x00,0x47,0x79,0x04,0x00,0x00,0x00,0x00,0x00,
    0x00,0x00,0x80,0x03,0x00,0xec,0x0f,0x00,0x12,0x78,0x07,0x09,
    0x08,0x00,0x00,0x00,0xff,0xc0,0x8e,0x07,0x00,0xce,0x0f,0x00,
    0x18,0x79,0x00,0x00,0x00,0x00,0x00,0x00,0x00,0x00,0x00,0x00,
    0x00,0xe2,0x0f,0x00,0x41,0x79,0x00,0x00,0x00,0x00,0x00,0x00,
    0x00,0x02,0x80,0x03,0x00,0xea,0x0f,0x00,0x0b,0x72,0x00,0x05,
    0xff,0x00,0x00,0x00,0x00,0xd0,0xf0,0x03,0x00,0xe2,0x0f,0x00,
    0x24,0x78,0x07,0x07,0x00,0x01,0x00,0x00,0xff,0x00,0x8e,0x07,
    0x00,0xe2,0x0f,0x00,0x45,0x79,0x00,0x00,0x70,0x02,0x00,0x00,
    0x00,0x02,0x80,0x03,0x00,0xe2,0x0f,0x00,0x02,0x72,0x09,0x00,
    0xff,0x00,0x00,0x00,0x00,0x0f,0x00,0x00,0x00,0xc6,0x0f,0x00,
    0x12,0x72,0x16,0x07,0x16,0x00,0x00,0x00,0xff,0xfc,0x8e,0x07,
    0x00,0xce,0x0f,0x00,0x47,0x89,0x88,0x00,0x00,0x00,0x00,0x00,
    0x00,0x00,0x80,0x03,0x00,0xea,0x0f,0x00,0x0b,0x78,0x00,0x05,
    0x00,0x00,0x80,0x3e,0x00,0xe2,0xf0,0x03,0x00,0xe2,0x0f,0x00,
    0x19,0x78,0x07,0xff,0x1c,0x00,0x00,0x00,0x05,0x16,0x01,0x00,
    0x00,0xd8,0x0f,0x00,0x47,0x89,0x78,0x00,0x00,0x00,0x00,0x00,
    0x00,0x00,0x80,0x03,0x00,0xea,0x0f,0x00,0x0b,0x78,0x00,0x05,
    0x00,0x00,0x40,0x3f,0x00,0xe2,0xf0,0x03,0x00,0xda,0x0f,0x00,
    0x47,0x89,0x64,0x00,0x00,0x00,0x00,0x00,0x00,0x00,0x80,0x03,
    0x00,0xea,0x0f,0x00,0x0b,0x78,0x00,0x05,0x00,0x00,0xa0,0x3f,
    0x00,0xe2,0xf0,0x03,0x00,0xda,0x0f,0x00,0x47,0x89,0x50,0x00,
    0x00,0x00,0x00,0x00,0x00,0x00,0x80,0x03,0x00,0xea,0x0f,0x00,
    0x0b,0x78,0x00,0x05,0x00,0x00,0xe0,0x3f,0x00,0xe2,0xf0,0x03,
    0x00,0xda,0x0f,0x00,0x47,0x89,0x3c,0x00,0x00,0x00,0x00,0x00,
    0x00,0x00,0x80,0x03,0x00,0xea,0x0f,0x00,0x0b,0x78,0x00,0x05,
    0x00,0x00,0x20,0x40,0x00,0xe2,0xf0,0x03,0x00,0xda,0x0f,0x00,
    0x47,0x89,0x28,0x00,0x00,0x00,0x00,0x00,0x00,0x00,0x80,0x03,
    0x00,0xea,0x0f,0x00,0x0b,0x78,0x00,0x05,0x00,0x00,0x60,0x40,
    0x00,0xe2,0xf0,0x03,0x00,0xda,0x0f,0x00,0x47,0x89,0x14,0x00,
    0x00,0x00,0x00,0x00,0x00,0x00,0x80,0x03,0x00,0xea,0x0f,0x00,
    0x0b,0x78,0x00,0x05,0x00,0x00,0xa0,0x40,0x00,0xe2,0xf0,0x03,
    0x00,0xe2,0x0f,0x00,0x02,0x78,0x1c,0x00,0x08,0x00,0x00,0x00,
    0x00,0x0f,0x00,0x00,0x00,0xd8,0x0f,0x00,0x12,0x08,0x09,0x07,
    0x07,0x00,0x00,0x00,0xff,0xfc,0x8e,0x07,0x00,0xe4,0x0f,0x04,
    0x12,0x88,0x09,0x07,0x06,0x00,0x00,0x00,0x1c,0xec,0x8e,0x07,
    0x00,0xe2,0x0f,0x00,0x47,0x79,0x40,0x00,0x00,0x00,0x00,0x00,
    0x00,0x00,0x80,0x03,0x00,0xec,0x0f,0x00,0x02,0x78,0x1c,0x00,
    0x08,0x00,0x00,0x00,0x00,0x0f,0x00,0x00,0x00,0xca,0x0f,0x00,
    0x12,0x78,0x09,0x07,0x05,0x00,0x00,0x00,0x1c,0xec,0x8e,0x07,
    0x00,0xe2,0x0f,0x00,0x47,0x79,0x34,0x00,0x00,0x00,0x00,0x00,
    0x00,0x00,0x80,0x03,0x00,0xec,0x0f,0x00,0x02,0x78,0x1c,0x00,
    0x08,0x00,0x00,0x00,0x00,0x0f,0x00,0x00,0x00,0xca,0x0f,0x00,
    0x12,0x78,0x09,0x07,0x04,0x00,0x00,0x00,0x1c,0xec,0x8e,0x07,
    0x00,0xe2,0x0f,0x00,0x47,0x79,0x28,0x00,0x00,0x00,0x00,0x00,
    0x00,0x00,0x80,0x03,0x00,0xec,0x0f,0x00,0x02,0x78,0x1c,0x00,
    0x08,0x00,0x00,0x00,0x00,0x0f,0x00,0x00,0x00,0xca,0x0f,0x00,
    0x12,0x78,0x09,0x07,0x03,0x00,0x00,0x00,0x1c,0xec,0x8e,0x07,
    0x00,0xe2,0x0f,0x00,0x47,0x79,0x1c,0x00,0x00,0x00,0x00,0x00,
    0x00,0x00,0x80,0x03,0x00,0xec,0x0f,0x00,0x02,0x78,0x1c,0x00,
    0x08,0x00,0x00,0x00,0x00,0x0f,0x00,0x00,0x00,0xca,0x0f,0x00,
    0x12,0x78,0x09,0x07,0x02,0x00,0x00,0x00,0x1c,0xec,0x8e,0x07,
    0x00,0xe2,0x0f,0x00,0x47,0x79,0x10,0x00,0x00,0x00,0x00,0x00,
    0x00,0x00,0x80,0x03,0x00,0xec,0x0f,0x00,0x02,0x78,0x1c,0x00,
    0x08,0x00,0x00,0x00,0x00,0x0f,0x00,0x00,0x00,0xca,0x0f,0x00,
    0x12,0x78,0x09,0x07,0x01,0x00,0x00,0x00,0x1c,0xec,0x8e,0x07,
    0x00,0xe2,0x0f,0x00,0x47,0x79,0x04,0x00,0x00,0x00,0x00,0x00,
    0x00,0x00,0x80,0x03,0x00,0xec,0x0f,0x00,0x12,0x78,0x09,0x07,
    0x08,0x00,0x00,0x00,0xff,0xc0,0x8e,0x07,0x00,0xce,0x0f,0x00,
    0x18,0x79,0x00,0x00,0x00,0x00,0x00,0x00,0x00,0x00,0x00,0x00,
    0x00,0xe2,0x0f,0x00,0x41,0x79,0x00,0x00,0x00,0x00,0x00,0x00,
    0x00,0x02,0x80,0x03,0x00,0xea,0x0f,0x00,0x0b,0x72,0x00,0x0a,
    0xff,0x00,0x00,0x00,0x00,0xd0,0xf0,0x03,0x00,0xe2,0x0f,0x00,
    0x24,0x78,0x1c,0x09,0x00,0x10,0x00,0x00,0xff,0x00,0x8e,0x07,
    0x00,0xe2,0x0f,0x00,0x45,0x79,0x00,0x00,0x70,0x02,0x00,0x00,
    0x00,0x02,0x80,0x03,0x00,0xe2,0x0f,0x00,0x02,0x72,0x05,0x00,
    0xff,0x00,0x00,0x00,0x00,0x0f,0x00,0x00,0x00,0xc6,0x0f,0x00,
    0x12,0x72,0x15,0x1c,0x15,0x00,0x00,0x00,0xff,0xfc,0x8e,0x07,
    0x00,0xce,0x0f,0x00,0x47,0x89,0x88,0x00,0x00,0x00,0x00,0x00,
    0x00,0x00,0x80,0x03,0x00,0xea,0x0f,0x00,0x0b,0x78,0x00,0x0a,
    0x00,0x00,0x80,0x3e,0x00,0xe2,0xf0,0x03,0x00,0xe2,0x0f,0x00,
    0x19,0x78,0x07,0xff,0x1c,0x00,0x00,0x00,0x0a,0x16,0x01,0x00,
    0x00,0xd8,0x0f,0x00,0x47,0x89,0x78,0x00,0x00,0x00,0x00,0x00,
    0x00,0x00,0x80,0x03,0x00,0xea,0x0f,0x00,0x0b,0x78,0x00,0x0a,
    0x00,0x00,0x40,0x3f,0x00,0xe2,0xf0,0x03,0x00,0xda,0x0f,0x00,
    0x47,0x89,0x64,0x00,0x00,0x00,0x00,0x00,0x00,0x00,0x80,0x03,
    0x00,0xea,0x0f,0x00,0x0b,0x78,0x00,0x0a,0x00,0x00,0xa0,0x3f,
    0x00,0xe2,0xf0,0x03,0x00,0xda,0x0f,0x00,0x47,0x89,0x50,0x00,
    0x00,0x00,0x00,0x00,0x00,0x00,0x80,0x03,0x00,0xea,0x0f,0x00,
    0x0b,0x78,0x00,0x0a,0x00,0x00,0xe0,0x3f,0x00,0xe2,0xf0,0x03,
    0x00,0xda,0x0f,0x00,0x47,0x89,0x3c,0x00,0x00,0x00,0x00,0x00,
    0x00,0x00,0x80,0x03,0x00,0xea,0x0f,0x00,0x0b,0x78,0x00,0x0a,
    0x00,0x00,0x20,0x40,0x00,0xe2,0xf0,0x03,0x00,0xda,0x0f,0x00,
    0x47,0x89,0x28,0x00,0x00,0x00,0x00,0x00,0x00,0x00,0x80,0x03,
    0x00,0xea,0x0f,0x00,0x0b,0x78,0x00,0x0a,0x00,0x00,0x60,0x40,
    0x00,0xe2,0xf0,0x03,0x00,0xda,0x0f,0x00,0x47,0x89,0x14,0x00,
    0x00,0x00,0x00,0x00,0x00,0x00,0x80,0x03,0x00,0xea,0x0f,0x00,
    0x0b,0x78,0x00,0x0a,0x00,0x00,0xa0,0x40,0x00,0xe2,0xf0,0x03,
    0x00,0xe2,0x0f,0x00,0x02,0x78,0x0a,0x00,0x08,0x00,0x00,0x00,
    0x00,0x0f,0x00,0x00,0x00,0xd8,0x0f,0x00,0x12,0x08,0x05,0x07,
    0x07,0x00,0x00,0x00,0xff,0xfc,0x8e,0x07,0x00,0xe4,0x0f,0x04,
    0x12,0x88,0x05,0x07,0x06,0x00,0x00,0x00,0x0a,0xec,0x8e,0x07,
    0x00,0xe2,0x0f,0x00,0x47,0x79,0x40,0x00,0x00,0x00,0x00,0x00,
    0x00,0x00,0x80,0x03,0x00,0xec,0x0f,0x00,0x02,0x78,0x0a,0x00,
    0x08,0x00,0x00,0x00,0x00,0x0f,0x00,0x00,0x00,0xca,0x0f,0x00,
    0x12,0x78,0x05,0x07,0x05,0x00,0x00,0x00,0x0a,0xec,0x8e,0x07,
    0x00,0xe2,0x0f,0x00,0x47,0x79,0x34,0x00,0x00,0x00,0x00,0x00,
    0x00,0x00,0x80,0x03,0x00,0xec,0x0f,0x00,0x02,0x78,0x0a,0x00,
    0x08,0x00,0x00,0x00,0x00,0x0f,0x00,0x00,0x00,0xca,0x0f,0x00,
    0x12,0x78,0x05,0x07,0x04,0x00,0x00,0x00,0x0a,0xec,0x8e,0x07,
    0x00,0xe2,0x0f,0x00,0x47,0x79,0x28,0x00,0x00,0x00,0x00,0x00,
    0x00,0x00,0x80,0x03,0x00,0xec,0x0f,0x00,0x02,0x78,0x0a,0x00,
    0x08,0x00,0x00,0x00,0x00,0x0f,0x00,0x00,0x00,0xca,0x0f,0x00,
    0x12,0x78,0x05,0x07,0x03,0x00,0x00,0x00,0x0a,0xec,0x8e,0x07,
    0x00,0xe2,0x0f,0x00,0x47,0x79,0x1c,0x00,0x00,0x00,0x00,0x00,
    0x00,0x00,0x80,0x03,0x00,0xec,0x0f,0x00,0x02,0x78,0x0a,0x00,
    0x08,0x00,0x00,0x00,0x00,0x0f,0x00,0x00,0x00,0xca,0x0f,0x00,
    0x12,0x78,0x05,0x07,0x02,0x00,0x00,0x00,0x0a,0xec,0x8e,0x07,
    0x00,0xe2,0x0f,0x00,0x47,0x79,0x10,0x00,0x00,0x00,0x00,0x00,
    0x00,0x00,0x80,0x03,0x00,0xec,0x0f,0x00,0x02,0x78,0x0a,0x00,
    0x08,0x00,0x00,0x00,0x00,0x0f,0x00,0x00,0x00,0xca,0x0f,0x00,
    0x12,0x78,0x05,0x07,0x01,0x00,0x00,0x00,0x0a,0xec,0x8e,0x07,
    0x00,0xe2,0x0f,0x00,0x47,0x79,0x04,0x00,0x00,0x00,0x00,0x00,
    0x00,0x00,0x80,0x03,0x00,0xec,0x0f,0x00,0x12,0x78,0x05,0x07,
    0x08,0x00,0x00,0x00,0xff,0xc0,0x8e,0x07,0x00,0xce,0x0f,0x00,
    0x18,0x79,0x00,0x00,0x00,0x00,0x00,0x00,0x00,0x00,0x00,0x00,
    0x00,0xe2,0x0f,0x00,0x41,0x79,0x00,0x00,0x00,0x00,0x00,0x00,
    0x00,0x02,0x80,0x03,0x00,0xea,0x0f,0x00,0x0b,0x72,0x00,0x06,
    0xff,0x00,0x00,0x00,0x00,0xd0,0xf0,0x03,0x00,0xe2,0x0f,0x00,
    0x24,0x78,0x05,0x05,0x00,0x10,0x00,0x00,0xff,0x00,0x8e,0x07,
    0x00,0xe2,0x0f,0x00,0x45,0x79,0x00,0x00,0x70,0x02,0x00,0x00,
    0x00,0x02,0x80,0x03,0x00,0xe2,0x0f,0x00,0x02,0x72,0x07,0x00,
    0xff,0x00,0x00,0x00,0x00,0x0f,0x00,0x00,0x00,0xc6,0x0f,0x00,
    0x12,0x72,0x16,0x05,0x16,0x00,0x00,0x00,0xff,0xfc,0x8e,0x07,
    0x00,0xce,0x0f,0x00,0x47,0x89,0x88,0x00,0x00,0x00,0x00,0x00,
    0x00,0x00,0x80,0x03,0x00,0xea,0x0f,0x00,0x0b,0x78,0x00,0x06,
    0x00,0x00,0x80,0x3e,0x00,0xe2,0xf0,0x03,0x00,0xe2,0x0f,0x00,
    0x19,0x78,0x05,0xff,0x1c,0x00,0x00,0x00,0x06,0x16,0x01,0x00,
    0x00,0xd8,0x0f,0x00,0x47,0x89,0x78,0x00,0x00,0x00,0x00,0x00,
    0x00,0x00,0x80,0x03,0x00,0xea,0x0f,0x00,0x0b,0x78,0x00,0x06,
    0x00,0x00,0x40,0x3f,0x00,0xe2,0xf0,0x03,0x00,0xda,0x0f,0x00,
    0x47,0x89,0x64,0x00,0x00,0x00,0x00,0x00,0x00,0x00,0x80,0x03,
    0x00,0xea,0x0f,0x00,0x0b,0x78,0x00,0x06,0x00,0x00,0xa0,0x3f,
    0x00,0xe2,0xf0,0x03,0x00,0xda,0x0f,0x00,0x47,0x89,0x50,0x00,
    0x00,0x00,0x00,0x00,0x00,0x00,0x80,0x03,0x00,0xea,0x0f,0x00,
    0x0b,0x78,0x00,0x06,0x00,0x00,0xe0,0x3f,0x00,0xe2,0xf0,0x03,
    0x00,0xda,0x0f,0x00,0x47,0x89,0x3c,0x00,0x00,0x00,0x00,0x00,
    0x00,0x00,0x80,0x03,0x00,0xea,0x0f,0x00,0x0b,0x78,0x00,0x06,
    0x00,0x00,0x20,0x40,0x00,0xe2,0xf0,0x03,0x00,0xda,0x0f,0x00,
    0x47,0x89,0x28,0x00,0x00,0x00,0x00,0x00,0x00,0x00,0x80,0x03,
    0x00,0xea,0x0f,0x00,0x0b,0x78,0x00,0x06,0x00,0x00,0x60,0x40,
    0x00,0xe2,0xf0,0x03,0x00,0xda,0x0f,0x00,0x47,0x89,0x14,0x00,
    0x00,0x00,0x00,0x00,0x00,0x00,0x80,0x03,0x00,0xea,0x0f,0x00,
    0x0b,0x78,0x00,0x06,0x00,0x00,0xa0,0x40,0x00,0xe2,0xf0,0x03,
    0x00,0xe2,0x0f,0x00,0x02,0x78,0x06,0x00,0x08,0x00,0x00,0x00,
    0x00,0x0f,0x00,0x00,0x00,0xd8,0x0f,0x00,0x12,0x08,0x07,0x05,
    0x07,0x00,0x00,0x00,0xff,0xfc,0x8e,0x07,0x00,0xe4,0x0f,0x04,
    0x12,0x88,0x07,0x05,0x06,0x00,0x00,0x00,0x06,0xec,0x8e,0x07,
    0x00,0xe2,0x0f,0x00,0x47,0x79,0x40,0x00,0x00,0x00,0x00,0x00,
    0x00,0x00,0x80,0x03,0x00,0xec,0x0f,0x00,0x02,0x78,0x06,0x00,
    0x08,0x00,0x00,0x00,0x00,0x0f,0x00,0x00,0x00,0xca,0x0f,0x00,
    0x12,0x78,0x07,0x05,0x05,0x00,0x00,0x00,0x06,0xec,0x8e,0x07,
    0x00,0xe2,0x0f,0x00,0x47,0x79,0x34,0x00,0x00,0x00,0x00,0x00,
    0x00,0x00,0x80,0x03,0x00,0xec,0x0f,0x00,0x02,0x78,0x06,0x00,
    0x08,0x00,0x00,0x00,0x00,0x0f,0x00,0x00,0x00,0xca,0x0f,0x00,
    0x12,0x78,0x07,0x05,0x04,0x00,0x00,0x00,0x06,0xec,0x8e,0x07,
    0x00,0xe2,0x0f,0x00,0x47,0x79,0x28,0x00,0x00,0x00,0x00,0x00,
    0x00,0x00,0x80,0x03,0x00,0xec,0x0f,0x00,0x02,0x78,0x06,0x00,
    0x08,0x00,0x00,0x00,0x00,0x0f,0x00,0x00,0x00,0xca,0x0f,0x00,
    0x12,0x78,0x07,0x05,0x03,0x00,0x00,0x00,0x06,0xec,0x8e,0x07,
    0x00,0xe2,0x0f,0x00,0x47,0x79,0x1c,0x00,0x00,0x00,0x00,0x00,
    0x00,0x00,0x80,0x03,0x00,0xec,0x0f,0x00,0x02,0x78,0x06,0x00,
    0x08,0x00,0x00,0x00,0x00,0x0f,0x00,0x00,0x00,0xca,0x0f,0x00,
    0x12,0x78,0x07,0x05,0x02,0x00,0x00,0x00,0x06,0xec,0x8e,0x07,
    0x00,0xe2,0x0f,0x00,0x47,0x79,0x10,0x00,0x00,0x00,0x00,0x00,
    0x00,0x00,0x80,0x03,0x00,0xec,0x0f,0x00,0x02,0x78,0x06,0x00,
    0x08,0x00,0x00,0x00,0x00,0x0f,0x00,0x00,0x00,0xca,0x0f,0x00,
    0x12,0x78,0x07,0x05,0x01,0x00,0x00,0x00,0x06,0xec,0x8e,0x07,
    0x00,0xe2,0x0f,0x00,0x47,0x79,0x04,0x00,0x00,0x00,0x00,0x00,
    0x00,0x00,0x80,0x03,0x00,0xec,0x0f,0x00,0x12,0x78,0x07,0x05,
    0x08,0x00,0x00,0x00,0xff,0xc0,0x8e,0x07,0x00,0xce,0x0f,0x00,
    0x18,0x79,0x00,0x00,0x00,0x00,0x00,0x00,0x00,0x00,0x00,0x00,
    0x00,0xe2,0x0f,0x00,0x41,0x79,0x00,0x00,0x00,0x00,0x00,0x00,
    0x00,0x02,0x80,0x03,0x00,0xea,0x0f,0x00,0x0b,0x72,0x00,0x1a,
    0xff,0x00,0x00,0x00,0x00,0xd0,0xf0,0x03,0x00,0xe2,0x0f,0x00,
    0x24,0x78,0x06,0x07,0x00,0x00,0x01,0x00,0xff,0x00,0x8e,0x07,
    0x00,0xe2,0x0f,0x00,0x45,0x79,0x00,0x00,0x70,0x02,0x00,0x00,
    0x00,0x02,0x80,0x03,0x00,0xe2,0x0f,0x00,0x02,0x72,0x05,0x00,
    0xff,0x00,0x00,0x00,0x00,0x0f,0x00,0x00,0x00,0xc6,0x0f,0x00,
    0x12,0x72,0x15,0x06,0x15,0x00,0x00,0x00,0xff,0xfc,0x8e,0x07,
    0x00,0xce,0x0f,0x00,0x47,0x89,0x88,0x00,0x00,0x00,0x00,0x00,
    0x00,0x00,0x80,0x03,0x00,0xea,0x0f,0x00,0x0b,0x78,0x00,0x1a,
    0x00,0x00,0x80,0x3e,0x00,0xe2,0xf0,0x03,0x00,0xe2,0x0f,0x00,
    0x19,0x78,0x06,0xff,0x1c,0x00,0x00,0x00,0x1a,0x16,0x01,0x00,
    0x00,0xd8,0x0f,0x00,0x47,0x89,0x78,0x00,0x00,0x00,0x00,0x00,
    0x00,0x00,0x80,0x03,0x00,0xea,0x0f,0x00,0x0b,0x78,0x00,0x1a,
    0x00,0x00,0x40,0x3f,0x00,0xe2,0xf0,0x03,0x00,0xda,0x0f,0x00,
    0x47,0x89,0x64,0x00,0x00,0x00,0x00,0x00,0x00,0x00,0x80,0x03,
    0x00,0xea,0x0f,0x00,0x0b,0x78,0x00,0x1a,0x00,0x00,0xa0,0x3f,
    0x00,0xe2,0xf0,0x03,0x00,0xda,0x0f,0x00,0x47,0x89,0x50,0x00,
    0x00,0x00,0x00,0x00,0x00,0x00,0x80,0x03,0x00,0xea,0x0f,0x00,
    0x0b,0x78,0x00,0x1a,0x00,0x00,0xe0,0x3f,0x00,0xe2,0xf0,0x03,
    0x00,0xda,0x0f,0x00,0x47,0x89,0x3c,0x00,0x00,0x00,0x00,0x00,
    0x00,0x00,0x80,0x03,0x00,0xea,0x0f,0x00,0x0b,0x78,0x00,0x1a,
    0x00,0x00,0x20,0x40,0x00,0xe2,0xf0,0x03,0x00,0xda,0x0f,0x00,
    0x47,0x89,0x28,0x00,0x00,0x00,0x00,0x00,0x00,0x00,0x80,0x03,
    0x00,0xea,0x0f,0x00,0x0b,0x78,0x00,0x1a,0x00,0x00,0x60,0x40,
    0x00,0xe2,0xf0,0x03,0x00,0xda,0x0f,0x00,0x47,0x89,0x14,0x00,
    0x00,0x00,0x00,0x00,0x00,0x00,0x80,0x03,0x00,0xea,0x0f,0x00,
    0x0b,0x78,0x00,0x1a,0x00,0x00,0xa0,0x40,0x00,0xe2,0xf0,0x03,
    0x00,0xe2,0x0f,0x00,0x02,0x78,0x07,0x00,0x08,0x00,0x00,0x00,
    0x00,0x0f,0x00,0x00,0x00,0xd8,0x0f,0x00,0x12,0x08,0x05,0x06,
    0x07,0x00,0x00,0x00,0xff,0xfc,0x8e,0x07,0x00,0xe4,0x0f,0x04,
    0x12,0x88,0x05,0x06,0x06,0x00,0x00,0x00,0x07,0xec,0x8e,0x07,
    0x00,0xe2,0x0f,0x00,0x47,0x79,0x40,0x00,0x00,0x00,0x00,0x00,
    0x00,0x00,0x80,0x03,0x00,0xec,0x0f,0x00,0x02,0x78,0x05,0x00,
    0x08,0x00,0x00,0x00,0x00,0x0f,0x00,0x00,0x00,0xca,0x0f,0x00,
    0x12,0x78,0x05,0x06,0x05,0x00,0x00,0x00,0x05,0xec,0x8e,0x07,
    0x00,0xe2,0x0f,0x00,0x47,0x79,0x34,0x00,0x00,0x00,0x00,0x00,
    0x00,0x00,0x80,0x03,0x00,0xec,0x0f,0x00,0x02,0x78,0x05,0x00,
    0x08,0x00,0x00,0x00,0x00,0x0f,0x00,0x00,0x00,0xca,0x0f,0x00,
    0x12,0x78,0x05,0x06,0x04,0x00,0x00,0x00,0x05,0xec,0x8e,0x07,
    0x00,0xe2,0x0f,0x00,0x47,0x79,0x28,0x00,0x00,0x00,0x00,0x00,
    0x00,0x00,0x80,0x03,0x00,0xec,0x0f,0x00,0x02,0x78,0x05,0x00,
    0x08,0x00,0x00,0x00,0x00,0x0f,0x00,0x00,0x00,0xca,0x0f,0x00,
    0x12,0x78,0x05,0x06,0x03,0x00,0x00,0x00,0x05,0xec,0x8e,0x07,
    0x00,0xe2,0x0f,0x00,0x47,0x79,0x1c,0x00,0x00,0x00,0x00,0x00,
    0x00,0x00,0x80,0x03,0x00,0xec,0x0f,0x00,0x02,0x78,0x05,0x00,
    0x08,0x00,0x00,0x00,0x00,0x0f,0x00,0x00,0x00,0xca,0x0f,0x00,
    0x12,0x78,0x05,0x06,0x02,0x00,0x00,0x00,0x05,0xec,0x8e,0x07,
    0x00,0xe2,0x0f,0x00,0x47,0x79,0x10,0x00,0x00,0x00,0x00,0x00,
    0x00,0x00,0x80,0x03,0x00,0xec,0x0f,0x00,0x02,0x78,0x05,0x00,
    0x08,0x00,0x00,0x00,0x00,0x0f,0x00,0x00,0x00,0xca,0x0f,0x00,
    0x12,0x78,0x05,0x06,0x01,0x00,0x00,0x00,0x05,0xec,0x8e,0x07,
    0x00,0xe2,0x0f,0x00,0x47,0x79,0x04,0x00,0x00,0x00,0x00,0x00,
    0x00,0x00,0x80,0x03,0x00,0xec,0x0f,0x00,0x12,0x78,0x05,0x06,
    0x08,0x00,0x00,0x00,0xff,0xc0,0x8e,0x07,0x00,0xce,0x0f,0x00,
    0x18,0x79,0x00,0x00,0x00,0x00,0x00,0x00,0x00,0x00,0x00,0x00,
    0x00,0xe2,0x0f,0x00,0x41,0x79,0x00,0x00,0x00,0x00,0x00,0x00,
    0x00,0x02,0x80,0x03,0x00,0xea,0x0f,0x00,0x0b,0x72,0x00,0x19,
    0xff,0x00,0x00,0x00,0x00,0xd0,0xf0,0x03,0x00,0xe2,0x0f,0x00,
    0x24,0x78,0x05,0x05,0x00,0x00,0x01,0x00,0xff,0x00,0x8e,0x07,
    0x00,0xe2,0x0f,0x00,0x45,0x79,0x00,0x00,0x70,0x02,0x00,0x00,
    0x00,0x02,0x80,0x03,0x00,0xe2,0x0f,0x00,0x02,0x72,0x06,0x00,
    0xff,0x00,0x00,0x00,0x00,0x0f,0x00,0x00,0x00,0xc6,0x0f,0x00,
    0x12,0x72,0x16,0x05,0x16,0x00,0x00,0x00,0xff,0xfc,0x8e,0x07,
    0x00,0xce,0x0f,0x00,0x47,0x89,0x88,0x00,0x00,0x00,0x00,0x00,
    0x00,0x00,0x80,0x03,0x00,0xea,0x0f,0x00,0x0b,0x78,0x00,0x19,
    0x00,0x00,0x80,0x3e,0x00,0xe2,0xf0,0x03,0x00,0xe2,0x0f,0x00,
    0x19,0x78,0x05,0xff,0x1c,0x00,0x00,0x00,0x19,0x16,0x01,0x00,
    0x00,0xd8,0x0f,0x00,0x47,0x89,0x78,0x00,0x00,0x00,0x00,0x00,
    0x00,0x00,0x80,0x03,0x00,0xea,0x0f,0x00,0x0b,0x78,0x00,0x19,
    0x00,0x00,0x40,0x3f,0x00,0xe2,0xf0,0x03,0x00,0xda,0x0f,0x00,
    0x47,0x89,0x64,0x00,0x00,0x00,0x00,0x00,0x00,0x00,0x80,0x03,
    0x00,0xea,0x0f,0x00,0x0b,0x78,0x00,0x19,0x00,0x00,0xa0,0x3f,
    0x00,0xe2,0xf0,0x03,0x00,0xda,0x0f,0x00,0x47,0x89,0x50,0x00,
    0x00,0x00,0x00,0x00,0x00,0x00,0x80,0x03,0x00,0xea,0x0f,0x00,
    0x0b,0x78,0x00,0x19,0x00,0x00,0xe0,0x3f,0x00,0xe2,0xf0,0x03,
    0x00,0xda,0x0f,0x00,0x47,0x89,0x3c,0x00,0x00,0x00,0x00,0x00,
    0x00,0x00,0x80,0x03,0x00,0xea,0x0f,0x00,0x0b,0x78,0x00,0x19,
    0x00,0x00,0x20,0x40,0x00,0xe2,0xf0,0x03,0x00,0xda,0x0f,0x00,
    0x47,0x89,0x28,0x00,0x00,0x00,0x00,0x00,0x00,0x00,0x80,0x03,
    0x00,0xea,0x0f,0x00,0x0b,0x78,0x00,0x19,0x00,0x00,0x60,0x40,
    0x00,0xe2,0xf0,0x03,0x00,0xda,0x0f,0x00,0x47,0x89,0x14,0x00,
    0x00,0x00,0x00,0x00,0x00,0x00,0x80,0x03,0x00,0xea,0x0f,0x00,
    0x0b,0x78,0x00,0x19,0x00,0x00,0xa0,0x40,0x00,0xe2,0xf0,0x03,
    0x00,0xe2,0x0f,0x00,0x02,0x78,0x0a,0x00,0x08,0x00,0x00,0x00,
    0x00,0x0f,0x00,0x00,0x00,0xd8,0x0f,0x00,0x12,0x08,0x06,0x05,
    0x07,0x00,0x00,0x00,0xff,0xfc,0x8e,0x07,0x00,0xe4,0x0f,0x04,
    0x12,0x88,0x06,0x05,0x06,0x00,0x00,0x00,0x0a,0xec,0x8e,0x07,
    0x00,0xe2,0x0f,0x00,0x47,0x79,0x40,0x00,0x00,0x00,0x00,0x00,
    0x00,0x00,0x80,0x03,0x00,0xec,0x0f,0x00,0x02,0x78,0x06,0x00,
    0x08,0x00,0x00,0x00,0x00,0x0f,0x00,0x00,0x00,0xca,0x0f,0x00,
    0x12,0x78,0x06,0x05,0x05,0x00,0x00,0x00,0x06,0xec,0x8e,0x07,
    0x00,0xe2,0x0f,0x00,0x47,0x79,0x34,0x00,0x00,0x00,0x00,0x00,
    0x00,0x00,0x80,0x03,0x00,0xec,0x0f,0x00,0x02,0x78,0x06,0x00,
    0x08,0x00,0x00,0x00,0x00,0x0f,0x00,0x00,0x00,0xca,0x0f,0x00,
    0x12,0x78,0x06,0x05,0x04,0x00,0x00,0x00,0x06,0xec,0x8e,0x07,
    0x00,0xe2,0x0f,0x00,0x47,0x79,0x28,0x00,0x00,0x00,0x00,0x00,
    0x00,0x00,0x80,0x03,0x00,0xec,0x0f,0x00,0x02,0x78,0x06,0x00,
    0x08,0x00,0x00,0x00,0x00,0x0f,0x00,0x00,0x00,0xca,0x0f,0x00,
    0x12,0x78,0x06,0x05,0x03,0x00,0x00,0x00,0x06,0xec,0x8e,0x07,
    0x00,0xe2,0x0f,0x00,0x47,0x79,0x1c,0x00,0x00,0x00,0x00,0x00,
    0x00,0x00,0x80,0x03,0x00,0xec,0x0f,0x00,0x02,0x78,0x06,0x00,
    0x08,0x00,0x00,0x00,0x00,0x0f,0x00,0x00,0x00,0xca,0x0f,0x00,
    0x12,0x78,0x06,0x05,0x02,0x00,0x00,0x00,0x06,0xec,0x8e,0x07,
    0x00,0xe2,0x0f,0x00,0x47,0x79,0x10,0x00,0x00,0x00,0x00,0x00,
    0x00,0x00,0x80,0x03,0x00,0xec,0x0f,0x00,0x02,0x78,0x06,0x00,
    0x08,0x00,0x00,0x00,0x00,0x0f,0x00,0x00,0x00,0xca,0x0f,0x00,
    0x12,0x78,0x06,0x05,0x01,0x00,0x00,0x00,0x06,0xec,0x8e,0x07,
    0x00,0xe2,0x0f,0x00,0x47,0x79,0x04,0x00,0x00,0x00,0x00,0x00,
    0x00,0x00,0x80,0x03,0x00,0xec,0x0f,0x00,0x12,0x78,0x06,0x05,
    0x08,0x00,0x00,0x00,0xff,0xc0,0x8e,0x07,0x00,0xce,0x0f,0x00,
    0x18,0x79,0x00,0x00,0x00,0x00,0x00,0x00,0x00,0x00,0x00,0x00,
    0x00,0xe2,0x0f,0x00,0x41,0x79,0x00,0x00,0x00,0x00,0x00,0x00,
    0x00,0x02,0x80,0x03,0x00,0xea,0x0f,0x00,0x0b,0x72,0x00,0x1e,
    0xff,0x00,0x00,0x00,0x00,0xd0,0xf0,0x03,0x00,0xe2,0x0f,0x00,
    0x24,0x78,0x06,0x06,0x00,0x00,0x10,0x00,0xff,0x00,0x8e,0x07,
    0x00,0xe2,0x0f,0x00,0x45,0x79,0x00,0x00,0x70,0x02,0x00,0x00,
    0x00,0x02,0x80,0x03,0x00,0xe2,0x0f,0x00,0x02,0x72,0x05,0x00,
    0xff,0x00,0x00,0x00,0x00,0x0f,0x00,0x00,0x00,0xc6,0x0f,0x00,
    0x12,0x72,0x15,0x06,0x15,0x00,0x00,0x00,0xff,0xfc,0x8e,0x07,
    0x00,0xce,0x0f,0x00,0x47,0x89,0x88,0x00,0x00,0x00,0x00,0x00,
    0x00,0x00,0x80,0x03,0x00,0xea,0x0f,0x00,0x0b,0x78,0x00,0x1e,
    0x00,0x00,0x80,0x3e,0x00,0xe2,0xf0,0x03,0x00,0xe2,0x0f,0x00,
    0x19,0x78,0x06,0xff,0x1c,0x00,0x00,0x00,0x1e,0x16,0x01,0x00,
    0x00,0xd8,0x0f,0x00,0x47,0x89,0x78,0x00,0x00,0x00,0x00,0x00,
    0x00,0x00,0x80,0x03,0x00,0xea,0x0f,0x00,0x0b,0x78,0x00,0x1e,
    0x00,0x00,0x40,0x3f,0x00,0xe2,0xf0,0x03,0x00,0xda,0x0f,0x00,
    0x47,0x89,0x64,0x00,0x00,0x00,0x00,0x00,0x00,0x00,0x80,0x03,
    0x00,0xea,0x0f,0x00,0x0b,0x78,0x00,0x1e,0x00,0x00,0xa0,0x3f,
    0x00,0xe2,0xf0,0x03,0x00,0xda,0x0f,0x00,0x47,0x89,0x50,0x00,
    0x00,0x00,0x00,0x00,0x00,0x00,0x80,0x03,0x00,0xea,0x0f,0x00,
    0x0b,0x78,0x00,0x1e,0x00,0x00,0xe0,0x3f,0x00,0xe2,0xf0,0x03,
    0x00,0xda,0x0f,0x00,0x47,0x89,0x3c,0x00,0x00,0x00,0x00,0x00,
    0x00,0x00,0x80,0x03,0x00,0xea,0x0f,0x00,0x0b,0x78,0x00,0x1e,
    0x00,0x00,0x20,0x40,0x00,0xe2,0xf0,0x03,0x00,0xda,0x0f,0x00,
    0x47,0x89,0x28,0x00,0x00,0x00,0x00,0x00,0x00,0x00,0x80,0x03,
    0x00,0xea,0x0f,0x00,0x0b,0x78,0x00,0x1e,0x00,0x00,0x60,0x40,
    0x00,0xe2,0xf0,0x03,0x00,0xda,0x0f,0x00,0x47,0x89,0x14,0x00,
    0x00,0x00,0x00,0x00,0x00,0x00,0x80,0x03,0x00,0xea,0x0f,0x00,
    0x0b,0x78,0x00,0x1e,0x00,0x00,0xa0,0x40,0x00,0xe2,0xf0,0x03,
    0x00,0xe2,0x0f,0x00,0x02,0x78,0x07,0x00,0x08,0x00,0x00,0x00,
    0x00,0x0f,0x00,0x00,0x00,0xd8,0x0f,0x00,0x12,0x08,0x05,0x06,
    0x07,0x00,0x00,0x00,0xff,0xfc,0x8e,0x07,0x00,0xe4,0x0f,0x04,
    0x12,0x88,0x05,0x06,0x06,0x00,0x00,0x00,0x07,0xec,0x8e,0x07,
    0x00,0xe2,0x0f,0x00,0x47,0x79,0x40,0x00,0x00,0x00,0x00,0x00,
    0x00,0x00,0x80,0x03,0x00,0xec,0x0f,0x00,0x02,0x78,0x05,0x00,
    0x08,0x00,0x00,0x00,0x00,0x0f,0x00,0x00,0x00,0xca,0x0f,0x00,
    0x12,0x78,0x05,0x06,0x05,0x00,0x00,0x00,0x05,0xec,0x8e,0x07,
    0x00,0xe2,0x0f,0x00,0x47,0x79,0x34,0x00,0x00,0x00,0x00,0x00,
    0x00,0x00,0x80,0x03,0x00,0xec,0x0f,0x00,0x02,0x78,0x05,0x00,
    0x08,0x00,0x00,0x00,0x00,0x0f,0x00,0x00,0x00,0xca,0x0f,0x00,
    0x12,0x78,0x05,0x06,0x04,0x00,0x00,0x00,0x05,0xec,0x8e,0x07,
    0x00,0xe2,0x0f,0x00,0x47,0x79,0x28,0x00,0x00,0x00,0x00,0x00,
    0x00,0x00,0x80,0x03,0x00,0xec,0x0f,0x00,0x02,0x78,0x05,0x00,
    0x08,0x00,0x00,0x00,0x00,0x0f,0x00,0x00,0x00,0xca,0x0f,0x00,
    0x12,0x78,0x05,0x06,0x03,0x00,0x00,0x00,0x05,0xec,0x8e,0x07,
    0x00,0xe2,0x0f,0x00,0x47,0x79,0x1c,0x00,0x00,0x00,0x00,0x00,
    0x00,0x00,0x80,0x03,0x00,0xec,0x0f,0x00,0x02,0x78,0x05,0x00,
    0x08,0x00,0x00,0x00,0x00,0x0f,0x00,0x00,0x00,0xca,0x0f,0x00,
    0x12,0x78,0x05,0x06,0x02,0x00,0x00,0x00,0x05,0xec,0x8e,0x07,
    0x00,0xe2,0x0f,0x00,0x47,0x79,0x10,0x00,0x00,0x00,0x00,0x00,
    0x00,0x00,0x80,0x03,0x00,0xec,0x0f,0x00,0x02,0x78,0x05,0x00,
    0x08,0x00,0x00,0x00,0x00,0x0f,0x00,0x00,0x00,0xca,0x0f,0x00,
    0x12,0x78,0x05,0x06,0x01,0x00,0x00,0x00,0x05,0xec,0x8e,0x07,
    0x00,0xe2,0x0f,0x00,0x47,0x79,0x04,0x00,0x00,0x00,0x00,0x00,
    0x00,0x00,0x80,0x03,0x00,0xec,0x0f,0x00,0x12,0x78,0x05,0x06,
    0x08,0x00,0x00,0x00,0xff,0xc0,0x8e,0x07,0x00,0xce,0x0f,0x00,
    0x18,0x79,0x00,0x00,0x00,0x00,0x00,0x00,0x00,0x00,0x00,0x00,
    0x00,0xe2,0x0f,0x00,0x41,0x79,0x00,0x00,0x00,0x00,0x00,0x00,
    0x00,0x02,0x80,0x03,0x00,0xea,0x0f,0x00,0x0b,0x72,0x00,0x18,
    0xff,0x00,0x00,0x00,0x00,0xd0,0xf0,0x03,0x00,0xe2,0x0f,0x00,
    0x24,0x78,0x05,0x05,0x00,0x00,0x10,0x00,0xff,0x00,0x8e,0x07,
    0x00,0xe2,0x0f,0x00,0x45,0x79,0x00,0x00,0x70,0x02,0x00,0x00,
    0x00,0x02,0x80,0x03,0x00,0xe2,0x0f,0x00,0x02,0x72,0x06,0x00,
    0xff,0x00,0x00,0x00,0x00,0x0f,0x00,0x00,0x00,0xc6,0x0f,0x00,
    0x12,0x72,0x16,0x05,0x16,0x00,0x00,0x00,0xff,0xfc,0x8e,0x07,
    0x00,0xce,0x0f,0x00,0x47,0x89,0x88,0x00,0x00,0x00,0x00,0x00,
    0x00,0x00,0x80,0x03,0x00,0xea,0x0f,0x00,0x0b,0x78,0x00,0x18,
    0x00,0x00,0x80,0x3e,0x00,0xe2,0xf0,0x03,0x00,0xe2,0x0f,0x00,
    0x19,0x78,0x05,0xff,0x1c,0x00,0x00,0x00,0x18,0x16,0x01,0x00,
    0x00,0xd8,0x0f,0x00,0x47,0x89,0x78,0x00,0x00,0x00,0x00,0x00,
    0x00,0x00,0x80,0x03,0x00,0xea,0x0f,0x00,0x0b,0x78,0x00,0x18,
    0x00,0x00,0x40,0x3f,0x00,0xe2,0xf0,0x03,0x00,0xda,0x0f,0x00,
    0x47,0x89,0x64,0x00,0x00,0x00,0x00,0x00,0x00,0x00,0x80,0x03,
    0x00,0xea,0x0f,0x00,0x0b,0x78,0x00,0x18,0x00,0x00,0xa0,0x3f,
    0x00,0xe2,0xf0,0x03,0x00,0xda,0x0f,0x00,0x47,0x89,0x50,0x00,
    0x00,0x00,0x00,0x00,0x00,0x00,0x80,0x03,0x00,0xea,0x0f,0x00,
    0x0b,0x78,0x00,0x18,0x00,0x00,0xe0,0x3f,0x00,0xe2,0xf0,0x03,
    0x00,0xda,0x0f,0x00,0x47,0x89,0x3c,0x00,0x00,0x00,0x00,0x00,
    0x00,0x00,0x80,0x03,0x00,0xea,0x0f,0x00,0x0b,0x78,0x00,0x18,
    0x00,0x00,0x20,0x40,0x00,0xe2,0xf0,0x03,0x00,0xda,0x0f,0x00,
    0x47,0x89,0x28,0x00,0x00,0x00,0x00,0x00,0x00,0x00,0x80,0x03,
    0x00,0xea,0x0f,0x00,0x0b,0x78,0x00,0x18,0x00,0x00,0x60,0x40,
    0x00,0xe2,0xf0,0x03,0x00,0xda,0x0f,0x00,0x47,0x89,0x14,0x00,
    0x00,0x00,0x00,0x00,0x00,0x00,0x80,0x03,0x00,0xea,0x0f,0x00,
    0x0b,0x78,0x00,0x18,0x00,0x00,0xa0,0x40,0x00,0xe2,0xf0,0x03,
    0x00,0xe2,0x0f,0x00,0x02,0x78,0x0a,0x00,0x08,0x00,0x00,0x00,
    0x00,0x0f,0x00,0x00,0x00,0xd8,0x0f,0x00,0x12,0x08,0x06,0x05,
    0x07,0x00,0x00,0x00,0xff,0xfc,0x8e,0x07,0x00,0xe4,0x0f,0x04,
    0x12,0x88,0x06,0x05,0x06,0x00,0x00,0x00,0x0a,0xec,0x8e,0x07,
    0x00,0xe2,0x0f,0x00,0x47,0x79,0x40,0x00,0x00,0x00,0x00,0x00,
    0x00,0x00,0x80,0x03,0x00,0xec,0x0f,0x00,0x02,0x78,0x06,0x00,
    0x08,0x00,0x00,0x00,0x00,0x0f,0x00,0x00,0x00,0xca,0x0f,0x00,
    0x12,0x78,0x06,0x05,0x05,0x00,0x00,0x00,0x06,0xec,0x8e,0x07,
    0x00,0xe2,0x0f,0x00,0x47,0x79,0x34,0x00,0x00,0x00,0x00,0x00,
    0x00,0x00,0x80,0x03,0x00,0xec,0x0f,0x00,0x02,0x78,0x06,0x00,
    0x08,0x00,0x00,0x00,0x00,0x0f,0x00,0x00,0x00,0xca,0x0f,0x00,
    0x12,0x78,0x06,0x05,0x04,0x00,0x00,0x00,0x06,0xec,0x8e,0x07,
    0x00,0xe2,0x0f,0x00,0x47,0x79,0x28,0x00,0x00,0x00,0x00,0x00,
    0x00,0x00,0x80,0x03,0x00,0xec,0x0f,0x00,0x02,0x78,0x06,0x00,
    0x08,0x00,0x00,0x00,0x00,0x0f,0x00,0x00,0x00,0xca,0x0f,0x00,
    0x12,0x78,0x06,0x05,0x03,0x00,0x00,0x00,0x06,0xec,0x8e,0x07,
    0x00,0xe2,0x0f,0x00,0x47,0x79,0x1c,0x00,0x00,0x00,0x00,0x00,
    0x00,0x00,0x80,0x03,0x00,0xec,0x0f,0x00,0x02,0x78,0x06,0x00,
    0x08,0x00,0x00,0x00,0x00,0x0f,0x00,0x00,0x00,0xca,0x0f,0x00,
    0x12,0x78,0x06,0x05,0x02,0x00,0x00,0x00,0x06,0xec,0x8e,0x07,
    0x00,0xe2,0x0f,0x00,0x47,0x79,0x10,0x00,0x00,0x00,0x00,0x00,
    0x00,0x00,0x80,0x03,0x00,0xec,0x0f,0x00,0x02,0x78,0x06,0x00,
    0x08,0x00,0x00,0x00,0x00,0x0f,0x00,0x00,0x00,0xca,0x0f,0x00,
    0x12,0x78,0x06,0x05,0x01,0x00,0x00,0x00,0x06,0xec,0x8e,0x07,
    0x00,0xe2,0x0f,0x00,0x47,0x79,0x04,0x00,0x00,0x00,0x00,0x00,
    0x00,0x00,0x80,0x03,0x00,0xec,0x0f,0x00,0x12,0x78,0x06,0x05,
    0x08,0x00,0x00,0x00,0xff,0xc0,0x8e,0x07,0x00,0xce,0x0f,0x00,
    0x18,0x79,0x00,0x00,0x00,0x00,0x00,0x00,0x00,0x00,0x00,0x00,
    0x00,0xe2,0x0f,0x00,0x41,0x79,0x00,0x00,0x00,0x00,0x00,0x00,
    0x00,0x02,0x80,0x03,0x00,0xea,0x0f,0x00,0x0b,0x72,0x00,0x13,
    0xff,0x00,0x00,0x00,0x00,0xd0,0xf0,0x03,0x00,0xe2,0x0f,0x00,
    0x24,0x78,0x06,0x06,0x00,0x00,0x00,0x01,0xff,0x00,0x8e,0x07,
    0x00,0xe2,0x0f,0x00,0x45,0x79,0x00,0x00,0x70,0x02,0x00,0x00,
    0x00,0x02,0x80,0x03,0x00,0xe2,0x0f,0x00,0x02,0x72,0x05,0x00,
    0xff,0x00,0x00,0x00,0x00,0x0f,0x00,0x00,0x00,0xc6,0x0f,0x00,
    0x12,0x72,0x15,0x06,0x15,0x00,0x00,0x00,0xff,0xfc,0x8e,0x07,
    0x00,0xce,0x0f,0x00,0x47,0x89,0x88,0x00,0x00,0x00,0x00,0x00,
    0x00,0x00,0x80,0x03,0x00,0xea,0x0f,0x00,0x0b,0x78,0x00,0x13,
    0x00,0x00,0x80,0x3e,0x00,0xe2,0xf0,0x03,0x00,0xe2,0x0f,0x00,
    0x19,0x78,0x06,0xff,0x1c,0x00,0x00,0x00,0x13,0x16,0x01,0x00,
    0x00,0xd8,0x0f,0x00,0x47,0x89,0x78,0x00,0x00,0x00,0x00,0x00,
    0x00,0x00,0x80,0x03,0x00,0xea,0x0f,0x00,0x0b,0x78,0x00,0x13,
    0x00,0x00,0x40,0x3f,0x00,0xe2,0xf0,0x03,0x00,0xda,0x0f,0x00,
    0x47,0x89,0x64,0x00,0x00,0x00,0x00,0x00,0x00,0x00,0x80,0x03,
    0x00,0xea,0x0f,0x00,0x0b,0x78,0x00,0x13,0x00,0x00,0xa0,0x3f,
    0x00,0xe2,0xf0,0x03,0x00,0xda,0x0f,0x00,0x47,0x89,0x50,0x00,
    0x00,0x00,0x00,0x00,0x00,0x00,0x80,0x03,0x00,0xea,0x0f,0x00,
    0x0b,0x78,0x00,0x13,0x00,0x00,0xe0,0x3f,0x00,0xe2,0xf0,0x03,
    0x00,0xda,0x0f,0x00,0x47,0x89,0x3c,0x00,0x00,0x00,0x00,0x00,
    0x00,0x00,0x80,0x03,0x00,0xea,0x0f,0x00,0x0b,0x78,0x00,0x13,
    0x00,0x00,0x20,0x40,0x00,0xe2,0xf0,0x03,0x00,0xda,0x0f,0x00,
    0x47,0x89,0x28,0x00,0x00,0x00,0x00,0x00,0x00,0x00,0x80,0x03,
    0x00,0xea,0x0f,0x00,0x0b,0x78,0x00,0x13,0x00,0x00,0x60,0x40,
    0x00,0xe2,0xf0,0x03,0x00,0xda,0x0f,0x00,0x47,0x89,0x14,0x00,
    0x00,0x00,0x00,0x00,0x00,0x00,0x80,0x03,0x00,0xea,0x0f,0x00,
    0x0b,0x78,0x00,0x13,0x00,0x00,0xa0,0x40,0x00,0xe2,0xf0,0x03,
    0x00,0xe2,0x0f,0x00,0x02,0x78,0x07,0x00,0x08,0x00,0x00,0x00,
    0x00,0x0f,0x00,0x00,0x00,0xd8,0x0f,0x00,0x12,0x08,0x05,0x06,
    0x07,0x00,0x00,0x00,0xff,0xfc,0x8e,0x07,0x00,0xe4,0x0f,0x04,
    0x12,0x88,0x05,0x06,0x06,0x00,0x00,0x00,0x07,0xec,0x8e,0x07,
    0x00,0xe2,0x0f,0x00,0x47,0x79,0x40,0x00,0x00,0x00,0x00,0x00,
    0x00,0x00,0x80,0x03,0x00,0xec,0x0f,0x00,0x02,0x78,0x05,0x00,
    0x08,0x00,0x00,0x00,0x00,0x0f,0x00,0x00,0x00,0xca,0x0f,0x00,
    0x12,0x78,0x05,0x06,0x05,0x00,0x00,0x00,0x05,0xec,0x8e,0x07,
    0x00,0xe2,0x0f,0x00,0x47,0x79,0x34,0x00,0x00,0x00,0x00,0x00,
    0x00,0x00,0x80,0x03,0x00,0xec,0x0f,0x00,0x02,0x78,0x05,0x00,
    0x08,0x00,0x00,0x00,0x00,0x0f,0x00,0x00,0x00,0xca,0x0f,0x00,
    0x12,0x78,0x05,0x06,0x04,0x00,0x00,0x00,0x05,0xec,0x8e,0x07,
    0x00,0xe2,0x0f,0x00,0x47,0x79,0x28,0x00,0x00,0x00,0x00,0x00,
    0x00,0x00,0x80,0x03,0x00,0xec,0x0f,0x00,0x02,0x78,0x05,0x00,
    0x08,0x00,0x00,0x00,0x00,0x0f,0x00,0x00,0x00,0xca,0x0f,0x00,
    0x12,0x78,0x05,0x06,0x03,0x00,0x00,0x00,0x05,0xec,0x8e,0x07,
    0x00,0xe2,0x0f,0x00,0x47,0x79,0x1c,0x00,0x00,0x00,0x00,0x00,
    0x00,0x00,0x80,0x03,0x00,0xec,0x0f,0x00,0x02,0x78,0x05,0x00,
    0x08,0x00,0x00,0x00,0x00,0x0f,0x00,0x00,0x00,0xca,0x0f,0x00,
    0x12,0x78,0x05,0x06,0x02,0x00,0x00,0x00,0x05,0xec,0x8e,0x07,
    0x00,0xe2,0x0f,0x00,0x47,0x79,0x10,0x00,0x00,0x00,0x00,0x00,
    0x00,0x00,0x80,0x03,0x00,0xec,0x0f,0x00,0x02,0x78,0x05,0x00,
    0x08,0x00,0x00,0x00,0x00,0x0f,0x00,0x00,0x00,0xca,0x0f,0x00,
    0x12,0x78,0x05,0x06,0x01,0x00,0x00,0x00,0x05,0xec,0x8e,0x07,
    0x00,0xe2,0x0f,0x00,0x47,0x79,0x04,0x00,0x00,0x00,0x00,0x00,
    0x00,0x00,0x80,0x03,0x00,0xec,0x0f,0x00,0x12,0x78,0x05,0x06,
    0x08,0x00,0x00,0x00,0xff,0xc0,0x8e,0x07,0x00,0xce,0x0f,0x00,
    0x18,0x79,0x00,0x00,0x00,0x00,0x00,0x00,0x00,0x00,0x00,0x00,
    0x00,0xe2,0x0f,0x00,0x41,0x79,0x00,0x00,0x00,0x00,0x00,0x00,
    0x00,0x02,0x80,0x03,0x00,0xea,0x0f,0x00,0x0b,0x72,0x00,0x04,
    0xff,0x00,0x00,0x00,0x00,0xd0,0xf0,0x03,0x00,0xe2,0x0f,0x00,
    0x24,0x78,0x05,0x05,0x00,0x00,0x00,0x01,0xff,0x00,0x8e,0x07,
    0x00,0xe2,0x0f,0x00,0x45,0x79,0x00,0x00,0x70,0x02,0x00,0x00,
    0x00,0x02,0x80,0x03,0x00,0xe2,0x0f,0x00,0x02,0x72,0x06,0x00,
    0xff,0x00,0x00,0x00,0x00,0x0f,0x00,0x00,0x00,0xc6,0x0f,0x00,
    0x12,0x72,0x0a,0x05,0x16,0x00,0x00,0x00,0xff,0xfc,0x8e,0x07,
    0x00,0xce,0x0f,0x00,0x47,0x89,0x88,0x00,0x00,0x00,0x00,0x00,
    0x00,0x00,0x80,0x03,0x00,0xea,0x0f,0x00,0x0b,0x78,0x00,0x04,
    0x00,0x00,0x80,0x3e,0x00,0xe2,0xf0,0x03,0x00,0xe2,0x0f,0x00,
    0x19,0x78,0x05,0xff,0x1c,0x00,0x00,0x00,0x04,0x16,0x01,0x00,
    0x00,0xd8,0x0f,0x00,0x47,0x89,0x78,0x00,0x00,0x00,0x00,0x00,
    0x00,0x00,0x80,0x03,0x00,0xea,0x0f,0x00,0x0b,0x78,0x00,0x04,
    0x00,0x00,0x40,0x3f,0x00,0xe2,0xf0,0x03,0x00,0xda,0x0f,0x00,
    0x47,0x89,0x64,0x00,0x00,0x00,0x00,0x00,0x00,0x00,0x80,0x03,
    0x00,0xea,0x0f,0x00,0x0b,0x78,0x00,0x04,0x00,0x00,0xa0,0x3f,
    0x00,0xe2,0xf0,0x03,0x00,0xda,0x0f,0x00,0x47,0x89,0x50,0x00,
    0x00,0x00,0x00,0x00,0x00,0x00,0x80,0x03,0x00,0xea,0x0f,0x00,
    0x0b,0x78,0x00,0x04,0x00,0x00,0xe0,0x3f,0x00,0xe2,0xf0,0x03,
    0x00,0xda,0x0f,0x00,0x47,0x89,0x3c,0x00,0x00,0x00,0x00,0x00,
    0x00,0x00,0x80,0x03,0x00,0xea,0x0f,0x00,0x0b,0x78,0x00,0x04,
    0x00,0x00,0x20,0x40,0x00,0xe2,0xf0,0x03,0x00,0xda,0x0f,0x00,
    0x47,0x89,0x28,0x00,0x00,0x00,0x00,0x00,0x00,0x00,0x80,0x03,
    0x00,0xea,0x0f,0x00,0x0b,0x78,0x00,0x04,0x00,0x00,0x60,0x40,
    0x00,0xe2,0xf0,0x03,0x00,0xda,0x0f,0x00,0x47,0x89,0x14,0x00,
    0x00,0x00,0x00,0x00,0x00,0x00,0x80,0x03,0x00,0xea,0x0f,0x00,
    0x0b,0x78,0x00,0x04,0x00,0x00,0xa0,0x40,0x00,0xe2,0xf0,0x03,
    0x00,0xe2,0x0f,0x00,0x02,0x78,0x04,0x00,0x08,0x00,0x00,0x00,
    0x00,0x0f,0x00,0x00,0x00,0xd8,0x0f,0x00,0x12,0x08,0x06,0x05,
    0x07,0x00,0x00,0x00,0xff,0xfc,0x8e,0x07,0x00,0xe4,0x0f,0x04,
    0x12,0x88,0x06,0x05,0x06,0x00,0x00,0x00,0x04,0xec,0x8e,0x07,
    0x00,0xe2,0x0f,0x00,0x47,0x79,0x40,0x00,0x00,0x00,0x00,0x00,
    0x00,0x00,0x80,0x03,0x00,0xec,0x0f,0x00,0x02,0x78,0x06,0x00,
    0x08,0x00,0x00,0x00,0x00,0x0f,0x00,0x00,0x00,0xca,0x0f,0x00,
    0x12,0x78,0x06,0x05,0x05,0x00,0x00,0x00,0x06,0xec,0x8e,0x07,
    0x00,0xe2,0x0f,0x00,0x47,0x79,0x34,0x00,0x00,0x00,0x00,0x00,
    0x00,0x00,0x80,0x03,0x00,0xec,0x0f,0x00,0x02,0x78,0x06,0x00,
    0x08,0x00,0x00,0x00,0x00,0x0f,0x00,0x00,0x00,0xca,0x0f,0x00,
    0x12,0x78,0x06,0x05,0x04,0x00,0x00,0x00,0x06,0xec,0x8e,0x07,
    0x00,0xe2,0x0f,0x00,0x47,0x79,0x28,0x00,0x00,0x00,0x00,0x00,
    0x00,0x00,0x80,0x03,0x00,0xec,0x0f,0x00,0x02,0x78,0x06,0x00,
    0x08,0x00,0x00,0x00,0x00,0x0f,0x00,0x00,0x00,0xca,0x0f,0x00,
    0x12,0x78,0x06,0x05,0x03,0x00,0x00,0x00,0x06,0xec,0x8e,0x07,
    0x00,0xe2,0x0f,0x00,0x47,0x79,0x1c,0x00,0x00,0x00,0x00,0x00,
    0x00,0x00,0x80,0x03,0x00,0xec,0x0f,0x00,0x02,0x78,0x06,0x00,
    0x08,0x00,0x00,0x00,0x00,0x0f,0x00,0x00,0x00,0xca,0x0f,0x00,
    0x12,0x78,0x06,0x05,0x02,0x00,0x00,0x00,0x06,0xec,0x8e,0x07,
    0x00,0xe2,0x0f,0x00,0x47,0x79,0x10,0x00,0x00,0x00,0x00,0x00,
    0x00,0x00,0x80,0x03,0x00,0xec,0x0f,0x00,0x02,0x78,0x06,0x00,
    0x08,0x00,0x00,0x00,0x00,0x0f,0x00,0x00,0x00,0xca,0x0f,0x00,
    0x12,0x78,0x06,0x05,0x01,0x00,0x00,0x00,0x06,0xec,0x8e,0x07,
    0x00,0xe2,0x0f,0x00,0x47,0x79,0x04,0x00,0x00,0x00,0x00,0x00,
    0x00,0x00,0x80,0x03,0x00,0xec,0x0f,0x00,0x12,0x78,0x06,0x05,
    0x08,0x00,0x00,0x00,0xff,0xc0,0x8e,0x07,0x00,0xce,0x0f,0x00,
    0x18,0x79,0x00,0x00,0x00,0x00,0x00,0x00,0x00,0x00,0x00,0x00,
    0x00,0xe2,0x0f,0x00,0x41,0x79,0x00,0x00,0x00,0x00,0x00,0x00,
    0x00,0x02,0x80,0x03,0x00,0xea,0x0f,0x00,0x0b,0x72,0x00,0x17,
    0xff,0x00,0x00,0x00,0x00,0xd0,0xf0,0x03,0x00,0xe2,0x0f,0x00,
    0x24,0x78,0x06,0x06,0x00,0x00,0x00,0x10,0xff,0x00,0x8e,0x07,
    0x00,0xe2,0x0f,0x00,0x45,0x79,0x00,0x00,0x70,0x02,0x00,0x00,
    0x00,0x02,0x80,0x03,0x00,0xe2,0x0f,0x00,0x02,0x72,0x09,0x00,
    0xff,0x00,0x00,0x00,0x00,0x0f,0x00,0x00,0x00,0xc6,0x0f,0x00,
    0x12,0x72,0x16,0x06,0x15,0x00,0x00,0x00,0xff,0xfc,0x8e,0x07,
    0x00,0xce,0x0f,0x00,0x47,0x89,0x88,0x00,0x00,0x00,0x00,0x00,
    0x00,0x00,0x80,0x03,0x00,0xea,0x0f,0x00,0x0b,0x78,0x00,0x17,
    0x00,0x00,0x80,0x3e,0x00,0xe2,0xf0,0x03,0x00,0xe2,0x0f,0x00,
    0x19,0x78,0x04,0xff,0x1c,0x00,0x00,0x00,0x17,0x16,0x01,0x00,
    0x00,0xd8,0x0f,0x00,0x47,0x89,0x78,0x00,0x00,0x00,0x00,0x00,
    0x00,0x00,0x80,0x03,0x00,0xea,0x0f,0x00,0x0b,0x78,0x00,0x17,
    0x00,0x00,0x40,0x3f,0x00,0xe2,0xf0,0x03,0x00,0xda,0x0f,0x00,
    0x47,0x89,0x64,0x00,0x00,0x00,0x00,0x00,0x00,0x00,0x80,0x03,
    0x00,0xea,0x0f,0x00,0x0b,0x78,0x00,0x17,0x00,0x00,0xa0,0x3f,
    0x00,0xe2,0xf0,0x03,0x00,0xda,0x0f,0x00,0x47,0x89,0x50,0x00,
    0x00,0x00,0x00,0x00,0x00,0x00,0x80,0x03,0x00,0xea,0x0f,0x00,
    0x0b,0x78,0x00,0x17,0x00,0x00,0xe0,0x3f,0x00,0xe2,0xf0,0x03,
    0x00,0xda,0x0f,0x00,0x47,0x89,0x3c,0x00,0x00,0x00,0x00,0x00,
    0x00,0x00,0x80,0x03,0x00,0xea,0x0f,0x00,0x0b,0x78,0x00,0x17,
    0x00,0x00,0x20,0x40,0x00,0xe2,0xf0,0x03,0x00,0xda,0x0f,0x00,
    0x47,0x89,0x28,0x00,0x00,0x00,0x00,0x00,0x00,0x00,0x80,0x03,
    0x00,0xea,0x0f,0x00,0x0b,0x78,0x00,0x17,0x00,0x00,0x60,0x40,
    0x00,0xe2,0xf0,0x03,0x00,0xda,0x0f,0x00,0x47,0x89,0x14,0x00,
    0x00,0x00,0x00,0x00,0x00,0x00,0x80,0x03,0x00,0xea,0x0f,0x00,
    0x0b,0x78,0x00,0x17,0x00,0x00,0xa0,0x40,0x00,0xe2,0xf0,0x03,
    0x00,0xe2,0x0f,0x00,0x02,0x78,0x05,0x00,0x08,0x00,0x00,0x00,
    0x00,0x0f,0x00,0x00,0x00,0xd8,0x0f,0x00,0x12,0x08,0x09,0x04,
    0x07,0x00,0x00,0x00,0xff,0xfc,0x8e,0x07,0x00,0xe4,0x0f,0x04,
    0x12,0x88,0x09,0x04,0x06,0x00,0x00,0x00,0x05,0xec,0x8e,0x07,
    0x00,0xe2,0x0f,0x00,0x47,0x79,0x40,0x00,0x00,0x00,0x00,0x00,
    0x00,0x00,0x80,0x03,0x00,0xec,0x0f,0x00,0x02,0x78,0x09,0x00,
    0x08,0x00,0x00,0x00,0x00,0x0f,0x00,0x00,0x00,0xca,0x0f,0x00,
    0x12,0x78,0x09,0x04,0x05,0x00,0x00,0x00,0x09,0xec,0x8e,0x07,
    0x00,0xe2,0x0f,0x00,0x47,0x79,0x34,0x00,0x00,0x00,0x00,0x00,
    0x00,0x00,0x80,0x03,0x00,0xec,0x0f,0x00,0x02,0x78,0x09,0x00,
    0x08,0x00,0x00,0x00,0x00,0x0f,0x00,0x00,0x00,0xca,0x0f,0x00,
    0x12,0x78,0x09,0x04,0x04,0x00,0x00,0x00,0x09,0xec,0x8e,0x07,
    0x00,0xe2,0x0f,0x00,0x47,0x79,0x28,0x00,0x00,0x00,0x00,0x00,
    0x00,0x00,0x80,0x03,0x00,0xec,0x0f,0x00,0x02,0x78,0x09,0x00,
    0x08,0x00,0x00,0x00,0x00,0x0f,0x00,0x00,0x00,0xca,0x0f,0x00,
    0x12,0x78,0x09,0x04,0x03,0x00,0x00,0x00,0x09,0xec,0x8e,0x07,
    0x00,0xe2,0x0f,0x00,0x47,0x79,0x1c,0x00,0x00,0x00,0x00,0x00,
    0x00,0x00,0x80,0x03,0x00,0xec,0x0f,0x00,0x02,0x78,0x09,0x00,
    0x08,0x00,0x00,0x00,0x00,0x0f,0x00,0x00,0x00,0xca,0x0f,0x00,
    0x12,0x78,0x09,0x04,0x02,0x00,0x00,0x00,0x09,0xec,0x8e,0x07,
    0x00,0xe2,0x0f,0x00,0x47,0x79,0x10,0x00,0x00,0x00,0x00,0x00,
    0x00,0x00,0x80,0x03,0x00,0xec,0x0f,0x00,0x02,0x78,0x09,0x00,
    0x08,0x00,0x00,0x00,0x00,0x0f,0x00,0x00,0x00,0xca,0x0f,0x00,
    0x12,0x78,0x09,0x04,0x01,0x00,0x00,0x00,0x09,0xec,0x8e,0x07,
    0x00,0xe2,0x0f,0x00,0x47,0x79,0x04,0x00,0x00,0x00,0x00,0x00,
    0x00,0x00,0x80,0x03,0x00,0xec,0x0f,0x00,0x12,0x78,0x09,0x04,
    0x08,0x00,0x00,0x00,0xff,0xc0,0x8e,0x07,0x00,0xce,0x0f,0x00,
    0x18,0x79,0x00,0x00,0x00,0x00,0x00,0x00,0x00,0x00,0x00,0x00,
    0x00,0xe2,0x0f,0x00,0x41,0x79,0x00,0x00,0x00,0x00,0x00,0x00,
    0x00,0x02,0x80,0x03,0x00,0xea,0x0f,0x00,0x91,0x72,0x06,0x05,
    0x0f,0x00,0x00,0x00,0xff,0x10,0x8e,0x0f,0x00,0xe2,0x0f,0x00,
    0x83,0x79,0x04,0xff,0x08,0x00,0x00,0x00,0x00,0x08,0x10,0x08,
    0x00,0xa8,0x0e,0x00,0x83,0x79,0x05,0xff,0x09,0x00,0x00,0x00,
    0x00,0x08,0x10,0x08,0x00,0xa8,0x0e,0x00,0x83,0x79,0x06,0xff,
    0x0a,0x00,0x00,0x00,0x00,0x08,0x10,0x08,0x00,0xa8,0x0e,0x00,
    0x83,0x79,0x18,0xff,0x06,0x00,0x00,0x00,0x00,0x08,0x10,0x08,
    0x00,0xa8,0x0e,0x00,0x83,0x79,0x07,0x01,0x00,0x1c,0x00,0x00,
    0x00,0x08,0x10,0x00,0x00,0xa2,0x0e,0x00,0x24,0x78,0x09,0x09,
    0x00,0x00,0x00,0x10,0xff,0x00,0x8e,0x07,0x00,0xca,0x0f,0x00,
    0x12,0x72,0x17,0x09,0x0a,0x00,0x00,0x00,0xff,0xfc,0x8e,0x07,
    0x00,0xe2,0x0f,0x00,0x02,0x78,0x09,0x00,0x38,0x38,0x38,0x38,
    0x00,0x0f,0x00,0x00,0x00,0xe2,0x0f,0x00,0x90,0x78,0x05,0x05,
    0x01,0x00,0x00,0x00,0xff,0xe0,0xff,0x0f,0x00,0xc8,0x0f,0x00,
    0x8c,0x78,0x00,0x05,0x04,0x00,0x00,0x00,0x70,0x50,0xf0,0x0b,
    0x00,0xe4,0x0f,0x00,0x7f,0x74,0x04,0x04,0x16,0x18,0x90,0x70,
    0xff,0x3e,0x04,0x00,0x00,0xf6,0x4f,0x00,0x90,0xf2,0xff,0xff,
    0xff,0x00,0x00,0x00,0xff,0xe0,0xff,0x0f,0x00,0xf6,0x0f,0x00,
    0x90,0xf2,0xff,0xff,0xff,0x00,0x00,0x00,0xff,0xe0,0xff,0x0f,
    0x00,0xec,0x0f,0x00,0x21,0x72,0x03,0x04,0x03,0x00,0x00,0x00,
    0x00,0x00,0x00,0x00,0x00,0xe2,0x0f,0x00,0x47,0x75,0xd8,0x00,
    0xb5,0xff,0xff,0xff,0xff,0xff,0x83,0x0b,0x00,0xec,0x0f,0x00,
    0x0b,0x72,0x00,0x08,0xff,0x00,0x00,0x00,0x00,0xd0,0xf0,0x03,
    0x00,0xe2,0x0f,0x04,0x0b,0x78,0x00,0x08,0x00,0x00,0x80,0x3f,
    0x00,0xd0,0xf2,0x03,0x00,0xe2,0x0f,0x00,0x20,0x72,0x08,0x03,
    0x08,0x00,0x00,0x00,0x00,0x00,0x40,0x00,0x00,0xd6,0x0f,0x00,
    0x08,0x02,0x03,0x08,0x03,0x00,0x00,0x00,0x00,0x00,0x80,0x00,
    0x00,0xe2,0x0f,0x00,0x47,0x29,0x70,0x00,0xb4,0xff,0xff,0xff,
    0xff,0xff,0x83,0x03,0x00,0xec,0x0f,0x00,0x0c,0x72,0x00,0x11,
    0xff,0x00,0x00,0x00,0x70,0x50,0xf0,0x03,0x00,0xda,0x2f,0x00,
    0x4d,0x09,0x00,0x00,0x00,0x00,0x00,0x00,0x00,0x00,0x80,0x03,
    0x00,0xea,0x4f,0x00,0x82,0x7b,0x04,0xff,0x00,0xe4,0x00,0x00,
    0x00,0x0a,0x00,0x00,0x00,0x24,0x0e,0x00,0x25,0x78,0x04,0x0b,
    0x04,0x00,0x00,0x00,0x04,0x00,0x8e,0x07,0x00,0xca,0x1f,0x00,
    0x86,0x79,0x00,0x04,0x03,0x00,0x00,0x00,0x0c,0x19,0x10,0x0c,
    0x00,0xe2,0x0f,0x00,0x4d,0x79,0x00,0x00,0x00,0x00,0x00,0x00,
    0x00,0x00,0x80,0x03,0x00,0xea,0x0f,0x00,0x47,0x79,0xfc,0x00,
    0xfc,0xff,0xff,0xff,0xff,0xff,0x83,0x03,0x00,0xc0,0x0f,0x00,
    0x18,0x79,0x00,0x00,0x00,0x00,0x00,0x00,0x00,0x00,0x00,0x00,
    0x00,0xc0,0x0f,0x00,0x18,0x79,0x00,0x00,0x00,0x00,0x00,0x00,
    0x00,0x00,0x00,0x00,0x00,0xc0,0x0f,0x00,0x18,0x79,0x00,0x00,
    0x00,0x00,0x00,0x00,0x00,0x00,0x00,0x00,0x00,0xc0,0x0f,0x00,
    0x18,0x79,0x00,0x00,0x00,0x00,0x00,0x00,0x00,0x00,0x00,0x00,
    0x00,0xc0,0x0f,0x00,0x18,0x79,0x00,0x00,0x00,0x00,0x00,0x00,
    0x00,0x00,0x00,0x00,0x00,0xc0,0x0f,0x00,0x18,0x79,0x00,0x00,
    0x00,0x00,0x00,0x00,0x00,0x00,0x00,0x00,0x00,0xc0,0x0f,0x00,
    0x18,0x79,0x00,0x00,0x00,0x00,0x00,0x00,0x00,0x00,0x00,0x00,
    0x00,0xc0,0x0f,0x00,0x18,0x79,0x00,0x00,0x00,0x00,0x00,0x00,
    0x00,0x00,0x00,0x00,0x00,0xc0,0x0f,0x00,0x18,0x79,0x00,0x00,
    0x00,0x00,0x00,0x00,0x00,0x00,0x00,0x00,0x00,0xc0,0x0f,0x00,
    0x18,0x79,0x00,0x00,0x00,0x00,0x00,0x00,0x00,0x00,0x00,0x00,
    0x00,0xc0,0x0f,0x00,0x18,0x79,0x00,0x00,0x00,0x00,0x00,0x00,
    0x00,0x00,0x00,0x00,0x00,0xc0,0x0f,0x00,0x18,0x79,0x00,0x00,
    0x00,0x00,0x00,0x00,0x00,0x00,0x00,0x00,0x00,0xc0,0x0f,0x00,
    0x18,0x79,0x00,0x00,0x00,0x00,0x00,0x00,0x00,0x00,0x00,0x00,
    0x00,0xc0,0x0f,0x00,0x18,0x79,0x00,0x00,0x00,0x00,0x00,0x00,
    0x00,0x00,0x00,0x00,0x00,0xc0,0x0f,0x00,0x18,0x79,0x00,0x00,
    0x00,0x00,0x00,0x00,0x00,0x00,0x00,0x00,0x00,0xc0,0x0f,0x00,
    0x82,0x7b,0x01,0xff,0x00,0xdf,0x00,0x00,0x00,0x08,0x00,0x00,
    0x00,0x22,0x0e,0x00,0x19,0x79,0x10,0x00,0x00,0x00,0x00,0x00,
    0x00,0x25,0x00,0x00,0x00,0x62,0x0e,0x00,0xac,0x77,0x04,0xff,
    0x00,0x73,0x00,0x00,0x00,0x08,0x00,0x08,0x00,0x62,0x0e,0x00,
    0x35,0x78,0x01,0x01,0xd0,0xff,0xff,0xff,0x00,0x00,0x8e,0x07,
    0x00,0xe2,0x1f,0x00,0x0c,0x7c,0x00,0x10,0x04,0x00,0x00,0x00,
    0x70,0x62,0xf0,0x0b,0x00,0xda,0x2f,0x00,0x4d,0x09,0x00,0x00,
    0x00,0x00,0x00,0x00,0x00,0x00,0x80,0x03,0x00,0xea,0x0f,0x00,
    0xac,0x77,0x04,0xff,0x00,0x74,0x00,0x00,0x00,0x08,0x00,0x08,
    0x00,0x22,0x0e,0x00,0x19,0x79,0x00,0x00,0x00,0x00,0x00,0x00,
    0x00,0x21,0x00,0x00,0x00,0x62,0x0e,0x00,0x02,0x72,0x09,0x00,
    0xff,0x00,0x00,0x00,0x00,0x0f,0x00,0x00,0x00,0xe2,0x0f,0x00,
    0xac,0x77,0x06,0xff,0x00,0x6b,0x00,0x00,0x00,0x0a,0x00,0x08,
    0x00,0xa2,0x0e,0x00,0x8c,0x78,0x00,0x04,0x01,0x00,0x00,0x00,
    0x70,0x62,0xf0,0x0b,0x00,0xd2,0x1f,0x00,0x47,0x75,0x9c,0x08,
    0x41,0x00,0x00,0x00,0x00,0x00,0x80,0x0b,0x00,0xea,0x0f,0x00,
    0xac,0x77,0x04,0xff,0x00,0x5f,0x00,0x00,0x00,0x08,0x00,0x08,
    0x00,0x22,0x0e,0x00,0x12,0x78,0x02,0x00,0xf8,0x03,0x00,0x00,
    0xff,0xc0,0x8e,0x07,0x00,0xe2,0x2f,0x00,0x02,0x72,0x09,0x00,
    0xff,0x00,0x00,0x00,0x00,0x0f,0x00,0x00,0x00,0xc6,0x0f,0x00,
    0x12,0x78,0x14,0x02,0x06,0x00,0x00,0x00,0xff,0xfc,0x8e,0x07,
    0x00,0xe2,0x0f,0x04,0x35,0x78,0x12,0x02,0x25,0x00,0x00,0x00,
    0x00,0x00,0x8e,0x07,0x00,0xe2,0x0f,0x04,0x35,0x78,0x16,0x02,
    0x27,0x00,0x00,0x00,0x00,0x00,0x8e,0x07,0x00,0xe4,0x0f,0x00,
    0x19,0x78,0x14,0xff,0x01,0x00,0x00,0x00,0x14,0x16,0x01,0x00,
    0x00,0xe4,0x0f,0x00,0x19,0x78,0x12,0xff,0x01,0x00,0x00,0x00,
    0x12,0x16,0x01,0x00,0x00,0xe4,0x0f,0x00,0x19,0x78,0x16,0xff,
    0x01,0x00,0x00,0x00,0x16,0x16,0x01,0x00,0x00,0xe2,0x0f,0x00,
    0x35,0x7c,0x00,0x01,0x04,0x00,0x00,0x00,0x00,0x00,0x8e,0x0f,
    0x00,0xca,0x1f,0x00,0x35,0x78,0x11,0x00,0x10,0x00,0x00,0x00,
    0x00,0x00,0x8e,0x07,0x00,0xe2,0x0f,0x04,0x35,0x78,0x13,0x00,
    0x14,0x00,0x00,0x00,0x00,0x00,0x8e,0x07,0x00,0xe2,0x0f,0x04,
    0x35,0x78,0x15,0x00,0x18,0x00,0x00,0x00,0x00,0x00,0x8e,0x07,
    0x00,0xc6,0x0f,0x00,0x35,0x7c,0x11,0x11,0x04,0x00,0x00,0x80,
    0x00,0x00,0x8e,0x0f,0x00,0xe2,0x0f,0x00,0x35,0x7c,0x13,0x13,
    0x04,0x00,0x00,0x80,0x00,0x00,0x8e,0x0f,0x00,0xe2,0x0f,0x00,
    0x35,0x7c,0x15,0x15,0x04,0x00,0x00,0x80,0x00,0x00,0x8e,0x0f,
    0x00,0xe2,0x0f,0x00,0x82,0x7c,0x04,0x00,0xff,0x00,0x00,0x00,
    0x00,0x00,0x00,0x08,0x00,0xcc,0x4f,0x00,0x82,0x7b,0x0b,0xff,
    0x00,0xe8,0x00,0x00,0x00,0x08,0x00,0x00,0x00,0x22,0x0e,0x00,
    0x82,0x7c,0x05,0x00,0xff,0x00,0x00,0x00,0x00,0x00,0x00,0x08,
    0x00,0xce,0x0f,0x00,0x82,0x7b,0x0c,0xff,0x00,0xe0,0x00,0x00,
    0x00,0x0a,0x00,0x00,0x00,0x62,0x2e,0x00,0x25,0x7e,0x02,0x10,
    0x04,0x00,0x00,0x00,0x0b,0x00,0x8e,0x0f,0x00,0xe2,0x1f,0x00,
    0x19,0x79,0x0e,0x00,0x00,0x00,0x00,0x00,0x00,0x21,0x00,0x00,
    0x00,0x22,0x0e,0x00,0x02,0x72,0x08,0x00,0xff,0x00,0x00,0x00,
    0x00,0x0f,0x00,0x00,0x00,0xe2,0x0f,0x00,0x02,0x72,0x0f,0x00,
    0xff,0x00,0x00,0x00,0x00,0x0f,0x00,0x00,0x00,0xe2,0x0f,0x00,
    0x24,0x78,0x03,0x03,0x92,0x00,0x00,0x00,0xff,0x02,0x8e,0x07,
    0x00,0xe2,0x0f,0x00,0xac,0x77,0x05,0xff,0x80,0x73,0x00,0x00,
    0x00,0x08,0x00,0x08,0x00,0xa2,0x4e,0x00,0x25,0x78,0x0c,0x02,
    0x92,0x00,0x00,0x00,0x0c,0x00,0x8e,0x07,0x00,0xca,0x2f,0x00,
    0x35,0x72,0x0d,0x0d,0x03,0x00,0x00,0x00,0x00,0x00,0x8e,0x07,
    0x00,0xe4,0x0f,0x00,0x82,0x7b,0x02,0xff,0x00,0xe2,0x00,0x00,
    0x00,0x0a,0x00,0x00,0x00,0x66,0x0e,0x00,0x81,0x79,0x04,0x0c,
    0x06,0x02,0x00,0x00,0x00,0x99,0x1e,0x0c,0x00,0xe8,0x0e,0x00,
    0x81,0x79,0x05,0x0c,0x06,0x06,0x00,0x00,0x00,0x99,0x1e,0x0c,
    0x00,0xe8,0x0e,0x00,0x81,0x79,0x06,0x0c,0x06,0x0a,0x00,0x00,
    0x00,0x99,0x1e,0x0c,0x00,0xe8,0x0e,0x00,0x81,0x79,0x07,0x0c,
    0x06,0x0e,0x00,0x00,0x00,0x99,0x1e,0x0c,0x00,0xe8,0x0e,0x00,
    0x81,0x79,0x18,0x0c,0x06,0x00,0x00,0x00,0x00,0x95,0x1e,0x0c,
    0x00,0x22,0x0f,0x00,0x90,0x78,0x04,0x04,0x01,0x00,0x00,0x00,
    0xff,0xe0,0xff,0x0f,0x00,0xe2,0x0f,0x00,0x12,0x78,0x0e,0x0e,
    0xf8,0x03,0x00,0x00,0xff,0xc0,0x8e,0x07,0x00,0xc8,0x1f,0x00,
    0x19,0x78,0x0e,0xff,0x01,0x00,0x00,0x00,0x0e,0x16,0x01,0x00,
    0x00,0xe2,0x0f,0x00,0x0c,0x7c,0x00,0x0b,0x04,0x00,0x00,0x00,
    0x70,0x50,0xf0,0x0b,0x00,0xe2,0x0f,0x00,0x87,0x73,0x00,0x01,
    0x04,0x00,0x00,0x00,0x00,0x0c,0x10,0x00,0x00,0xe2,0x81,0x00,
    0x30,0x72,0x18,0xff,0x18,0x00,0x00,0x20,0x00,0x41,0x00,0x00,
    0x00,0xd6,0x6f,0x01,0x24,0x78,0x06,0x08,0x20,0x00,0x00,0x00,
    0xff,0x00,0x8e,0x07,0x00,0xe2,0x1f,0x00,0x02,0x72,0x07,0x00,
    0xff,0x00,0x00,0x00,0x00,0x0f,0x00,0x00,0x00,0xe2,0x0f,0x00,
    0x87,0x73,0x00,0x11,0xff,0x00,0x00,0x00,0x00,0x08,0x10,0x00,
    0x00,0xe6,0x0f,0x00,0x35,0x78,0x1d,0x06,0x12,0x00,0x00,0x00,
    0x00,0x00,0x8e,0x07,0x00,0xe2,0x0f,0x04,0x35,0x72,0x0a,0x06,
    0x0e,0x00,0x00,0x00,0x00,0x02,0x8e,0x07,0x00,0xc8,0x0f,0x00,
    0x35,0x72,0x19,0x0e,0x1d,0x00,0x00,0x00,0x00,0x00,0x8e,0x07,
    0x00,0xe2,0x0f,0x00,0x35,0x72,0x0a,0x0c,0x0a,0x00,0x00,0x00,
    0x00,0x02,0x8e,0x07,0x00,0xc8,0x0f,0x00,0x0c,0x78,0x00,0x19,
    0x91,0x00,0x00,0x00,0x70,0x40,0xf2,0x03,0x00,0xe2,0x0f,0x04,
    0x87,0x73,0x00,0x13,0xff,0x00,0x00,0x00,0x00,0x08,0x10,0x00,
    0x00,0xe8,0x0f,0x00,0x87,0x73,0x00,0x15,0xff,0x00,0x00,0x00,
    0x00,0x08,0x10,0x00,0x00,0xe8,0x0f,0x00,0x87,0x73,0x00,0x01,
    0xff,0x1c,0x00,0x00,0x00,0x08,0x10,0x00,0x00,0xe8,0x0f,0x00,
    0x81,0x99,0x04,0x0a,0x06,0x12,0x00,0x00,0x00,0x91,0x1e,0x0c,
    0x00,0xa8,0x4e,0x00,0x83,0x79,0x05,0x11,0x00,0x00,0x00,0x00,
    0x00,0x08,0x10,0x00,0x00,0xe2,0x0e,0x00,0x35,0x78,0x00,0x19,
    0x10,0x00,0x00,0x00,0x00,0x00,0x8e,0x07,0x00,0xca,0x0f,0x00,
    0x0c,0x78,0x00,0x00,0x91,0x00,0x00,0x00,0x70,0x40,0xf4,0x03,
    0x00,0xe2,0x0f,0x00,0x02,0x72,0x00,0x00,0xff,0x00,0x00,0x00,
    0x00,0x0f,0x00,0x00,0x00,0xd8,0x0f,0x00,0x81,0xa9,0x17,0x0a,
    0x06,0x22,0x00,0x00,0x00,0x91,0x1e,0x0c,0x00,0x22,0x0f,0x00,
    0x12,0x98,0x00,0x04,0x0f,0x00,0x00,0x00,0xff,0xc0,0x8e,0x07,
    0x00,0xc8,0x4f,0x00,0x12,0x72,0x04,0x05,0x00,0x00,0x00,0x00,
    0xff,0xfc,0x8e,0x07,0x00,0xca,0x8f,0x00,0x87,0x73,0x00,0x11,
    0x04,0x00,0x00,0x00,0x00,0x08,0x10,0x00,0x00,0xe8,0x01,0x00,
    0x83,0x79,0x1a,0x13,0x00,0x00,0x00,0x00,0x00,0x08,0x10,0x00,
    0x00,0xa2,0x0e,0x00,0x02,0x72,0x05,0x00,0xff,0x00,0x00,0x00,
    0x00,0x0f,0x00,0x00,0x00,0xe2,0x0f,0x00,0x12,0xa8,0x05,0x17,
    0x0f,0x00,0x00,0x00,0xff,0xc0,0x8e,0x07,0x00,0xc8,0x0f,0x01,
    0x12,0x72,0x20,0x1a,0x05,0x00,0x00,0x00,0xff,0xfc,0x8e,0x07,
    0x00,0xca,0x4f,0x00,0x87,0x73,0x00,0x13,0x20,0x00,0x00,0x00,
    0x00,0x08,0x10,0x00,0x00,0xe8,0x0f,0x00,0x83,0x79,0x17,0x15,
    0x00,0x00,0x00,0x00,0x00,0x08,0x10,0x00,0x00,0xa2,0x0e,0x00,
    0x0c,0x78,0x00,0x19,0x91,0x00,0x00,0x00,0x70,0x40,0xf2,0x03,
    0x00,0xda,0x0f,0x00,0x81,0x99,0x1a,0x0a,0x06,0x12,0x00,0x00,
    0x00,0x91,0x1e,0x0c,0x00,0xe2,0x0e,0x00,0x12,0x72,0x22,0x17,
    0x00,0x00,0x00,0x00,0xff,0xfc,0x8e,0x07,0x00,0xca,0x4f,0x00,
    0x87,0x73,0x00,0x15,0x22,0x00,0x00,0x00,0x00,0x08,0x10,0x00,
    0x00,0xe8,0x0f,0x00,0x83,0x79,0x1c,0x01,0x00,0x1c,0x00,0x00,
    0x00,0x08,0x10,0x00,0x00,0xa2,0x0e,0x00,0x19,0x79,0x00,0x00,
    0x00,0x00,0x00,0x00,0x00,0x21,0x00,0x00,0x00,0x64,0x2e,0x00,
    0x12,0x78,0x17,0x00,0xf8,0x03,0x00,0x00,0xff,0xc0,0x8e,0x07,
    0x00,0xe4,0x2f,0x00,0x12,0x72,0x1c,0x1c,0x05,0x00,0x00,0x00,
    0xff,0xfc,0x8e,0x07,0x00,0xca,0x4f,0x00,0x87,0x73,0x00,0x01,
    0x1c,0x1c,0x00,0x00,0x00,0x08,0x10,0x00,0x00,0xe8,0x03,0x00,
    0x83,0x79,0x1e,0x11,0x00,0x00,0x00,0x00,0x00,0x08,0x10,0x00,
    0x00,0xa2,0x0e,0x00,0x35,0x78,0x04,0x17,0x21,0x00,0x00,0x00,
    0x00,0x00,0x8e,0x07,0x00,0xca,0x1f,0x00,0x11,0x72,0x05,0x04,
    0x1d,0x00,0x00,0x00,0xff,0xf8,0x8f,0x07,0x00,0xca,0x0f,0x00,
    0x0c,0x78,0x00,0x05,0x91,0x00,0x00,0x00,0x70,0x40,0xf4,0x03,
    0x00,0xe2,0x0f,0x00,0x02,0x72,0x1b,0x00,0xff,0x00,0x00,0x00,
    0x00,0x0f,0x00,0x00,0x00,0xe2,0x0f,0x00,0x12,0x98,0x1b,0x1a,
    0xf0,0x00,0x00,0x00,0xff,0xc0,0x8e,0x07,0x00,0xd6,0x8f,0x00,
    0x19,0xa8,0x04,0xff,0x01,0x00,0x00,0x00,0x04,0x16,0x01,0x00,
    0x00,0xe2,0x0f,0x00,0x02,0xa2,0x05,0x00,0xff,0x00,0x00,0x00,
    0x00,0x0f,0x00,0x00,0x00,0xca,0x0f,0x00,0x35,0xa2,0x04,0x06,
    0x04,0x00,0x00,0x00,0x00,0x02,0x8e,0x07,0x00,0xc8,0x0f,0x00,
    0x35,0xa2,0x04,0x0c,0x04,0x00,0x00,0x00,0x00,0x02,0x8e,0x07,
    0x00,0xce,0x0f,0x00,0x81,0xa9,0x04,0x04,0x06,0x12,0x00,0x00,
    0x00,0x91,0x1e,0x0c,0x00,0xe2,0x0e,0x00,0x12,0x72,0x1e,0x1e,
    0x1b,0x00,0x00,0x00,0xff,0xfc,0x8e,0x07,0x00,0xca,0x4f,0x00,
    0x87,0x73,0x00,0x11,0x1e,0x00,0x00,0x00,0x00,0x08,0x10,0x00,
    0x00,0xe8,0x01,0x00,0x83,0x79,0x1f,0x13,0x00,0x00,0x00,0x00,
    0x00,0x08,0x10,0x00,0x00,0xa2,0x0e,0x00,0x02,0x72,0x1c,0x00,
    0xff,0x00,0x00,0x00,0x00,0x0f,0x00,0x00,0x00,0xe2,0x2f,0x00,
    0x12,0xa8,0x1c,0x04,0xf0,0x00,0x00,0x00,0xff,0xc0,0x8e,0x07,
    0x00,0xc8,0x8f,0x00,0x12,0x72,0x20,0x1f,0x1c,0x00,0x00,0x00,
    0xff,0xfc,0x8e,0x07,0x00,0xca,0x4f,0x00,0x87,0x73,0x00,0x13,
    0x20,0x00,0x00,0x00,0x00,0x08,0x10,0x00,0x00,0xe8,0x03,0x00,
    0x83,0x79,0x1a,0x15,0x00,0x00,0x00,0x00,0x00,0x08,0x10,0x00,
    0x00,0xa2,0x0e,0x00,0x35,0x78,0x04,0x19,0x01,0x00,0x00,0x00,
    0x00,0x00,0x8e,0x07,0x00,0xca,0x0f,0x00,0x0c,0x78,0x00,0x04,
    0x91,0x00,0x00,0x00,0x70,0x40,0xf4,0x03,0x00,0xe2,0x0f,0x00,
    0x12,0x72,0x22,0x1a,0x1b,0x00,0x00,0x00,0xff,0xfc,0x8e,0x07,
    0x00,0xd8,0x4f,0x00,0x81,0xa9,0x1a,0x0a,0x06,0x13,0x00,0x00,
    0x00,0x91,0x1e,0x0c,0x00,0xa8,0x0e,0x00,0x87,0x73,0x00,0x15,
    0x22,0x00,0x00,0x00,0x00,0x08,0x10,0x00,0x00,0xe8,0x0f,0x00,
    0x83,0x79,0x1b,0x01,0x00,0x1c,0x00,0x00,0x00,0x08,0x10,0x00,
    0x00,0xe2,0x0e,0x00,0x35,0x78,0x05,0x19,0x11,0x00,0x00,0x00,
    0x00,0x00,0x8e,0x07,0x00,0xca,0x0f,0x00,0x0c,0x78,0x00,0x05,
    0x91,0x00,0x00,0x00,0x70,0x40,0xf6,0x03,0x00,0xe2,0x0f,0x00,
    0x12,0x72,0x04,0x1b,0x1c,0x00,0x00,0x00,0xff,0xfc,0x8e,0x07,
    0x00,0xca,0x8f,0x00,0x87,0x73,0x00,0x01,0x04,0x1c,0x00,0x00,
    0x00,0x08,0x10,0x00,0x00,0xe8,0x07,0x00,0x83,0x79,0x1c,0x11,
    0x00,0x00,0x00,0x00,0x00,0x08,0x10,0x00,0x00,0x22,0x0f,0x00,
    0x24,0xa8,0x1a,0x1a,0x00,0x01,0x00,0x00,0xff,0x00,0x8e,0x07,
    0x00,0xe2,0x4f,0x00,0x02,0x72,0x05,0x00,0xff,0x00,0x00,0x00,
    0x00,0x0f,0x00,0x00,0x00,0xc8,0x0f,0x00,0x12,0xa8,0x05,0x1a,
    0x00,0x0f,0x00,0x00,0xff,0xc0,0x8e,0x07,0x00,0xe4,0x0f,0x00,
    0x81,0xb9,0x1a,0x0a,0x06,0x23,0x00,0x00,0x00,0x91,0x1e,0x0c,
    0x00,0xa4,0x0e,0x00,0x12,0x72,0x1c,0x1c,0x05,0x00,0x00,0x00,
    0xff,0xfc,0x8e,0x07,0x00,0xca,0x0f,0x01,0x87,0x73,0x00,0x11,
    0x1c,0x00,0x00,0x00,0x00,0x08,0x10,0x00,0x00,0xe8,0x09,0x00,
    0x83,0x79,0x1b,0x13,0x00,0x00,0x00,0x00,0x00,0x08,0x10,0x00,
    0x00,0x62,0x0e,0x00,0x24,0xb8,0x1a,0x1a,0x00,0x01,0x00,0x00,
    0xff,0x00,0x8e,0x07,0x00,0xe2,0x4f,0x00,0x05,0x78,0x1e,0x00,
    0x00,0x00,0x00,0x00,0x00,0xff,0x01,0x00,0x00,0xc8,0x1f,0x00,
    0x12,0xb8,0x1e,0x1a,0x00,0x0f,0x00,0x00,0xff,0xc0,0x8e,0x07,
    0x00,0xc8,0x0f,0x00,0x12,0x72,0x20,0x1b,0x1e,0x00,0x00,0x00,
    0xff,0xfc,0x8e,0x07,0x00,0xca,0x2f,0x00,0x87,0x73,0x00,0x13,
    0x20,0x00,0x00,0x00,0x00,0x08,0x10,0x00,0x00,0xe8,0x0f,0x00,
    0x83,0x79,0x04,0x15,0x00,0x00,0x00,0x00,0x00,0x08,0x10,0x00,
    0x00,0xa2,0x8e,0x00,0x12,0x78,0x1a,0x17,0x02,0x00,0x00,0x00,
    0xff,0xfc,0x8e,0x07,0x00,0xe4,0x0f,0x00,0x12,0x72,0x22,0x04,
    0x05,0x00,0x00,0x00,0xff,0xfc,0x8e,0x07,0x00,0xca,0x4f,0x00,
    0x87,0x73,0x00,0x15,0x22,0x00,0x00,0x00,0x00,0x08,0x10,0x00,
    0x00,0xe8,0x0f,0x00,0x83,0x79,0x05,0x01,0x00,0x1c,0x00,0x00,
    0x00,0x08,0x10,0x00,0x00,0xa2,0x0e,0x00,0x11,0x72,0x04,0x1a,
    0x1d,0x00,0x00,0x00,0xff,0xf8,0x8f,0x07,0x00,0xca,0x0f,0x00,
    0x0c,0x78,0x00,0x04,0x91,0x00,0x00,0x00,0x70,0x40,0xf4,0x03,
    0x00,0xda,0x0f,0x00,0x19,0xa8,0x1a,0xff,0x01,0x00,0x00,0x00,
    0x1a,0x16,0x01,0x00,0x00,0xe2,0x0f,0x00,0x02,0xa2,0x1b,0x00,
    0xff,0x00,0x00,0x00,0x00,0x0f,0x00,0x00,0x00,0xca,0x0f,0x00,
    0x35,0xa2,0x1a,0x06,0x1a,0x00,0x00,0x00,0x00,0x02,0x8e,0x07,
    0x00,0xc8,0x0f,0x00,0x35,0xa2,0x1a,0x0c,0x1a,0x00,0x00,0x00,
    0x00,0x02,0x8e,0x07,0x00,0xce,0x0f,0x00,0x81,0xa9,0x1a,0x1a,
    0x06,0x12,0x00,0x00,0x00,0x91,0x1e,0x0c,0x00,0xe2,0x0e,0x00,
    0x12,0x72,0x1e,0x05,0x1e,0x00,0x00,0x00,0xff,0xfc,0x8e,0x07,
    0x00,0xca,0x4f,0x00,0x87,0x73,0x00,0x01,0x1e,0x1c,0x00,0x00,
    0x00,0x08,0x10,0x00,0x00,0xe8,0x01,0x00,0x83,0x79,0x1c,0x11,
    0x00,0x00,0x00,0x00,0x00,0x08,0x10,0x00,0x00,0xa2,0x0e,0x01,
    0x35,0x78,0x04,0x17,0x23,0x00,0x00,0x00,0x00,0x00,0x8e,0x07,
    0x00,0xca,0x0f,0x00,0x11,0x72,0x05,0x04,0x1d,0x00,0x00,0x00,
    0xff,0xf8,0x8f,0x07,0x00,0xca,0x0f,0x00,0x0c,0x78,0x00,0x05,
    0x91,0x00,0x00,0x00,0x70,0x40,0xf6,0x03,0x00,0xda,0x0f,0x00,
    0x19,0xb8,0x04,0xff,0x01,0x00,0x00,0x00,0x04,0x16,0x01,0x00,
    0x00,0xe2,0x0f,0x00,0x02,0xb2,0x05,0x00,0xff,0x00,0x00,0x00,
    0x00,0x0f,0x00,0x00,0x00,0xca,0x0f,0x00,0x35,0xb2,0x04,0x06,
    0x04,0x00,0x00,0x00,0x00,0x02,0x8e,0x07,0x00,0xc6,0x0f,0x00,
    0x19,0xa8,0x1a,0xff,0x04,0x00,0x00,0x00,0x1a,0x16,0x01,0x00,
    0x00,0xe2,0x8f,0x00,0x35,0xb2,0x04,0x0c,0x04,0x00,0x00,0x00,
    0x00,0x02,0x8e,0x07,0x00,0xc8,0x0f,0x00,0x24,0xa8,0x1f,0x1a,
    0x00,0x10,0x00,0x00,0xff,0x00,0x8e,0x07,0x00,0xc6,0x0f,0x00,
    0x81,0xb9,0x04,0x04,0x06,0x12,0x00,0x00,0x00,0x91,0x1e,0x0c,
    0x00,0xe4,0x0e,0x00,0x12,0x72,0x1c,0x1c,0x1f,0x00,0x00,0x00,
    0xff,0xfc,0x8e,0x07,0x00,0xca,0x4f,0x00,0x87,0x73,0x00,0x11,
    0x1c,0x00,0x00,0x00,0x00,0x08,0x10,0x00,0x00,0xe8,0x03,0x00,
    0x83,0x79,0x1e,0x13,0x00,0x00,0x00,0x00,0x00,0x08,0x10,0x00,
    0x00,0xa2,0x1e,0x00,0x02,0x72,0x1b,0x00,0xff,0x00,0x00,0x00,
    0x00,0x0f,0x00,0x00,0x00,0xe2,0x0f,0x00,0x19,0xb8,0x1a,0xff,
    0x04,0x00,0x00,0x00,0x04,0x16,0x01,0x00,0x00,0xca,0x8f,0x00,
    0x24,0xb8,0x1b,0x1a,0x00,0x10,0x00,0x00,0xff,0x00,0x8e,0x07,
    0x00,0xca,0x0f,0x00,0x12,0x72,0x1e,0x1e,0x1b,0x00,0x00,0x00,
    0xff,0xfc,0x8e,0x07,0x00,0xca,0x4f,0x00,0x87,0x73,0x00,0x13,
    0x1e,0x00,0x00,0x00,0x00,0x08,0x10,0x00,0x00,0xe8,0x0f,0x00,
    0x83,0x79,0x1a,0x15,0x00,0x00,0x00,0x00,0x00,0x08,0x10,0x00,
    0x00,0xa2,0x0e,0x00,0x35,0x78,0x04,0x19,0x02,0x00,0x00,0x00,
    0x00,0x00,0x8e,0x07,0x00,0xca,0x0f,0x00,0x0c,0x78,0x00,0x04,
    0x91,0x00,0x00,0x00,0x70,0x40,0xf4,0x03,0x00,0xe2,0x0f,0x00,
    0x12,0x72,0x20,0x1a,0x1f,0x00,0x00,0x00,0xff,0xfc,0x8e,0x07,
    0x00,0xd8,0x4f,0x00,0x81,0xa9,0x1a,0x0a,0x06,0x14,0x00,0x00,
    0x00,0x91,0x1e,0x0c,0x00,0xa8,0x0e,0x00,0x87,0x73,0x00,0x15,
    0x20,0x00,0x00,0x00,0x00,0x08,0x10,0x00,0x00,0xe8,0x0f,0x00,
    0x83,0x79,0x22,0x01,0x00,0x1c,0x00,0x00,0x00,0x08,0x10,0x00,
    0x00,0xe2,0x0e,0x00,0x35,0x78,0x05,0x19,0x12,0x00,0x00,0x00,
    0x00,0x00,0x8e,0x07,0x00,0xca,0x0f,0x00,0x0c,0x78,0x00,0x05,
    0x91,0x00,0x00,0x00,0x70,0x40,0xf6,0x03,0x00,0xe2,0x0f,0x00,
    0x12,0x72,0x04,0x22,0x1b,0x00,0x00,0x00,0xff,0xfc,0x8e,0x07,
    0x00,0xca,0x8f,0x00,0x87,0x73,0x00,0x01,0x04,0x1c,0x00,0x00,
    0x00,0x08,0x10,0x00,0x00,0xe8,0x01,0x00,0x83,0x79,0x1c,0x11,
    0x00,0x00,0x00,0x00,0x00,0x08,0x10,0x00,0x00,0xe2,0x2e,0x00,
    0x24,0xa8,0x1a,0x1a,0x00,0x00,0x01,0x00,0xff,0x00,0x8e,0x07,
    0x00,0xe2,0x4f,0x00,0x05,0x78,0x04,0x00,0x00,0x00,0x00,0x00,
    0x00,0xff,0x01,0x00,0x00,0xc8,0x1f,0x00,0x12,0xa8,0x05,0x1a,
    0x00,0x00,0x0f,0x00,0xff,0xc0,0x8e,0x07,0x00,0xe4,0x0f,0x00,
    0x81,0xb9,0x1a,0x0a,0x06,0x24,0x00,0x00,0x00,0x91,0x1e,0x0c,
    0x00,0xa4,0x0e,0x00,0x12,0x72,0x1c,0x1c,0x05,0x00,0x00,0x00,
    0xff,0xfc,0x8e,0x07,0x00,0xca,0x8f,0x00,0x87,0x73,0x00,0x11,
    0x1c,0x00,0x00,0x00,0x00,0x08,0x10,0x00,0x00,0xe8,0x01,0x00,
    0x83,0x79,0x1b,0x13,0x00,0x00,0x00,0x00,0x00,0x08,0x10,0x00,
    0x00,0xe2,0x0e,0x00,0x24,0xb8,0x1a,0x1a,0x00,0x00,0x01,0x00,
    0xff,0x00,0x8e,0x07,0x00,0xca,0x4f,0x00,0x12,0xb8,0x04,0x1a,
    0x00,0x00,0x0f,0x00,0xff,0xc0,0x8e,0x07,0x00,0xc8,0x0f,0x00,
    0x12,0x72,0x1e,0x1b,0x04,0x00,0x00,0x00,0xff,0xfc,0x8e,0x07,
    0x00,0xca,0x8f,0x00,0x87,0x73,0x00,0x13,0x1e,0x00,0x00,0x00,
    0x00,0x08,0x10,0x00,0x00,0xe8,0x0f,0x00,0x83,0x79,0x1a,0x15,
    0x00,0x00,0x00,0x00,0x00,0x08,0x10,0x00,0x00,0xa4,0x0e,0x00,
    0x12,0x72,0x20,0x1a,0x05,0x00,0x00,0x00,0xff,0xfc,0x8e,0x07,
    0x00,0xca,0x4f,0x00,0x87,0x73,0x00,0x15,0x20,0x00,0x00,0x00,
    0x00,0x08,0x10,0x00,0x00,0xe8,0x03,0x00,0x83,0x79,0x1f,0x01,
    0x00,0x1c,0x00,0x00,0x00,0x08,0x10,0x00,0x00,0x22,0x0e,0x00,
    0x12,0x78,0x1a,0x17,0x04,0x00,0x00,0x00,0xff,0xfc,0x8e,0x07,
    0x00,0xc8,0x0f,0x00,0x11,0x72,0x05,0x1a,0x1d,0x00,0x00,0x00,
    0xff,0xf8,0x8f,0x07,0x00,0xca,0x0f,0x00,0x0c,0x78,0x00,0x05,
    0x91,0x00,0x00,0x00,0x70,0x40,0xf4,0x03,0x00,0xda,0x0f,0x00,
    0x19,0xa8,0x1a,0xff,0x01,0x00,0x00,0x00,0x1a,0x16,0x01,0x00,
    0x00,0xe2,0x0f,0x00,0x02,0xa2,0x1b,0x00,0xff,0x00,0x00,0x00,
    0x00,0x0f,0x00,0x00,0x00,0xca,0x0f,0x00,0x35,0xa2,0x1a,0x06,
    0x1a,0x00,0x00,0x00,0x00,0x02,0x8e,0x07,0x00,0xc8,0x0f,0x00,
    0x35,0xa2,0x1a,0x0c,0x1a,0x00,0x00,0x00,0x00,0x02,0x8e,0x07,
    0x00,0xce,0x0f,0x00,0x81,0xa9,0x1a,0x1a,0x06,0x12,0x00,0x00,
    0x00,0x91,0x1e,0x0c,0x00,0xa2,0x0e,0x00,0x12,0x72,0x1c,0x1f,
    0x04,0x00,0x00,0x00,0xff,0xfc,0x8e,0x07,0x00,0xca,0x1f,0x00,
    0x87,0x73,0x00,0x01,0x1c,0x1c,0x00,0x00,0x00,0x08,0x10,0x00,
    0x00,0xe8,0x01,0x00,0x83,0x79,0x20,0x11,0x00,0x00,0x00,0x00,
    0x00,0x08,0x10,0x00,0x00,0xe2,0x2e,0x00,0x35,0x72,0x04,0x12,
    0x1d,0x00,0x00,0x00,0x00,0x00,0x8e,0x07,0x00,0xca,0x0f,0x00,
    0x0c,0x78,0x00,0x04,0x91,0x00,0x00,0x00,0x70,0x40,0xf6,0x03,
    0x00,0xda,0x0f,0x00,0x02,0xb2,0x04,0x00,0x12,0x00,0x00,0x00,
    0x00,0x0f,0x00,0x00,0x00,0xe2,0x0f,0x00,0x02,0xb2,0x05,0x00,
    0xff,0x00,0x00,0x00,0x00,0x0f,0x00,0x00,0x00,0xca,0x0f,0x00,
    0x35,0xb2,0x04,0x06,0x04,0x00,0x00,0x00,0x00,0x02,0x8e,0x07,
    0x00,0xc8,0x0f,0x00,0x35,0xb2,0x04,0x0c,0x04,0x00,0x00,0x00,
    0x00,0x02,0x8e,0x07,0x00,0xc6,0x0f,0x00,0x19,0xa8,0x1e,0xff,
    0x04,0x00,0x00,0x00,0x1a,0x16,0x01,0x00,0x00,0xe2,0x4f,0x00,
    0x02,0x72,0x17,0x00,0xff,0x00,0x00,0x00,0x00,0x0f,0x00,0x00,
    0x00,0xc6,0x0f,0x00,0x81,0xb9,0x04,0x04,0x06,0x12,0x00,0x00,
    0x00,0x91,0x1e,0x0c,0x00,0xa2,0x0e,0x00,0x24,0xa8,0x17,0x1e,
    0x00,0x00,0x10,0x00,0xff,0x00,0x8e,0x07,0x00,0xca,0x0f,0x00,
    0x12,0x72,0x20,0x20,0x17,0x00,0x00,0x00,0xff,0xfc,0x8e,0x07,
    0x00,0xca,0x8f,0x00,0x87,0x73,0x00,0x11,0x20,0x00,0x00,0x00,
    0x00,0x08,0x10,0x00,0x00,0xe8,0x0f,0x00,0x83,0x79,0x1f,0x13,
    0x00,0x00,0x00,0x00,0x00,0x08,0x10,0x00,0x00,0x22,0x0e,0x00,
    0x02,0x72,0x1a,0x00,0xff,0x00,0x00,0x00,0x00,0x0f,0x00,0x00,
    0x00,0xe2,0x0f,0x00,0x19,0xb8,0x1b,0xff,0x04,0x00,0x00,0x00,
    0x04,0x16,0x01,0x00,0x00,0xca,0x4f,0x00,0x24,0xb8,0x1a,0x1b,
    0x00,0x00,0x10,0x00,0xff,0x00,0x8e,0x07,0x00,0xca,0x0f,0x00,
    0x12,0x72,0x1c,0x1f,0x1a,0x00,0x00,0x00,0xff,0xfc,0x8e,0x07,
    0x00,0xca,0x1f,0x00,0x87,0x73,0x00,0x13,0x1c,0x00,0x00,0x00,
    0x00,0x08,0x10,0x00,0x00,0xe8,0x01,0x00,0x83,0x79,0x1e,0x15,
    0x00,0x00,0x00,0x00,0x00,0x08,0x10,0x00,0x00,0xa2,0x0e,0x00,
    0x35,0x78,0x04,0x19,0x03,0x00,0x00,0x00,0x00,0x00,0x8e,0x07,
    0x00,0xca,0x0f,0x00,0x0c,0x78,0x00,0x04,0x91,0x00,0x00,0x00,
    0x70,0x40,0xf4,0x03,0x00,0xe2,0x0f,0x00,0x12,0x72,0x1e,0x1e,
    0x17,0x00,0x00,0x00,0xff,0xfc,0x8e,0x07,0x00,0xd8,0x4f,0x00,
    0x81,0xa9,0x17,0x0a,0x06,0x15,0x00,0x00,0x00,0x91,0x1e,0x0c,
    0x00,0xa8,0x0e,0x00,0x87,0x73,0x00,0x15,0x1e,0x00,0x00,0x00,
    0x00,0x08,0x10,0x00,0x00,0xe8,0x03,0x00,0x83,0x79,0x05,0x01,
    0x00,0x1c,0x00,0x00,0x00,0x08,0x10,0x00,0x00,0xe2,0x0e,0x00,
    0x35,0x78,0x19,0x19,0x13,0x00,0x00,0x00,0x00,0x00,0x8e,0x07,
    0x00,0xca,0x0f,0x00,0x0c,0x78,0x00,0x19,0x91,0x00,0x00,0x00,
    0x70,0x40,0xf6,0x03,0x00,0xe2,0x0f,0x00,0x12,0x72,0x04,0x05,
    0x1a,0x00,0x00,0x00,0xff,0xfc,0x8e,0x07,0x00,0xca,0x8f,0x00,
    0x87,0x73,0x00,0x01,0x04,0x1c,0x00,0x00,0x00,0x08,0x10,0x00,
    0x00,0xe8,0x07,0x00,0x83,0x79,0x1a,0x11,0x00,0x00,0x00,0x00,
    0x00,0x08,0x10,0x00,0x00,0x22,0x0f,0x00,0x24,0xa8,0x17,0x17,
    0x00,0x00,0x00,0x01,0xff,0x00,0x8e,0x07,0x00,0xe2,0x4f,0x00,
    0x02,0x72,0x05,0x00,0xff,0x00,0x00,0x00,0x00,0x0f,0x00,0x00,
    0x00,0xc8,0x0f,0x00,0x12,0xa8,0x05,0x17,0x00,0x00,0x00,0x0f,
    0xff,0xc0,0x8e,0x07,0x00,0xe4,0x0f,0x00,0x81,0xb9,0x17,0x0a,
    0x06,0x25,0x00,0x00,0x00,0x91,0x1e,0x0c,0x00,0xa4,0x0e,0x00,
    0x12,0x72,0x1a,0x1a,0x05,0x00,0x00,0x00,0xff,0xfc,0x8e,0x07,
    0x00,0xca,0x0f,0x01,0x87,0x73,0x00,0x11,0x1a,0x00,0x00,0x00,
    0x00,0x08,0x10,0x00,0x00,0xe8,0x09,0x00,0x83,0x79,0x19,0x13,
    0x00,0x00,0x00,0x00,0x00,0x08,0x10,0x00,0x00,0x62,0x0e,0x00,
    0x24,0xb8,0x17,0x17,0x00,0x00,0x00,0x01,0xff,0x00,0x8e,0x07,
    0x00,0xe2,0x4f,0x00,0x02,0x72,0x1c,0x00,0xff,0x00,0x00,0x00,
    0x00,0x0f,0x00,0x00,0x00,0xc8,0x1f,0x00,0x12,0xb8,0x1c,0x17,
    0x00,0x00,0x00,0x0f,0xff,0xc0,0x8e,0x07,0x00,0xc8,0x0f,0x00,
    0x12,0x72,0x1e,0x19,0x1c,0x00,0x00,0x00,0xff,0xfc,0x8e,0x07,
    0x00,0xca,0x2f,0x00,0x87,0x73,0x00,0x13,0x1e,0x00,0x00,0x00,
    0x00,0x08,0x10,0x00,0x00,0xe8,0x0f,0x00,0x83,0x79,0x04,0x15,
    0x00,0x00,0x00,0x00,0x00,0x08,0x10,0x00,0x00,0xa4,0x8e,0x00,
    0x12,0x72,0x20,0x04,0x05,0x00,0x00,0x00,0xff,0xfc,0x8e,0x07,
    0x00,0xca,0x4f,0x00,0x87,0x73,0x00,0x15,0x20,0x00,0x00,0x00,
    0x00,0x08,0x10,0x00,0x00,0xe8,0x0f,0x00,0x83,0x79,0x0b,0x01,
    0x00,0x1c,0x00,0x00,0x00,0x08,0x10,0x00,0x00,0xa2,0x0e,0x00,
    0x35,0x72,0x04,0x14,0x1d,0x00,0x00,0x00,0x00,0x00,0x8e,0x07,
    0x00,0xca,0x0f,0x00,0x0c,0x78,0x00,0x04,0x91,0x00,0x00,0x00,
    0x70,0x40,0xf4,0x03,0x00,0xda,0x0f,0x00,0x02,0xa2,0x04,0x00,
    0x14,0x00,0x00,0x00,0x00,0x0f,0x00,0x00,0x00,0xe2,0x0f,0x00,
    0x02,0xa2,0x05,0x00,0xff,0x00,0x00,0x00,0x00,0x0f,0x00,0x00,
    0x00,0xca,0x0f,0x00,0x35,0xa2,0x04,0x06,0x04,0x00,0x00,0x00,
    0x00,0x02,0x8e,0x07,0x00,0xc8,0x0f,0x00,0x35,0xa2,0x04,0x0c,
    0x04,0x00,0x00,0x00,0x00,0x02,0x8e,0x07,0x00,0xce,0x0f,0x00,
    0x81,0xa9,0x04,0x04,0x06,0x12,0x00,0x00,0x00,0x91,0x1e,0x0c,
    0x00,0xe2,0x0e,0x00,0x12,0x72,0x0a,0x0b,0x1c,0x00,0x00,0x00,
    0xff,0xfc,0x8e,0x07,0x00,0xca,0x4f,0x00,0x87,0x73,0x00,0x01,
    0x0a,0x1c,0x00,0x00,0x00,0x08,0x10,0x00,0x00,0xe8,0x01,0x00,
    0x83,0x79,0x1a,0x11,0x00,0x00,0x00,0x00,0x00,0x08,0x10,0x00,
    0x00,0xa2,0x0e,0x01,0x35,0x72,0x1d,0x16,0x1d,0x00,0x00,0x00,
    0x00,0x00,0x8e,0x07,0x00,0xca,0x0f,0x00,0x0c,0x78,0x00,0x1d,
    0x91,0x00,0x00,0x00,0x70,0x40,0xf6,0x03,0x00,0xda,0x0f,0x00,
    0x02,0xb2,0x17,0x00,0xff,0x00,0x00,0x00,0x00,0x0f,0x00,0x00,
    0x00,0xca,0x0f,0x00,0x35,0xb2,0x06,0x06,0x16,0x00,0x00,0x00,
    0x00,0x02,0x8e,0x07,0x00,0xc6,0x0f,0x00,0x19,0xa8,0x17,0xff,
    0x04,0x00,0x00,0x00,0x04,0x16,0x01,0x00,0x00,0xe2,0x8f,0x00,
    0x35,0xb2,0x06,0x0c,0x06,0x00,0x00,0x00,0x00,0x02,0x8e,0x07,
    0x00,0xe4,0x0f,0x00,0x02,0x72,0x0b,0x00,0xff,0x00,0x00,0x00,
    0x00,0x0f,0x00,0x00,0x00,0xe4,0x0f,0x00,0x24,0xa8,0x0b,0x17,
    0x00,0x00,0x00,0x10,0xff,0x00,0x8e,0x07,0x00,0xc6,0x0f,0x00,
    0x81,0xb9,0x06,0x06,0x06,0x12,0x00,0x00,0x00,0x91,0x1e,0x0c,
    0x00,0xe4,0x0e,0x00,0x12,0x72,0x1a,0x1a,0x0b,0x00,0x00,0x00,
    0xff,0xfc,0x8e,0x07,0x00,0xca,0x4f,0x00,0x87,0x73,0x00,0x11,
    0x1a,0x00,0x00,0x00,0x00,0x08,0x10,0x00,0x00,0xe8,0x03,0x00,
    0x83,0x79,0x0a,0x13,0x00,0x00,0x00,0x00,0x00,0x08,0x10,0x00,
    0x00,0xa2,0x1e,0x00,0x02,0x72,0x19,0x00,0xff,0x00,0x00,0x00,
    0x00,0x0f,0x00,0x00,0x00,0xe2,0x0f,0x00,0x19,0xb8,0x04,0xff,
    0x04,0x00,0x00,0x00,0x06,0x16,0x01,0x00,0x00,0xca,0x8f,0x00,
    0x24,0xb8,0x19,0x04,0x00,0x00,0x00,0x10,0xff,0x00,0x8e,0x07,
    0x00,0xca,0x0f,0x00,0x12,0x72,0x1c,0x0a,0x19,0x00,0x00,0x00,
    0xff,0xfc,0x8e,0x07,0x00,0xca,0x4f,0x00,0x87,0x73,0x00,0x13,
    0x1c,0x00,0x00,0x00,0x00,0x08,0x10,0x00,0x00,0xe8,0x01,0x00,
    0x83,0x79,0x04,0x15,0x00,0x00,0x00,0x00,0x00,0x08,0x10,0x00,
    0x00,0x62,0x0e,0x00,0x24,0x78,0x05,0x00,0x10,0x00,0x00,0x00,
    0xff,0x00,0x8e,0x07,0x00,0xca,0x0f,0x00,0x12,0x78,0x05,0x05,
    0x30,0x00,0x00,0x00,0xff,0xc0,0x8e,0x07,0x00,0xca,0x0f,0x00,
    0x24,0x78,0x17,0x08,0x40,0x00,0x00,0x00,0x05,0x02,0x8e,0x07,
    0x00,0xca,0x0f,0x00,0x0c,0x7c,0x00,0x17,0x05,0x00,0x00,0x00,
    0x70,0x62,0xf4,0x0b,0x00,0xe2,0x0f,0x04,0x12,0x72,0x1a,0x04,
    0x0b,0x00,0x00,0x00,0xff,0xfc,0x8e,0x07,0x00,0xe2,0x2f,0x00,
    0x25,0x78,0x04,0x17,0x02,0x00,0x00,0x00,0x02,0x00,0x8e,0x07,
    0x00,0xc8,0x0f,0x00,0x87,0x73,0x00,0x15,0x1a,0x00,0x00,0x00,
    0x00,0x08,0x10,0x00,0x00,0xe8,0x01,0x00,0x83,0x79,0x06,0x01,
    0x00,0x1c,0x00,0x00,0x00,0x08,0x10,0x00,0x00,0xa8,0x0e,0x00,
    0x81,0xa9,0x0a,0x04,0x06,0x00,0x00,0x00,0x00,0x95,0x1e,0x0c,
    0x00,0xe2,0x0e,0x00,0x02,0x72,0x07,0x00,0xff,0x00,0x00,0x00,
    0x00,0x0f,0x00,0x00,0x00,0xe2,0x0f,0x00,0x45,0x79,0x00,0x00,
    0x70,0x02,0x00,0x00,0x00,0x02,0x80,0x03,0x00,0xe2,0x0f,0x00,
    0x02,0x92,0x0f,0x00,0xff,0x00,0x00,0x00,0x00,0x0f,0x00,0x00,
    0x00,0xe2,0x0f,0x00,0x12,0x72,0x06,0x06,0x19,0x00,0x00,0x00,
    0xff,0xfc,0x8e,0x07,0x00,0xca,0x4f,0x00,0x87,0x73,0x00,0x01,
    0x06,0x1c,0x00,0x00,0x00,0x08,0x10,0x00,0x00,0xe2,0x01,0x00,
    0x30,0xa2,0x07,0xff,0x0a,0x00,0x00,0x20,0x00,0x41,0x00,0x00,
    0x00,0xc6,0x8f,0x00,0x87,0x73,0x00,0x01,0xff,0x20,0x00,0x00,
    0x00,0x08,0x10,0x00,0x00,0xe8,0x03,0x00,0x87,0x73,0x00,0x01,
    0xff,0x24,0x00,0x00,0x00,0x08,0x10,0x00,0x00,0xe2,0x03,0x00,
    0x0b,0x72,0x00,0x07,0xff,0x00,0x00,0x00,0x00,0xd0,0xf4,0x03,
    0x00,0xe2,0x0f,0x00,0x02,0x72,0x0a,0x00,0xff,0x00,0x00,0x00,
    0x00,0x0f,0x00,0x00,0x00,0xd8,0x0f,0x00,0x47,0xa9,0x70,0x00,
    0x00,0x00,0x00,0x00,0x00,0x00,0x80,0x03,0x00,0xea,0x0f,0x00,
    0x0b,0x78,0x00,0x07,0x00,0x00,0x80,0x3e,0x00,0xe2,0xf2,0x03,
    0x00,0xe2,0x0f,0x00,0x19,0x78,0x06,0xff,0x1c,0x00,0x00,0x00,
    0x07,0x16,0x01,0x00,0x00,0xd8,0x1f,0x00,0x12,0x98,0x0a,0x06,
    0x08,0x00,0x00,0x00,0xff,0xc0,0x8e,0x07,0x00,0xe2,0x0f,0x00,
    0x47,0x99,0x60,0x00,0x00,0x00,0x00,0x00,0x00,0x00,0x80,0x03,
    0x00,0xec,0x0f,0x00,0x0b,0x78,0x00,0x07,0x00,0x00,0x40,0x3f,
    0x00,0xe2,0xf2,0x03,0x00,0xe2,0x0f,0x00,0x02,0x78,0x0b,0x00,
    0x08,0x00,0x00,0x00,0x00,0x0f,0x00,0x00,0x00,0xd8,0x0f,0x00,
    0x12,0x98,0x0a,0x06,0x01,0x00,0x00,0x00,0x0b,0xec,0x8e,0x07,
    0x00,0xe2,0x0f,0x00,0x47,0x99,0x50,0x00,0x00,0x00,0x00,0x00,
    0x00,0x00,0x80,0x03,0x00,0xec,0x0f,0x00,0x0b,0x78,0x00,0x07,
    0x00,0x00,0xa0,0x3f,0x00,0xe2,0xf2,0x03,0x00,0xe2,0x0f,0x00,
    0x02,0x78,0x0b,0x00,0x08,0x00,0x00,0x00,0x00,0x0f,0x00,0x00,
    0x00,0xd8,0x0f,0x00,0x12,0x98,0x0a,0x06,0x02,0x00,0x00,0x00,
    0x0b,0xec,0x8e,0x07,0x00,0xe2,0x0f,0x00,0x47,0x99,0x40,0x00,
    0x00,0x00,0x00,0x00,0x00,0x00,0x80,0x03,0x00,0xec,0x0f,0x00,
    0x0b,0x78,0x00,0x07,0x00,0x00,0xe0,0x3f,0x00,0xe2,0xf2,0x03,
    0x00,0xe2,0x0f,0x00,0x02,0x78,0x0b,0x00,0x08,0x00,0x00,0x00,
    0x00,0x0f,0x00,0x00,0x00,0xd8,0x0f,0x00,0x12,0x98,0x0a,0x06,
    0x03,0x00,0x00,0x00,0x0b,0xec,0x8e,0x07,0x00,0xe2,0x0f,0x00,
    0x47,0x99,0x30,0x00,0x00,0x00,0x00,0x00,0x00,0x00,0x80,0x03,
    0x00,0xec,0x0f,0x00,0x0b,0x78,0x00,0x07,0x00,0x00,0x20,0x40,
    0x00,0xe2,0xf2,0x03,0x00,0xe2,0x0f,0x00,0x02,0x78,0x0b,0x00,
    0x08,0x00,0x00,0x00,0x00,0x0f,0x00,0x00,0x00,0xd8,0x0f,0x00,
    0x12,0x98,0x0a,0x06,0x04,0x00,0x00,0x00,0x0b,0xec,0x8e,0x07,
    0x00,0xe2,0x0f,0x00,0x47,0x99,0x20,0x00,0x00,0x00,0x00,0x00,
    0x00,0x00,0x80,0x03,0x00,0xec,0x0f,0x00,0x0b,0x78,0x00,0x07,
    0x00,0x00,0x60,0x40,0x00,0xe2,0xf2,0x03,0x00,0xe2,0x0f,0x00,
    0x02,0x78,0x0b,0x00,0x08,0x00,0x00,0x00,0x00,0x0f,0x00,0x00,
    0x00,0xd8,0x0f,0x00,0x12,0x98,0x0a,0x06,0x05,0x00,0x00,0x00,
    0x0b,0xec,0x8e,0x07,0x00,0xe2,0x0f,0x00,0x47,0x99,0x10,0x00,
    0x00,0x00,0x00,0x00,0x00,0x00,0x80,0x03,0x00,0xec,0x0f,0x00,
    0x0b,0x78,0x00,0x07,0x00,0x00,0xa0,0x40,0x00,0xe2,0xf2,0x03,
    0x00,0xe2,0x0f,0x00,0x02,0x78,0x07,0x00,0x08,0x00,0x00,0x00,
    0x00,0x0f,0x00,0x00,0x00,0xd8,0x0f,0x00,0x12,0x98,0x0a,0x06,
    0x06,0x00,0x00,0x00,0x07,0xec,0x8e,0x07,0x00,0xe4,0x0f,0x04,
    0x12,0x18,0x0a,0x06,0x07,0x00,0x00,0x00,0xff,0xfc,0x8e,0x07,
    0x00,0xce,0x0f,0x00,0x18,0x79,0x00,0x00,0x00,0x00,0x00,0x00,
    0x00,0x00,0x00,0x00,0x00,0xe2,0x0f,0x00,0x41,0x79,0x00,0x00,
    0x00,0x00,0x00,0x00,0x00,0x02,0x80,0x03,0x00,0xea,0x0f,0x00,
    0x35,0x78,0x06,0x17,0x08,0x00,0x00,0x00,0x00,0x00,0x8e,0x07,
    0x00,0xe2,0x1f,0x00,0x83,0x79,0x0b,0x01,0x00,0x20,0x00,0x00,
    0x00,0x08,0x10,0x00,0x00,0xa8,0x0e,0x00,0x0c,0x7c,0x00,0x06,
    0x05,0x00,0x00,0x00,0x70,0x62,0xf2,0x0b,0x00,0xda,0x0f,0x00,
    0x81,0x99,0x07,0x04,0x06,0x10,0x00,0x00,0x00,0x95,0x1e,0x0c,
    0x00,0xe2,0x0e,0x00,0x02,0x72,0x06,0x00,0xff,0x00,0x00,0x00,
    0x00,0x0f,0x00,0x00,0x00,0xe2,0x0f,0x00,0x45,0x79,0x00,0x00,
    0x40,0x02,0x00,0x00,0x00,0x02,0x80,0x03,0x00,0xe2,0x0f,0x00,
    0x12,0x72,0x0a,0x0b,0x0a,0x00,0x00,0x00,0xff,0xfc,0x8e,0x07,
    0x00,0xca,0x4f,0x00,0x87,0x73,0x00,0x01,0x0a,0x20,0x00,0x00,
    0x00,0x08,0x10,0x00,0x00,0xe2,0x01,0x00,0x30,0x92,0x06,0xff,
    0x07,0x00,0x00,0x20,0x00,0x41,0x00,0x00,0x00,0xca,0x8f,0x00,
    0x0b,0x72,0x00,0x06,0xff,0x00,0x00,0x00,0x00,0xd0,0xf2,0x03,
    0x00,0xe2,0x0f,0x00,0x02,0x72,0x07,0x00,0xff,0x00,0x00,0x00,
    0x00,0x0f,0x00,0x00,0x00,0xd8,0x0f,0x00,0x47,0x99,0x70,0x00,
    0x00,0x00,0x00,0x00,0x00,0x00,0x80,0x03,0x00,0xea,0x0f,0x00,
    0x0b,0x78,0x00,0x06,0x00,0x00,0x80,0x3e,0x00,0xe2,0xf2,0x03,
    0x00,0xe2,0x0f,0x00,0x19,0x78,0x0a,0xff,0x1c,0x00,0x00,0x00,
    0x06,0x16,0x01,0x00,0x00,0xd8,0x1f,0x00,0x12,0x98,0x07,0x0a,
    0x08,0x00,0x00,0x00,0xff,0xc0,0x8e,0x07,0x00,0xe2,0x0f,0x00,
    0x47,0x99,0x60,0x00,0x00,0x00,0x00,0x00,0x00,0x00,0x80,0x03,
    0x00,0xec,0x0f,0x00,0x0b,0x78,0x00,0x06,0x00,0x00,0x40,0x3f,
    0x00,0xe2,0xf2,0x03,0x00,0xe2,0x0f,0x00,0x02,0x78,0x07,0x00,
    0x08,0x00,0x00,0x00,0x00,0x0f,0x00,0x00,0x00,0xd8,0x0f,0x00,
    0x12,0x98,0x07,0x0a,0x01,0x00,0x00,0x00,0x07,0xec,0x8e,0x07,
    0x00,0xe2,0x0f,0x00,0x47,0x99,0x50,0x00,0x00,0x00,0x00,0x00,
    0x00,0x00,0x80,0x03,0x00,0xec,0x0f,0x00,0x0b,0x78,0x00,0x06,
    0x00,0x00,0xa0,0x3f,0x00,0xe2,0xf2,0x03,0x00,0xe2,0x0f,0x00,
    0x02,0x78,0x07,0x00,0x08,0x00,0x00,0x00,0x00,0x0f,0x00,0x00,
    0x00,0xd8,0x0f,0x00,0x12,0x98,0x07,0x0a,0x02,0x00,0x00,0x00,
    0x07,0xec,0x8e,0x07,0x00,0xe2,0x0f,0x00,0x47,0x99,0x40,0x00,
    0x00,0x00,0x00,0x00,0x00,0x00,0x80,0x03,0x00,0xec,0x0f,0x00,
    0x0b,0x78,0x00,0x06,0x00,0x00,0xe0,0x3f,0x00,0xe2,0xf2,0x03,
    0x00,0xe2,0x0f,0x00,0x02,0x78,0x07,0x00,0x08,0x00,0x00,0x00,
    0x00,0x0f,0x00,0x00,0x00,0xd8,0x0f,0x00,0x12,0x98,0x07,0x0a,
    0x03,0x00,0x00,0x00,0x07,0xec,0x8e,0x07,0x00,0xe2,0x0f,0x00,
    0x47,0x99,0x30,0x00,0x00,0x00,0x00,0x00,0x00,0x00,0x80,0x03,
    0x00,0xec,0x0f,0x00,0x0b,0x78,0x00,0x06,0x00,0x00,0x20,0x40,
    0x00,0xe2,0xf2,0x03,0x00,0xe2,0x0f,0x00,0x02,0x78,0x07,0x00,
    0x08,0x00,0x00,0x00,0x00,0x0f,0x00,0x00,0x00,0xd8,0x0f,0x00,
    0x12,0x98,0x07,0x0a,0x04,0x00,0x00,0x00,0x07,0xec,0x8e,0x07,
    0x00,0xe2,0x0f,0x00,0x47,0x99,0x20,0x00,0x00,0x00,0x00,0x00,
    0x00,0x00,0x80,0x03,0x00,0xec,0x0f,0x00,0x0b,0x78,0x00,0x06,
    0x00,0x00,0x60,0x40,0x00,0xe2,0xf2,0x03,0x00,0xe2,0x0f,0x00,
    0x02,0x78,0x07,0x00,0x08,0x00,0x00,0x00,0x00,0x0f,0x00,0x00,
    0x00,0xd8,0x0f,0x00,0x12,0x98,0x07,0x0a,0x05,0x00,0x00,0x00,
    0x07,0xec,0x8e,0x07,0x00,0xe2,0x0f,0x00,0x47,0x99,0x10,0x00,
    0x00,0x00,0x00,0x00,0x00,0x00,0x80,0x03,0x00,0xec,0x0f,0x00,
    0x0b,0x78,0x00,0x06,0x00,0x00,0xa0,0x40,0x00,0xe2,0xf2,0x03,
    0x00,0xe2,0x0f,0x00,0x02,0x78,0x07,0x00,0x08,0x00,0x00,0x00,
    0x00,0x0f,0x00,0x00,0x00,0xd8,0x0f,0x00,0x12,0x98,0x07,0x0a,
    0x06,0x00,0x00,0x00,0x07,0xec,0x8e,0x07,0x00,0xe4,0x0f,0x04,
    0x12,0x18,0x07,0x0a,0x07,0x00,0x00,0x00,0xff,0xfc,0x8e,0x07,
    0x00,0xce,0x0f,0x00,0x18,0x79,0x00,0x00,0x00,0x00,0x00,0x00,
    0x00,0x00,0x00,0x00,0x00,0xe2,0x0f,0x00,0x41,0x79,0x00,0x00,
    0x00,0x00,0x00,0x00,0x00,0x02,0x80,0x03,0x00,0xea,0x0f,0x00,
    0x35,0x78,0x06,0x17,0x01,0x00,0x00,0x00,0x00,0x00,0x8e,0x07,
    0x00,0xca,0x0f,0x00,0x0c,0x7c,0x00,0x06,0x05,0x00,0x00,0x00,
    0x70,0x62,0xf2,0x0b,0x00,0xe4,0x0f,0x00,0x83,0x79,0x06,0x01,
    0x00,0x24,0x00,0x00,0x00,0x08,0x10,0x00,0x00,0xb6,0x0e,0x00,
    0x81,0x99,0x0a,0x04,0x06,0x02,0x00,0x00,0x00,0x95,0x1e,0x0c,
    0x00,0xe2,0x1e,0x00,0x45,0x79,0x00,0x00,0xb0,0x02,0x00,0x00,
    0x00,0x02,0x80,0x03,0x00,0xe2,0x0f,0x00,0x12,0x72,0x06,0x06,
    0x07,0x00,0x00,0x00,0xff,0xfc,0x8e,0x07,0x00,0xe2,0x4f,0x00,
    0x02,0x72,0x07,0x00,0xff,0x00,0x00,0x00,0x00,0x0f,0x00,0x00,
    0x00,0xc8,0x0f,0x00,0x87,0x73,0x00,0x01,0x06,0x24,0x00,0x00,
    0x00,0x08,0x10,0x00,0x00,0xe2,0x01,0x00,0x30,0x92,0x07,0xff,
    0x0a,0x00,0x00,0x20,0x00,0x41,0x00,0x00,0x00,0xe2,0x8f,0x00,
    0x02,0x72,0x0a,0x00,0xff,0x00,0x00,0x00,0x00,0x0f,0x00,0x00,
    0x00,0xc8,0x0f,0x00,0x0b,0x72,0x00,0x07,0xff,0x00,0x00,0x00,
    0x00,0xd0,0xf2,0x03,0x00,0xda,0x0f,0x00,0x47,0x99,0x88,0x00,
    0x00,0x00,0x00,0x00,0x00,0x00,0x80,0x03,0x00,0xea,0x0f,0x00,
    0x0b,0x78,0x00,0x07,0x00,0x00,0x80,0x3e,0x00,0xe2,0xf2,0x03,
    0x00,0xe2,0x0f,0x00,0x19,0x78,0x06,0xff,0x1c,0x00,0x00,0x00,
    0x07,0x16,0x01,0x00,0x00,0xd8,0x1f,0x00,0x47,0x99,0x78,0x00,
    0x00,0x00,0x00,0x00,0x00,0x00,0x80,0x03,0x00,0xea,0x0f,0x00,
    0x0b,0x78,0x00,0x07,0x00,0x00,0x40,0x3f,0x00,0xe2,0xf2,0x03,
    0x00,0xda,0x0f,0x00,0x47,0x99,0x64,0x00,0x00,0x00,0x00,0x00,
    0x00,0x00,0x80,0x03,0x00,0xea,0x0f,0x00,0x0b,0x78,0x00,0x07,
    0x00,0x00,0xa0,0x3f,0x00,0xe2,0xf2,0x03,0x00,0xda,0x0f,0x00,
    0x47,0x99,0x50,0x00,0x00,0x00,0x00,0x00,0x00,0x00,0x80,0x03,
    0x00,0xea,0x0f,0x00,0x0b,0x78,0x00,0x07,0x00,0x00,0xe0,0x3f,
    0x00,0xe2,0xf2,0x03,0x00,0xda,0x0f,0x00,0x47,0x99,0x3c,0x00,
    0x00,0x00,0x00,0x00,0x00,0x00,0x80,0x03,0x00,0xea,0x0f,0x00,
    0x0b,0x78,0x00,0x07,0x00,0x00,0x20,0x40,0x00,0xe2,0xf2,0x03,
    0x00,0xda,0x0f,0x00,0x47,0x99,0x28,0x00,0x00,0x00,0x00,0x00,
    0x00,0x00,0x80,0x03,0x00,0xea,0x0f,0x00,0x0b,0x78,0x00,0x07,
    0x00,0x00,0x60,0x40,0x00,0xe2,0xf2,0x03,0x00,0xda,0x0f,0x00,
    0x47,0x99,0x14,0x00,0x00,0x00,0x00,0x00,0x00,0x00,0x80,0x03,
    0x00,0xea,0x0f,0x00,0x0b,0x78,0x00,0x07,0x00,0x00,0xa0,0x40,
    0x00,0xe2,0xf2,0x03,0x00,0xe2,0x0f,0x00,0x02,0x78,0x07,0x00,
    0x08,0x00,0x00,0x00,0x00,0x0f,0x00,0x00,0x00,0xd8,0x0f,0x00,
    0x12,0x18,0x0a,0x06,0x07,0x00,0x00,0x00,0xff,0xfc,0x8e,0x07,
    0x00,0xe4,0x0f,0x04,0x12,0x98,0x0a,0x06,0x06,0x00,0x00,0x00,
    0x07,0xec,0x8e,0x07,0x00,0xe2,0x0f,0x00,0x47,0x79,0x40,0x00,
    0x00,0x00,0x00,0x00,0x00,0x00,0x80,0x03,0x00,0xec,0x0f,0x00,
    0x02,0x78,0x07,0x00,0x08,0x00,0x00,0x00,0x00,0x0f,0x00,0x00,
    0x00,0xca,0x0f,0x00,0x12,0x78,0x0a,0x06,0x05,0x00,0x00,0x00,
    0x07,0xec,0x8e,0x07,0x00,0xe2,0x0f,0x00,0x47,0x79,0x34,0x00,
    0x00,0x00,0x00,0x00,0x00,0x00,0x80,0x03,0x00,0xec,0x0f,0x00,
    0x02,0x78,0x07,0x00,0x08,0x00,0x00,0x00,0x00,0x0f,0x00,0x00,
    0x00,0xca,0x0f,0x00,0x12,0x78,0x0a,0x06,0x04,0x00,0x00,0x00,
    0x07,0xec,0x8e,0x07,0x00,0xe2,0x0f,0x00,0x47,0x79,0x28,0x00,
    0x00,0x00,0x00,0x00,0x00,0x00,0x80,0x03,0x00,0xec,0x0f,0x00,
    0x02,0x78,0x07,0x00,0x08,0x00,0x00,0x00,0x00,0x0f,0x00,0x00,
    0x00,0xca,0x0f,0x00,0x12,0x78,0x0a,0x06,0x03,0x00,0x00,0x00,
    0x07,0xec,0x8e,0x07,0x00,0xe2,0x0f,0x00,0x47,0x79,0x1c,0x00,
    0x00,0x00,0x00,0x00,0x00,0x00,0x80,0x03,0x00,0xec,0x0f,0x00,
    0x02,0x78,0x07,0x00,0x08,0x00,0x00,0x00,0x00,0x0f,0x00,0x00,
    0x00,0xca,0x0f,0x00,0x12,0x78,0x0a,0x06,0x02,0x00,0x00,0x00,
    0x07,0xec,0x8e,0x07,0x00,0xe2,0x0f,0x00,0x47,0x79,0x10,0x00,
    0x00,0x00,0x00,0x00,0x00,0x00,0x80,0x03,0x00,0xec,0x0f,0x00,
    0x02,0x78,0x07,0x00,0x08,0x00,0x00,0x00,0x00,0x0f,0x00,0x00,
    0x00,0xca,0x0f,0x00,0x12,0x78,0x0a,0x06,0x01,0x00,0x00,0x00,
    0x07,0xec,0x8e,0x07,0x00,0xe2,0x0f,0x00,0x47,0x79,0x04,0x00,
    0x00,0x00,0x00,0x00,0x00,0x00,0x80,0x03,0x00,0xec,0x0f,0x00,
    0x12,0x78,0x0a,0x06,0x08,0x00,0x00,0x00,0xff,0xc0,0x8e,0x07,
    0x00,0xce,0x0f,0x00,0x18,0x79,0x00,0x00,0x00,0x00,0x00,0x00,
    0x00,0x00,0x00,0x00,0x00,0xe2,0x0f,0x00,0x41,0x79,0x00,0x00,
    0x00,0x00,0x00,0x00,0x00,0x02,0x80,0x03,0x00,0xea,0x0f,0x00,
    0x35,0x78,0x06,0x17,0x09,0x00,0x00,0x00,0x00,0x00,0x8e,0x07,
    0x00,0xe2,0x1f,0x00,0x83,0x79,0x0b,0x01,0x00,0x20,0x00,0x00,
    0x00,0x08,0x10,0x00,0x00,0xa8,0x0e,0x00,0x0c,0x7c,0x00,0x06,
    0x05,0x00,0x00,0x00,0x70,0x62,0xf2,0x0b,0x00,0xda,0x0f,0x00,
    0x81,0x99,0x07,0x04,0x06,0x12,0x00,0x00,0x00,0x95,0x1e,0x0c,
    0x00,0xe2,0x0e,0x00,0x24,0x78,0x0a,0x0a,0x10,0x00,0x00,0x00,
    0xff,0x00,0x8e,0x07,0x00,0xe2,0x0f,0x00,0x02,0x72,0x06,0x00,
    0xff,0x00,0x00,0x00,0x00,0x0f,0x00,0x00,0x00,0xe2,0x0f,0x00,
    0x45,0x79,0x00,0x00,0xa0,0x02,0x00,0x00,0x00,0x02,0x80,0x03,
    0x00,0xe6,0x0f,0x00,0x12,0x72,0x0a,0x0b,0x0a,0x00,0x00,0x00,
    0xff,0xfc,0x8e,0x07,0x00,0xca,0x4f,0x00,0x87,0x73,0x00,0x01,
    0x0a,0x20,0x00,0x00,0x00,0x08,0x10,0x00,0x00,0xe2,0x01,0x00,
    0x30,0x92,0x06,0xff,0x07,0x00,0x00,0x20,0x00,0x41,0x00,0x00,
    0x00,0xca,0x8f,0x00,0x0b,0x72,0x00,0x06,0xff,0x00,0x00,0x00,
    0x00,0xd0,0xf2,0x03,0x00,0xe2,0x0f,0x00,0x02,0x72,0x07,0x00,
    0xff,0x00,0x00,0x00,0x00,0x0f,0x00,0x00,0x00,0xd8,0x0f,0x00,
    0x47,0x99,0x88,0x00,0x00,0x00,0x00,0x00,0x00,0x00,0x80,0x03,
    0x00,0xea,0x0f,0x00,0x0b,0x78,0x00,0x06,0x00,0x00,0x80,0x3e,
    0x00,0xe2,0xf2,0x03,0x00,0xe2,0x0f,0x00,0x19,0x78,0x0a,0xff,
    0x1c,0x00,0x00,0x00,0x06,0x16,0x01,0x00,0x00,0xd8,0x1f,0x00,
    0x47,0x99,0x78,0x00,0x00,0x00,0x00,0x00,0x00,0x00,0x80,0x03,
    0x00,0xea,0x0f,0x00,0x0b,0x78,0x00,0x06,0x00,0x00,0x40,0x3f,
    0x00,0xe2,0xf2,0x03,0x00,0xda,0x0f,0x00,0x47,0x99,0x64,0x00,
    0x00,0x00,0x00,0x00,0x00,0x00,0x80,0x03,0x00,0xea,0x0f,0x00,
    0x0b,0x78,0x00,0x06,0x00,0x00,0xa0,0x3f,0x00,0xe2,0xf2,0x03,
    0x00,0xda,0x0f,0x00,0x47,0x99,0x50,0x00,0x00,0x00,0x00,0x00,
    0x00,0x00,0x80,0x03,0x00,0xea,0x0f,0x00,0x0b,0x78,0x00,0x06,
    0x00,0x00,0xe0,0x3f,0x00,0xe2,0xf2,0x03,0x00,0xda,0x0f,0x00,
    0x47,0x99,0x3c,0x00,0x00,0x00,0x00,0x00,0x00,0x00,0x80,0x03,
    0x00,0xea,0x0f,0x00,0x0b,0x78,0x00,0x06,0x00,0x00,0x20,0x40,
    0x00,0xe2,0xf2,0x03,0x00,0xda,0x0f,0x00,0x47,0x99,0x28,0x00,
    0x00,0x00,0x00,0x00,0x00,0x00,0x80,0x03,0x00,0xea,0x0f,0x00,
    0x0b,0x78,0x00,0x06,0x00,0x00,0x60,0x40,0x00,0xe2,0xf2,0x03,
    0x00,0xda,0x0f,0x00,0x47,0x99,0x14,0x00,0x00,0x00,0x00,0x00,
    0x00,0x00,0x80,0x03,0x00,0xea,0x0f,0x00,0x0b,0x78,0x00,0x06,
    0x00,0x00,0xa0,0x40,0x00,0xe2,0xf2,0x03,0x00,0xe2,0x0f,0x00,
    0x02,0x78,0x0b,0x00,0x08,0x00,0x00,0x00,0x00,0x0f,0x00,0x00,
    0x00,0xd8,0x0f,0x00,0x12,0x18,0x07,0x0a,0x07,0x00,0x00,0x00,
    0xff,0xfc,0x8e,0x07,0x00,0xe4,0x0f,0x04,0x12,0x98,0x07,0x0a,
    0x06,0x00,0x00,0x00,0x0b,0xec,0x8e,0x07,0x00,0xe2,0x0f,0x00,
    0x47,0x79,0x40,0x00,0x00,0x00,0x00,0x00,0x00,0x00,0x80,0x03,
    0x00,0xec,0x0f,0x00,0x02,0x78,0x07,0x00,0x08,0x00,0x00,0x00,
    0x00,0x0f,0x00,0x00,0x00,0xca,0x0f,0x00,0x12,0x78,0x07,0x0a,
    0x05,0x00,0x00,0x00,0x07,0xec,0x8e,0x07,0x00,0xe2,0x0f,0x00,
    0x47,0x79,0x34,0x00,0x00,0x00,0x00,0x00,0x00,0x00,0x80,0x03,
    0x00,0xec,0x0f,0x00,0x02,0x78,0x07,0x00,0x08,0x00,0x00,0x00,
    0x00,0x0f,0x00,0x00,0x00,0xca,0x0f,0x00,0x12,0x78,0x07,0x0a,
    0x04,0x00,0x00,0x00,0x07,0xec,0x8e,0x07,0x00,0xe2,0x0f,0x00,
    0x47,0x79,0x28,0x00,0x00,0x00,0x00,0x00,0x00,0x00,0x80,0x03,
    0x00,0xec,0x0f,0x00,0x02,0x78,0x07,0x00,0x08,0x00,0x00,0x00,
    0x00,0x0f,0x00,0x00,0x00,0xca,0x0f,0x00,0x12,0x78,0x07,0x0a,
    0x03,0x00,0x00,0x00,0x07,0xec,0x8e,0x07,0x00,0xe2,0x0f,0x00,
    0x47,0x79,0x1c,0x00,0x00,0x00,0x00,0x00,0x00,0x00,0x80,0x03,
    0x00,0xec,0x0f,0x00,0x02,0x78,0x07,0x00,0x08,0x00,0x00,0x00,
    0x00,0x0f,0x00,0x00,0x00,0xca,0x0f,0x00,0x12,0x78,0x07,0x0a,
    0x02,0x00,0x00,0x00,0x07,0xec,0x8e,0x07,0x00,0xe2,0x0f,0x00,
    0x47,0x79,0x10,0x00,0x00,0x00,0x00,0x00,0x00,0x00,0x80,0x03,
    0x00,0xec,0x0f,0x00,0x02,0x78,0x07,0x00,0x08,0x00,0x00,0x00,
    0x00,0x0f,0x00,0x00,0x00,0xca,0x0f,0x00,0x12,0x78,0x07,0x0a,
    0x01,0x00,0x00,0x00,0x07,0xec,0x8e,0x07,0x00,0xe2,0x0f,0x00,
    0x47,0x79,0x04,0x00,0x00,0x00,0x00,0x00,0x00,0x00,0x80,0x03,
    0x00,0xec,0x0f,0x00,0x12,0x78,0x07,0x0a,0x08,0x00,0x00,0x00,
    0xff,0xc0,0x8e,0x07,0x00,0xce,0x0f,0x00,0x18,0x79,0x00,0x00,
    0x00,0x00,0x00,0x00,0x00,0x00,0x00,0x00,0x00,0xe2,0x0f,0x00,
    0x41,0x79,0x00,0x00,0x00,0x00,0x00,0x00,0x00,0x02,0x80,0x03,
    0x00,0xea,0x0f,0x00,0x35,0x78,0x06,0x17,0x02,0x00,0x00,0x00,
    0x00,0x00,0x8e,0x07,0x00,0xca,0x0f,0x00,0x0c,0x7c,0x00,0x06,
    0x05,0x00,0x00,0x00,0x70,0x62,0xf2,0x0b,0x00,0xe4,0x0f,0x00,
    0x83,0x79,0x06,0x01,0x00,0x24,0x00,0x00,0x00,0x08,0x10,0x00,
    0x00,0xb6,0x0e,0x00,0x81,0x99,0x0a,0x04,0x06,0x04,0x00,0x00,
    0x00,0x95,0x1e,0x0c,0x00,0xe2,0x1e,0x00,0x24,0x78,0x07,0x07,
    0x10,0x00,0x00,0x00,0xff,0x00,0x8e,0x07,0x00,0xe2,0x0f,0x00,
    0x45,0x79,0x00,0x00,0xb0,0x02,0x00,0x00,0x00,0x02,0x80,0x03,
    0x00,0xe8,0x0f,0x00,0x12,0x72,0x06,0x06,0x07,0x00,0x00,0x00,
    0xff,0xfc,0x8e,0x07,0x00,0xe2,0x4f,0x00,0x02,0x72,0x07,0x00,
    0xff,0x00,0x00,0x00,0x00,0x0f,0x00,0x00,0x00,0xc8,0x0f,0x00,
    0x87,0x73,0x00,0x01,0x06,0x24,0x00,0x00,0x00,0x08,0x10,0x00,
    0x00,0xe2,0x01,0x00,0x30,0x92,0x07,0xff,0x0a,0x00,0x00,0x20,
    0x00,0x41,0x00,0x00,0x00,0xe2,0x8f,0x00,0x02,0x72,0x0a,0x00,
    0xff,0x00,0x00,0x00,0x00,0x0f,0x00,0x00,0x00,0xc8,0x0f,0x00,
    0x0b,0x72,0x00,0x07,0xff,0x00,0x00,0x00,0x00,0xd0,0xf2,0x03,
    0x00,0xda,0x0f,0x00,0x47,0x99,0x88,0x00,0x00,0x00,0x00,0x00,
    0x00,0x00,0x80,0x03,0x00,0xea,0x0f,0x00,0x0b,0x78,0x00,0x07,
    0x00,0x00,0x80,0x3e,0x00,0xe2,0xf2,0x03,0x00,0xe2,0x0f,0x00,
    0x19,0x78,0x06,0xff,0x1c,0x00,0x00,0x00,0x07,0x16,0x01,0x00,
    0x00,0xd8,0x1f,0x00,0x47,0x99,0x78,0x00,0x00,0x00,0x00,0x00,
    0x00,0x00,0x80,0x03,0x00,0xea,0x0f,0x00,0x0b,0x78,0x00,0x07,
    0x00,0x00,0x40,0x3f,0x00,0xe2,0xf2,0x03,0x00,0xda,0x0f,0x00,
    0x47,0x99,0x64,0x00,0x00,0x00,0x00,0x00,0x00,0x00,0x80,0x03,
    0x00,0xea,0x0f,0x00,0x0b,0x78,0x00,0x07,0x00,0x00,0xa0,0x3f,
    0x00,0xe2,0xf2,0x03,0x00,0xda,0x0f,0x00,0x47,0x99,0x50,0x00,
    0x00,0x00,0x00,0x00,0x00,0x00,0x80,0x03,0x00,0xea,0x0f,0x00,
    0x0b,0x78,0x00,0x07,0x00,0x00,0xe0,0x3f,0x00,0xe2,0xf2,0x03,
    0x00,0xda,0x0f,0x00,0x47,0x99,0x3c,0x00,0x00,0x00,0x00,0x00,
    0x00,0x00,0x80,0x03,0x00,0xea,0x0f,0x00,0x0b,0x78,0x00,0x07,
    0x00,0x00,0x20,0x40,0x00,0xe2,0xf2,0x03,0x00,0xda,0x0f,0x00,
    0x47,0x99,0x28,0x00,0x00,0x00,0x00,0x00,0x00,0x00,0x80,0x03,
    0x00,0xea,0x0f,0x00,0x0b,0x78,0x00,0x07,0x00,0x00,0x60,0x40,
    0x00,0xe2,0xf2,0x03,0x00,0xda,0x0f,0x00,0x47,0x99,0x14,0x00,
    0x00,0x00,0x00,0x00,0x00,0x00,0x80,0x03,0x00,0xea,0x0f,0x00,
    0x0b,0x78,0x00,0x07,0x00,0x00,0xa0,0x40,0x00,0xe2,0xf2,0x03,
    0x00,0xe2,0x0f,0x00,0x02,0x78,0x07,0x00,0x08,0x00,0x00,0x00,
    0x00,0x0f,0x00,0x00,0x00,0xd8,0x0f,0x00,0x12,0x18,0x0a,0x06,
    0x07,0x00,0x00,0x00,0xff,0xfc,0x8e,0x07,0x00,0xe4,0x0f,0x04,
    0x12,0x98,0x0a,0x06,0x06,0x00,0x00,0x00,0x07,0xec,0x8e,0x07,
    0x00,0xe2,0x0f,0x00,0x47,0x79,0x40,0x00,0x00,0x00,0x00,0x00,
    0x00,0x00,0x80,0x03,0x00,0xec,0x0f,0x00,0x02,0x78,0x07,0x00,
    0x08,0x00,0x00,0x00,0x00,0x0f,0x00,0x00,0x00,0xca,0x0f,0x00,
    0x12,0x78,0x0a,0x06,0x05,0x00,0x00,0x00,0x07,0xec,0x8e,0x07,
    0x00,0xe2,0x0f,0x00,0x47,0x79,0x34,0x00,0x00,0x00,0x00,0x00,
    0x00,0x00,0x80,0x03,0x00,0xec,0x0f,0x00,0x02,0x78,0x07,0x00,
    0x08,0x00,0x00,0x00,0x00,0x0f,0x00,0x00,0x00,0xca,0x0f,0x00,
    0x12,0x78,0x0a,0x06,0x04,0x00,0x00,0x00,0x07,0xec,0x8e,0x07,
    0x00,0xe2,0x0f,0x00,0x47,0x79,0x28,0x00,0x00,0x00,0x00,0x00,
    0x00,0x00,0x80,0x03,0x00,0xec,0x0f,0x00,0x02,0x78,0x07,0x00,
    0x08,0x00,0x00,0x00,0x00,0x0f,0x00,0x00,0x00,0xca,0x0f,0x00,
    0x12,0x78,0x0a,0x06,0x03,0x00,0x00,0x00,0x07,0xec,0x8e,0x07,
    0x00,0xe2,0x0f,0x00,0x47,0x79,0x1c,0x00,0x00,0x00,0x00,0x00,
    0x00,0x00,0x80,0x03,0x00,0xec,0x0f,0x00,0x02,0x78,0x07,0x00,
    0x08,0x00,0x00,0x00,0x00,0x0f,0x00,0x00,0x00,0xca,0x0f,0x00,
    0x12,0x78,0x0a,0x06,0x02,0x00,0x00,0x00,0x07,0xec,0x8e,0x07,
    0x00,0xe2,0x0f,0x00,0x47,0x79,0x10,0x00,0x00,0x00,0x00,0x00,
    0x00,0x00,0x80,0x03,0x00,0xec,0x0f,0x00,0x02,0x78,0x07,0x00,
    0x08,0x00,0x00,0x00,0x00,0x0f,0x00,0x00,0x00,0xca,0x0f,0x00,
    0x12,0x78,0x0a,0x06,0x01,0x00,0x00,0x00,0x07,0xec,0x8e,0x07,
    0x00,0xe2,0x0f,0x00,0x47,0x79,0x04,0x00,0x00,0x00,0x00,0x00,
    0x00,0x00,0x80,0x03,0x00,0xec,0x0f,0x00,0x12,0x78,0x0a,0x06,
    0x08,0x00,0x00,0x00,0xff,0xc0,0x8e,0x07,0x00,0xce,0x0f,0x00,
    0x18,0x79,0x00,0x00,0x00,0x00,0x00,0x00,0x00,0x00,0x00,0x00,
    0x00,0xe2,0x0f,0x00,0x41,0x79,0x00,0x00,0x00,0x00,0x00,0x00,
    0x00,0x02,0x80,0x03,0x00,0xea,0x0f,0x00,0x35,0x78,0x06,0x17,
    0x0a,0x00,0x00,0x00,0x00,0x00,0x8e,0x07,0x00,0xe2,0x1f,0x00,
    0x83,0x79,0x0b,0x01,0x00,0x20,0x00,0x00,0x00,0x08,0x10,0x00,
    0x00,0xa8,0x0e,0x00,0x0c,0x7c,0x00,0x06,0x05,0x00,0x00,0x00,
    0x70,0x62,0xf2,0x0b,0x00,0xda,0x0f,0x00,0x81,0x99,0x07,0x04,
    0x06,0x14,0x00,0x00,0x00,0x95,0x1e,0x0c,0x00,0xe2,0x0e,0x00,
    0x24,0x78,0x0a,0x0a,0x00,0x01,0x00,0x00,0xff,0x00,0x8e,0x07,
    0x00,0xe2,0x0f,0x00,0x02,0x72,0x06,0x00,0xff,0x00,0x00,0x00,
    0x00,0x0f,0x00,0x00,0x00,0xe2,0x0f,0x00,0x45,0x79,0x00,0x00,
    0xa0,0x02,0x00,0x00,0x00,0x02,0x80,0x03,0x00,0xe6,0x0f,0x00,
    0x12,0x72,0x0a,0x0b,0x0a,0x00,0x00,0x00,0xff,0xfc,0x8e,0x07,
    0x00,0xca,0x4f,0x00,0x87,0x73,0x00,0x01,0x0a,0x20,0x00,0x00,
    0x00,0x08,0x10,0x00,0x00,0xe2,0x01,0x00,0x30,0x92,0x06,0xff,
    0x07,0x00,0x00,0x20,0x00,0x41,0x00,0x00,0x00,0xca,0x8f,0x00,
    0x0b,0x72,0x00,0x06,0xff,0x00,0x00,0x00,0x00,0xd0,0xf2,0x03,
    0x00,0xe2,0x0f,0x00,0x02,0x72,0x07,0x00,0xff,0x00,0x00,0x00,
    0x00,0x0f,0x00,0x00,0x00,0xd8,0x0f,0x00,0x47,0x99,0x88,0x00,
    0x00,0x00,0x00,0x00,0x00,0x00,0x80,0x03,0x00,0xea,0x0f,0x00,
    0x0b,0x78,0x00,0x06,0x00,0x00,0x80,0x3e,0x00,0xe2,0xf2,0x03,
    0x00,0xe2,0x0f,0x00,0x19,0x78,0x0a,0xff,0x1c,0x00,0x00,0x00,
    0x06,0x16,0x01,0x00,0x00,0xd8,0x1f,0x00,0x47,0x99,0x78,0x00,
    0x00,0x00,0x00,0x00,0x00,0x00,0x80,0x03,0x00,0xea,0x0f,0x00,
    0x0b,0x78,0x00,0x06,0x00,0x00,0x40,0x3f,0x00,0xe2,0xf2,0x03,
    0x00,0xda,0x0f,0x00,0x47,0x99,0x64,0x00,0x00,0x00,0x00,0x00,
    0x00,0x00,0x80,0x03,0x00,0xea,0x0f,0x00,0x0b,0x78,0x00,0x06,
    0x00,0x00,0xa0,0x3f,0x00,0xe2,0xf2,0x03,0x00,0xda,0x0f,0x00,
    0x47,0x99,0x50,0x00,0x00,0x00,0x00,0x00,0x00,0x00,0x80,0x03,
    0x00,0xea,0x0f,0x00,0x0b,0x78,0x00,0x06,0x00,0x00,0xe0,0x3f,
    0x00,0xe2,0xf2,0x03,0x00,0xda,0x0f,0x00,0x47,0x99,0x3c,0x00,
    0x00,0x00,0x00,0x00,0x00,0x00,0x80,0x03,0x00,0xea,0x0f,0x00,
    0x0b,0x78,0x00,0x06,0x00,0x00,0x20,0x40,0x00,0xe2,0xf2,0x03,
    0x00,0xda,0x0f,0x00,0x47,0x99,0x28,0x00,0x00,0x00,0x00,0x00,
    0x00,0x00,0x80,0x03,0x00,0xea,0x0f,0x00,0x0b,0x78,0x00,0x06,
    0x00,0x00,0x60,0x40,0x00,0xe2,0xf2,0x03,0x00,0xda,0x0f,0x00,
    0x47,0x99,0x14,0x00,0x00,0x00,0x00,0x00,0x00,0x00,0x80,0x03,
    0x00,0xea,0x0f,0x00,0x0b,0x78,0x00,0x06,0x00,0x00,0xa0,0x40,
    0x00,0xe2,0xf2,0x03,0x00,0xe2,0x0f,0x00,0x02,0x78,0x0b,0x00,
    0x08,0x00,0x00,0x00,0x00,0x0f,0x00,0x00,0x00,0xd8,0x0f,0x00,
    0x12,0x18,0x07,0x0a,0x07,0x00,0x00,0x00,0xff,0xfc,0x8e,0x07,
    0x00,0xe4,0x0f,0x04,0x12,0x98,0x07,0x0a,0x06,0x00,0x00,0x00,
    0x0b,0xec,0x8e,0x07,0x00,0xe2,0x0f,0x00,0x47,0x79,0x40,0x00,
    0x00,0x00,0x00,0x00,0x00,0x00,0x80,0x03,0x00,0xec,0x0f,0x00,
    0x02,0x78,0x07,0x00,0x08,0x00,0x00,0x00,0x00,0x0f,0x00,0x00,
    0x00,0xca,0x0f,0x00,0x12,0x78,0x07,0x0a,0x05,0x00,0x00,0x00,
    0x07,0xec,0x8e,0x07,0x00,0xe2,0x0f,0x00,0x47,0x79,0x34,0x00,
    0x00,0x00,0x00,0x00,0x00,0x00,0x80,0x03,0x00,0xec,0x0f,0x00,
    0x02,0x78,0x07,0x00,0x08,0x00,0x00,0x00,0x00,0x0f,0x00,0x00,
    0x00,0xca,0x0f,0x00,0x12,0x78,0x07,0x0a,0x04,0x00,0x00,0x00,
    0x07,0xec,0x8e,0x07,0x00,0xe2,0x0f,0x00,0x47,0x79,0x28,0x00,
    0x00,0x00,0x00,0x00,0x00,0x00,0x80,0x03,0x00,0xec,0x0f,0x00,
    0x02,0x78,0x07,0x00,0x08,0x00,0x00,0x00,0x00,0x0f,0x00,0x00,
    0x00,0xca,0x0f,0x00,0x12,0x78,0x07,0x0a,0x03,0x00,0x00,0x00,
    0x07,0xec,0x8e,0x07,0x00,0xe2,0x0f,0x00,0x47,0x79,0x1c,0x00,
    0x00,0x00,0x00,0x00,0x00,0x00,0x80,0x03,0x00,0xec,0x0f,0x00,
    0x02,0x78,0x07,0x00,0x08,0x00,0x00,0x00,0x00,0x0f,0x00,0x00,
    0x00,0xca,0x0f,0x00,0x12,0x78,0x07,0x0a,0x02,0x00,0x00,0x00,
    0x07,0xec,0x8e,0x07,0x00,0xe2,0x0f,0x00,0x47,0x79,0x10,0x00,
    0x00,0x00,0x00,0x00,0x00,0x00,0x80,0x03,0x00,0xec,0x0f,0x00,
    0x02,0x78,0x07,0x00,0x08,0x00,0x00,0x00,0x00,0x0f,0x00,0x00,
    0x00,0xca,0x0f,0x00,0x12,0x78,0x07,0x0a,0x01,0x00,0x00,0x00,
    0x07,0xec,0x8e,0x07,0x00,0xe2,0x0f,0x00,0x47,0x79,0x04,0x00,
    0x00,0x00,0x00,0x00,0x00,0x00,0x80,0x03,0x00,0xec,0x0f,0x00,
    0x12,0x78,0x07,0x0a,0x08,0x00,0x00,0x00,0xff,0xc0,0x8e,0x07,
    0x00,0xce,0x0f,0x00,0x18,0x79,0x00,0x00,0x00,0x00,0x00,0x00,
    0x00,0x00,0x00,0x00,0x00,0xe2,0x0f,0x00,0x41,0x79,0x00,0x00,
    0x00,0x00,0x00,0x00,0x00,0x02,0x80,0x03,0x00,0xea,0x0f,0x00,
    0x35,0x78,0x06,0x17,0x03,0x00,0x00,0x00,0x00,0x00,0x8e,0x07,
    0x00,0xca,0x0f,0x00,0x0c,0x7c,0x00,0x06,0x05,0x00,0x00,0x00,
    0x70,0x62,0xf2,0x0b,0x00,0xe4,0x0f,0x00,0x83,0x79,0x06,0x01,
    0x00,0x24,0x00,0x00,0x00,0x08,0x10,0x00,0x00,0xb6,0x0e,0x00,
    0x81,0x99,0x0a,0x04,0x06,0x06,0x00,0x00,0x00,0x95,0x1e,0x0c,
    0x00,0xe2,0x1e,0x00,0x24,0x78,0x07,0x07,0x00,0x01,0x00,0x00,
    0xff,0x00,0x8e,0x07,0x00,0xe2,0x0f,0x00,0x45,0x79,0x00,0x00,
    0xb0,0x02,0x00,0x00,0x00,0x02,0x80,0x03,0x00,0xe8,0x0f,0x00,
    0x12,0x72,0x06,0x06,0x07,0x00,0x00,0x00,0xff,0xfc,0x8e,0x07,
    0x00,0xe2,0x4f,0x00,0x02,0x72,0x07,0x00,0xff,0x00,0x00,0x00,
    0x00,0x0f,0x00,0x00,0x00,0xc8,0x0f,0x00,0x87,0x73,0x00,0x01,
    0x06,0x24,0x00,0x00,0x00,0x08,0x10,0x00,0x00,0xe2,0x01,0x00,
    0x30,0x92,0x07,0xff,0x0a,0x00,0x00,0x20,0x00,0x41,0x00,0x00,
    0x00,0xe2,0x8f,0x00,0x02,0x72,0x0a,0x00,0xff,0x00,0x00,0x00,
    0x00,0x0f,0x00,0x00,0x00,0xc8,0x0f,0x00,0x0b,0x72,0x00,0x07,
    0xff,0x00,0x00,0x00,0x00,0xd0,0xf2,0x03,0x00,0xda,0x0f,0x00,
    0x47,0x99,0x88,0x00,0x00,0x00,0x00,0x00,0x00,0x00,0x80,0x03,
    0x00,0xea,0x0f,0x00,0x0b,0x78,0x00,0x07,0x00,0x00,0x80,0x3e,
    0x00,0xe2,0xf2,0x03,0x00,0xe2,0x0f,0x00,0x19,0x78,0x06,0xff,
    0x1c,0x00,0x00,0x00,0x07,0x16,0x01,0x00,0x00,0xd8,0x1f,0x00,
    0x47,0x99,0x78,0x00,0x00,0x00,0x00,0x00,0x00,0x00,0x80,0x03,
    0x00,0xea,0x0f,0x00,0x0b,0x78,0x00,0x07,0x00,0x00,0x40,0x3f,
    0x00,0xe2,0xf2,0x03,0x00,0xda,0x0f,0x00,0x47,0x99,0x64,0x00,
    0x00,0x00,0x00,0x00,0x00,0x00,0x80,0x03,0x00,0xea,0x0f,0x00,
    0x0b,0x78,0x00,0x07,0x00,0x00,0xa0,0x3f,0x00,0xe2,0xf2,0x03,
    0x00,0xda,0x0f,0x00,0x47,0x99,0x50,0x00,0x00,0x00,0x00,0x00,
    0x00,0x00,0x80,0x03,0x00,0xea,0x0f,0x00,0x0b,0x78,0x00,0x07,
    0x00,0x00,0xe0,0x3f,0x00,0xe2,0xf2,0x03,0x00,0xda,0x0f,0x00,
    0x47,0x99,0x3c,0x00,0x00,0x00,0x00,0x00,0x00,0x00,0x80,0x03,
    0x00,0xea,0x0f,0x00,0x0b,0x78,0x00,0x07,0x00,0x00,0x20,0x40,
    0x00,0xe2,0xf2,0x03,0x00,0xda,0x0f,0x00,0x47,0x99,0x28,0x00,
    0x00,0x00,0x00,0x00,0x00,0x00,0x80,0x03,0x00,0xea,0x0f,0x00,
    0x0b,0x78,0x00,0x07,0x00,0x00,0x60,0x40,0x00,0xe2,0xf2,0x03,
    0x00,0xda,0x0f,0x00,0x47,0x99,0x14,0x00,0x00,0x00,0x00,0x00,
    0x00,0x00,0x80,0x03,0x00,0xea,0x0f,0x00,0x0b,0x78,0x00,0x07,
    0x00,0x00,0xa0,0x40,0x00,0xe2,0xf2,0x03,0x00,0xe2,0x0f,0x00,
    0x02,0x78,0x07,0x00,0x08,0x00,0x00,0x00,0x00,0x0f,0x00,0x00,
    0x00,0xd8,0x0f,0x00,0x12,0x18,0x0a,0x06,0x07,0x00,0x00,0x00,
    0xff,0xfc,0x8e,0x07,0x00,0xe4,0x0f,0x04,0x12,0x98,0x0a,0x06,
    0x06,0x00,0x00,0x00,0x07,0xec,0x8e,0x07,0x00,0xe2,0x0f,0x00,
    0x47,0x79,0x40,0x00,0x00,0x00,0x00,0x00,0x00,0x00,0x80,0x03,
    0x00,0xec,0x0f,0x00,0x02,0x78,0x07,0x00,0x08,0x00,0x00,0x00,
    0x00,0x0f,0x00,0x00,0x00,0xca,0x0f,0x00,0x12,0x78,0x0a,0x06,
    0x05,0x00,0x00,0x00,0x07,0xec,0x8e,0x07,0x00,0xe2,0x0f,0x00,
    0x47,0x79,0x34,0x00,0x00,0x00,0x00,0x00,0x00,0x00,0x80,0x03,
    0x00,0xec,0x0f,0x00,0x02,0x78,0x07,0x00,0x08,0x00,0x00,0x00,
    0x00,0x0f,0x00,0x00,0x00,0xca,0x0f,0x00,0x12,0x78,0x0a,0x06,
    0x04,0x00,0x00,0x00,0x07,0xec,0x8e,0x07,0x00,0xe2,0x0f,0x00,
    0x47,0x79,0x28,0x00,0x00,0x00,0x00,0x00,0x00,0x00,0x80,0x03,
    0x00,0xec,0x0f,0x00,0x02,0x78,0x07,0x00,0x08,0x00,0x00,0x00,
    0x00,0x0f,0x00,0x00,0x00,0xca,0x0f,0x00,0x12,0x78,0x0a,0x06,
    0x03,0x00,0x00,0x00,0x07,0xec,0x8e,0x07,0x00,0xe2,0x0f,0x00,
    0x47,0x79,0x1c,0x00,0x00,0x00,0x00,0x00,0x00,0x00,0x80,0x03,
    0x00,0xec,0x0f,0x00,0x02,0x78,0x07,0x00,0x08,0x00,0x00,0x00,
    0x00,0x0f,0x00,0x00,0x00,0xca,0x0f,0x00,0x12,0x78,0x0a,0x06,
    0x02,0x00,0x00,0x00,0x07,0xec,0x8e,0x07,0x00,0xe2,0x0f,0x00,
    0x47,0x79,0x10,0x00,0x00,0x00,0x00,0x00,0x00,0x00,0x80,0x03,
    0x00,0xec,0x0f,0x00,0x02,0x78,0x07,0x00,0x08,0x00,0x00,0x00,
    0x00,0x0f,0x00,0x00,0x00,0xca,0x0f,0x00,0x12,0x78,0x0a,0x06,
    0x01,0x00,0x00,0x00,0x07,0xec,0x8e,0x07,0x00,0xe2,0x0f,0x00,
    0x47,0x79,0x04,0x00,0x00,0x00,0x00,0x00,0x00,0x00,0x80,0x03,
    0x00,0xec,0x0f,0x00,0x12,0x78,0x0a,0x06,0x08,0x00,0x00,0x00,
    0xff,0xc0,0x8e,0x07,0x00,0xce,0x0f,0x00,0x18,0x79,0x00,0x00,
    0x00,0x00,0x00,0x00,0x00,0x00,0x00,0x00,0x00,0xe2,0x0f,0x00,
    0x41,0x79,0x00,0x00,0x00,0x00,0x00,0x00,0x00,0x02,0x80,0x03,
    0x00,0xea,0x0f,0x00,0x35,0x78,0x06,0x17,0x0b,0x00,0x00,0x00,
    0x00,0x00,0x8e,0x07,0x00,0xe2,0x1f,0x00,0x83,0x79,0x0b,0x01,
    0x00,0x20,0x00,0x00,0x00,0x08,0x10,0x00,0x00,0xa8,0x0e,0x00,
    0x0c,0x7c,0x00,0x06,0x05,0x00,0x00,0x00,0x70,0x62,0xf2,0x0b,
    0x00,0xda,0x0f,0x00,0x81,0x99,0x07,0x04,0x06,0x16,0x00,0x00,
    0x00,0x95,0x1e,0x0c,0x00,0xe2,0x0e,0x00,0x24,0x78,0x0a,0x0a,
    0x00,0x10,0x00,0x00,0xff,0x00,0x8e,0x07,0x00,0xe2,0x0f,0x00,
    0x02,0x72,0x06,0x00,0xff,0x00,0x00,0x00,0x00,0x0f,0x00,0x00,
    0x00,0xe2,0x0f,0x00,0x45,0x79,0x00,0x00,0xa0,0x02,0x00,0x00,
    0x00,0x02,0x80,0x03,0x00,0xe6,0x0f,0x00,0x12,0x72,0x0a,0x0b,
    0x0a,0x00,0x00,0x00,0xff,0xfc,0x8e,0x07,0x00,0xca,0x4f,0x00,
    0x87,0x73,0x00,0x01,0x0a,0x20,0x00,0x00,0x00,0x08,0x10,0x00,
    0x00,0xe2,0x01,0x00,0x30,0x92,0x06,0xff,0x07,0x00,0x00,0x20,
    0x00,0x41,0x00,0x00,0x00,0xca,0x8f,0x00,0x0b,0x72,0x00,0x06,
    0xff,0x00,0x00,0x00,0x00,0xd0,0xf2,0x03,0x00,0xe2,0x0f,0x00,
    0x02,0x72,0x07,0x00,0xff,0x00,0x00,0x00,0x00,0x0f,0x00,0x00,
    0x00,0xd8,0x0f,0x00,0x47,0x99,0x88,0x00,0x00,0x00,0x00,0x00,
    0x00,0x00,0x80,0x03,0x00,0xea,0x0f,0x00,0x0b,0x78,0x00,0x06,
    0x00,0x00,0x80,0x3e,0x00,0xe2,0xf2,0x03,0x00,0xe2,0x0f,0x00,
    0x19,0x78,0x0a,0xff,0x1c,0x00,0x00,0x00,0x06,0x16,0x01,0x00,
    0x00,0xd8,0x1f,0x00,0x47,0x99,0x78,0x00,0x00,0x00,0x00,0x00,
    0x00,0x00,0x80,0x03,0x00,0xea,0x0f,0x00,0x0b,0x78,0x00,0x06,
    0x00,0x00,0x40,0x3f,0x00,0xe2,0xf2,0x03,0x00,0xda,0x0f,0x00,
    0x47,0x99,0x64,0x00,0x00,0x00,0x00,0x00,0x00,0x00,0x80,0x03,
    0x00,0xea,0x0f,0x00,0x0b,0x78,0x00,0x06,0x00,0x00,0xa0,0x3f,
    0x00,0xe2,0xf2,0x03,0x00,0xda,0x0f,0x00,0x47,0x99,0x50,0x00,
    0x00,0x00,0x00,0x00,0x00,0x00,0x80,0x03,0x00,0xea,0x0f,0x00,
    0x0b,0x78,0x00,0x06,0x00,0x00,0xe0,0x3f,0x00,0xe2,0xf2,0x03,
    0x00,0xda,0x0f,0x00,0x47,0x99,0x3c,0x00,0x00,0x00,0x00,0x00,
    0x00,0x00,0x80,0x03,0x00,0xea,0x0f,0x00,0x0b,0x78,0x00,0x06,
    0x00,0x00,0x20,0x40,0x00,0xe2,0xf2,0x03,0x00,0xda,0x0f,0x00,
    0x47,0x99,0x28,0x00,0x00,0x00,0x00,0x00,0x00,0x00,0x80,0x03,
    0x00,0xea,0x0f,0x00,0x0b,0x78,0x00,0x06,0x00,0x00,0x60,0x40,
    0x00,0xe2,0xf2,0x03,0x00,0xda,0x0f,0x00,0x47,0x99,0x14,0x00,
    0x00,0x00,0x00,0x00,0x00,0x00,0x80,0x03,0x00,0xea,0x0f,0x00,
    0x0b,0x78,0x00,0x06,0x00,0x00,0xa0,0x40,0x00,0xe2,0xf2,0x03,
    0x00,0xe2,0x0f,0x00,0x02,0x78,0x0b,0x00,0x08,0x00,0x00,0x00,
    0x00,0x0f,0x00,0x00,0x00,0xd8,0x0f,0x00,0x12,0x18,0x07,0x0a,
    0x07,0x00,0x00,0x00,0xff,0xfc,0x8e,0x07,0x00,0xe4,0x0f,0x04,
    0x12,0x98,0x07,0x0a,0x06,0x00,0x00,0x00,0x0b,0xec,0x8e,0x07,
    0x00,0xe2,0x0f,0x00,0x47,0x79,0x40,0x00,0x00,0x00,0x00,0x00,
    0x00,0x00,0x80,0x03,0x00,0xec,0x0f,0x00,0x02,0x78,0x07,0x00,
    0x08,0x00,0x00,0x00,0x00,0x0f,0x00,0x00,0x00,0xca,0x0f,0x00,
    0x12,0x78,0x07,0x0a,0x05,0x00,0x00,0x00,0x07,0xec,0x8e,0x07,
    0x00,0xe2,0x0f,0x00,0x47,0x79,0x34,0x00,0x00,0x00,0x00,0x00,
    0x00,0x00,0x80,0x03,0x00,0xec,0x0f,0x00,0x02,0x78,0x07,0x00,
    0x08,0x00,0x00,0x00,0x00,0x0f,0x00,0x00,0x00,0xca,0x0f,0x00,
    0x12,0x78,0x07,0x0a,0x04,0x00,0x00,0x00,0x07,0xec,0x8e,0x07,
    0x00,0xe2,0x0f,0x00,0x47,0x79,0x28,0x00,0x00,0x00,0x00,0x00,
    0x00,0x00,0x80,0x03,0x00,0xec,0x0f,0x00,0x02,0x78,0x07,0x00,
    0x08,0x00,0x00,0x00,0x00,0x0f,0x00,0x00,0x00,0xca,0x0f,0x00,
    0x12,0x78,0x07,0x0a,0x03,0x00,0x00,0x00,0x07,0xec,0x8e,0x07,
    0x00,0xe2,0x0f,0x00,0x47,0x79,0x1c,0x00,0x00,0x00,0x00,0x00,
    0x00,0x00,0x80,0x03,0x00,0xec,0x0f,0x00,0x02,0x78,0x07,0x00,
    0x08,0x00,0x00,0x00,0x00,0x0f,0x00,0x00,0x00,0xca,0x0f,0x00,
    0x12,0x78,0x07,0x0a,0x02,0x00,0x00,0x00,0x07,0xec,0x8e,0x07,
    0x00,0xe2,0x0f,0x00,0x47,0x79,0x10,0x00,0x00,0x00,0x00,0x00,
    0x00,0x00,0x80,0x03,0x00,0xec,0x0f,0x00,0x02,0x78,0x07,0x00,
    0x08,0x00,0x00,0x00,0x00,0x0f,0x00,0x00,0x00,0xca,0x0f,0x00,
    0x12,0x78,0x07,0x0a,0x01,0x00,0x00,0x00,0x07,0xec,0x8e,0x07,
    0x00,0xe2,0x0f,0x00,0x47,0x79,0x04,0x00,0x00,0x00,0x00,0x00,
    0x00,0x00,0x80,0x03,0x00,0xec,0x0f,0x00,0x12,0x78,0x07,0x0a,
    0x08,0x00,0x00,0x00,0xff,0xc0,0x8e,0x07,0x00,0xce,0x0f,0x00,
    0x18,0x79,0x00,0x00,0x00,0x00,0x00,0x00,0x00,0x00,0x00,0x00,
    0x00,0xe2,0x0f,0x00,0x41,0x79,0x00,0x00,0x00,0x00,0x00,0x00,
    0x00,0x02,0x80,0x03,0x00,0xea,0x0f,0x00,0x35,0x78,0x06,0x17,
    0x04,0x00,0x00,0x00,0x00,0x00,0x8e,0x07,0x00,0xca,0x0f,0x00,
    0x0c,0x7c,0x00,0x06,0x05,0x00,0x00,0x00,0x70,0x62,0xf2,0x0b,
    0x00,0xe4,0x0f,0x00,0x83,0x79,0x06,0x01,0x00,0x24,0x00,0x00,
    0x00,0x08,0x10,0x00,0x00,0xb6,0x0e,0x00,0x81,0x99,0x0a,0x04,
    0x06,0x08,0x00,0x00,0x00,0x95,0x1e,0x0c,0x00,0xe2,0x1e,0x00,
    0x24,0x78,0x07,0x07,0x00,0x10,0x00,0x00,0xff,0x00,0x8e,0x07,
    0x00,0xe2,0x0f,0x00,0x45,0x79,0x00,0x00,0xb0,0x02,0x00,0x00,
    0x00,0x02,0x80,0x03,0x00,0xe8,0x0f,0x00,0x12,0x72,0x06,0x06,
    0x07,0x00,0x00,0x00,0xff,0xfc,0x8e,0x07,0x00,0xe2,0x4f,0x00,
    0x02,0x72,0x07,0x00,0xff,0x00,0x00,0x00,0x00,0x0f,0x00,0x00,
    0x00,0xc8,0x0f,0x00,0x87,0x73,0x00,0x01,0x06,0x24,0x00,0x00,
    0x00,0x08,0x10,0x00,0x00,0xe2,0x01,0x00,0x30,0x92,0x07,0xff,
    0x0a,0x00,0x00,0x20,0x00,0x41,0x00,0x00,0x00,0xe2,0x8f,0x00,
    0x02,0x72,0x0a,0x00,0xff,0x00,0x00,0x00,0x00,0x0f,0x00,0x00,
    0x00,0xc8,0x0f,0x00,0x0b,0x72,0x00,0x07,0xff,0x00,0x00,0x00,
    0x00,0xd0,0xf2,0x03,0x00,0xda,0x0f,0x00,0x47,0x99,0x88,0x00,
    0x00,0x00,0x00,0x00,0x00,0x00,0x80,0x03,0x00,0xea,0x0f,0x00,
    0x0b,0x78,0x00,0x07,0x00,0x00,0x80,0x3e,0x00,0xe2,0xf2,0x03,
    0x00,0xe2,0x0f,0x00,0x19,0x78,0x06,0xff,0x1c,0x00,0x00,0x00,
    0x07,0x16,0x01,0x00,0x00,0xd8,0x1f,0x00,0x47,0x99,0x78,0x00,
    0x00,0x00,0x00,0x00,0x00,0x00,0x80,0x03,0x00,0xea,0x0f,0x00,
    0x0b,0x78,0x00,0x07,0x00,0x00,0x40,0x3f,0x00,0xe2,0xf2,0x03,
    0x00,0xda,0x0f,0x00,0x47,0x99,0x64,0x00,0x00,0x00,0x00,0x00,
    0x00,0x00,0x80,0x03,0x00,0xea,0x0f,0x00,0x0b,0x78,0x00,0x07,
    0x00,0x00,0xa0,0x3f,0x00,0xe2,0xf2,0x03,0x00,0xda,0x0f,0x00,
    0x47,0x99,0x50,0x00,0x00,0x00,0x00,0x00,0x00,0x00,0x80,0x03,
    0x00,0xea,0x0f,0x00,0x0b,0x78,0x00,0x07,0x00,0x00,0xe0,0x3f,
    0x00,0xe2,0xf2,0x03,0x00,0xda,0x0f,0x00,0x47,0x99,0x3c,0x00,
    0x00,0x00,0x00,0x00,0x00,0x00,0x80,0x03,0x00,0xea,0x0f,0x00,
    0x0b,0x78,0x00,0x07,0x00,0x00,0x20,0x40,0x00,0xe2,0xf2,0x03,
    0x00,0xda,0x0f,0x00,0x47,0x99,0x28,0x00,0x00,0x00,0x00,0x00,
    0x00,0x00,0x80,0x03,0x00,0xea,0x0f,0x00,0x0b,0x78,0x00,0x07,
    0x00,0x00,0x60,0x40,0x00,0xe2,0xf2,0x03,0x00,0xda,0x0f,0x00,
    0x47,0x99,0x14,0x00,0x00,0x00,0x00,0x00,0x00,0x00,0x80,0x03,
    0x00,0xea,0x0f,0x00,0x0b,0x78,0x00,0x07,0x00,0x00,0xa0,0x40,
    0x00,0xe2,0xf2,0x03,0x00,0xe2,0x0f,0x00,0x02,0x78,0x07,0x00,
    0x08,0x00,0x00,0x00,0x00,0x0f,0x00,0x00,0x00,0xd8,0x0f,0x00,
    0x12,0x18,0x0a,0x06,0x07,0x00,0x00,0x00,0xff,0xfc,0x8e,0x07,
    0x00,0xe4,0x0f,0x04,0x12,0x98,0x0a,0x06,0x06,0x00,0x00,0x00,
    0x07,0xec,0x8e,0x07,0x00,0xe2,0x0f,0x00,0x47,0x79,0x40,0x00,
    0x00,0x00,0x00,0x00,0x00,0x00,0x80,0x03,0x00,0xec,0x0f,0x00,
    0x02,0x78,0x07,0x00,0x08,0x00,0x00,0x00,0x00,0x0f,0x00,0x00,
    0x00,0xca,0x0f,0x00,0x12,0x78,0x0a,0x06,0x05,0x00,0x00,0x00,
    0x07,0xec,0x8e,0x07,0x00,0xe2,0x0f,0x00,0x47,0x79,0x34,0x00,
    0x00,0x00,0x00,0x00,0x00,0x00,0x80,0x03,0x00,0xec,0x0f,0x00,
    0x02,0x78,0x07,0x00,0x08,0x00,0x00,0x00,0x00,0x0f,0x00,0x00,
    0x00,0xca,0x0f,0x00,0x12,0x78,0x0a,0x06,0x04,0x00,0x00,0x00,
    0x07,0xec,0x8e,0x07,0x00,0xe2,0x0f,0x00,0x47,0x79,0x28,0x00,
    0x00,0x00,0x00,0x00,0x00,0x00,0x80,0x03,0x00,0xec,0x0f,0x00,
    0x02,0x78,0x07,0x00,0x08,0x00,0x00,0x00,0x00,0x0f,0x00,0x00,
    0x00,0xca,0x0f,0x00,0x12,0x78,0x0a,0x06,0x03,0x00,0x00,0x00,
    0x07,0xec,0x8e,0x07,0x00,0xe2,0x0f,0x00,0x47,0x79,0x1c,0x00,
    0x00,0x00,0x00,0x00,0x00,0x00,0x80,0x03,0x00,0xec,0x0f,0x00,
    0x02,0x78,0x07,0x00,0x08,0x00,0x00,0x00,0x00,0x0f,0x00,0x00,
    0x00,0xca,0x0f,0x00,0x12,0x78,0x0a,0x06,0x02,0x00,0x00,0x00,
    0x07,0xec,0x8e,0x07,0x00,0xe2,0x0f,0x00,0x47,0x79,0x10,0x00,
    0x00,0x00,0x00,0x00,0x00,0x00,0x80,0x03,0x00,0xec,0x0f,0x00,
    0x02,0x78,0x07,0x00,0x08,0x00,0x00,0x00,0x00,0x0f,0x00,0x00,
    0x00,0xca,0x0f,0x00,0x12,0x78,0x0a,0x06,0x01,0x00,0x00,0x00,
    0x07,0xec,0x8e,0x07,0x00,0xe2,0x0f,0x00,0x47,0x79,0x04,0x00,
    0x00,0x00,0x00,0x00,0x00,0x00,0x80,0x03,0x00,0xec,0x0f,0x00,
    0x12,0x78,0x0a,0x06,0x08,0x00,0x00,0x00,0xff,0xc0,0x8e,0x07,
    0x00,0xce,0x0f,0x00,0x18,0x79,0x00,0x00,0x00,0x00,0x00,0x00,
    0x00,0x00,0x00,0x00,0x00,0xe2,0x0f,0x00,0x41,0x79,0x00,0x00,
    0x00,0x00,0x00,0x00,0x00,0x02,0x80,0x03,0x00,0xea,0x0f,0x00,
    0x35,0x78,0x06,0x17,0x0c,0x00,0x00,0x00,0x00,0x00,0x8e,0x07,
    0x00,0xe2,0x1f,0x00,0x83,0x79,0x0b,0x01,0x00,0x20,0x00,0x00,
    0x00,0x08,0x10,0x00,0x00,0xa8,0x0e,0x00,0x0c,0x7c,0x00,0x06,
    0x05,0x00,0x00,0x00,0x70,0x62,0xf2,0x0b,0x00,0xda,0x0f,0x00,
    0x81,0x99,0x07,0x04,0x06,0x18,0x00,0x00,0x00,0x95,0x1e,0x0c,
    0x00,0xe2,0x0e,0x00,0x24,0x78,0x0a,0x0a,0x00,0x00,0x01,0x00,
    0xff,0x00,0x8e,0x07,0x00,0xe2,0x0f,0x00,0x02,0x72,0x06,0x00,
    0xff,0x00,0x00,0x00,0x00,0x0f,0x00,0x00,0x00,0xe2,0x0f,0x00,
    0x45,0x79,0x00,0x00,0xa0,0x02,0x00,0x00,0x00,0x02,0x80,0x03,
    0x00,0xe6,0x0f,0x00,0x12,0x72,0x0a,0x0b,0x0a,0x00,0x00,0x00,
    0xff,0xfc,0x8e,0x07,0x00,0xca,0x4f,0x00,0x87,0x73,0x00,0x01,
    0x0a,0x20,0x00,0x00,0x00,0x08,0x10,0x00,0x00,0xe2,0x01,0x00,
    0x30,0x92,0x06,0xff,0x07,0x00,0x00,0x20,0x00,0x41,0x00,0x00,
    0x00,0xca,0x8f,0x00,0x0b,0x72,0x00,0x06,0xff,0x00,0x00,0x00,
    0x00,0xd0,0xf2,0x03,0x00,0xe2,0x0f,0x00,0x02,0x72,0x07,0x00,
    0xff,0x00,0x00,0x00,0x00,0x0f,0x00,0x00,0x00,0xd8,0x0f,0x00,
    0x47,0x99,0x88,0x00,0x00,0x00,0x00,0x00,0x00,0x00,0x80,0x03,
    0x00,0xea,0x0f,0x00,0x0b,0x78,0x00,0x06,0x00,0x00,0x80,0x3e,
    0x00,0xe2,0xf2,0x03,0x00,0xe2,0x0f,0x00,0x19,0x78,0x0a,0xff,
    0x1c,0x00,0x00,0x00,0x06,0x16,0x01,0x00,0x00,0xd8,0x1f,0x00,
    0x47,0x99,0x78,0x00,0x00,0x00,0x00,0x00,0x00,0x00,0x80,0x03,
    0x00,0xea,0x0f,0x00,0x0b,0x78,0x00,0x06,0x00,0x00,0x40,0x3f,
    0x00,0xe2,0xf2,0x03,0x00,0xda,0x0f,0x00,0x47,0x99,0x64,0x00,
    0x00,0x00,0x00,0x00,0x00,0x00,0x80,0x03,0x00,0xea,0x0f,0x00,
    0x0b,0x78,0x00,0x06,0x00,0x00,0xa0,0x3f,0x00,0xe2,0xf2,0x03,
    0x00,0xda,0x0f,0x00,0x47,0x99,0x50,0x00,0x00,0x00,0x00,0x00,
    0x00,0x00,0x80,0x03,0x00,0xea,0x0f,0x00,0x0b,0x78,0x00,0x06,
    0x00,0x00,0xe0,0x3f,0x00,0xe2,0xf2,0x03,0x00,0xda,0x0f,0x00,
    0x47,0x99,0x3c,0x00,0x00,0x00,0x00,0x00,0x00,0x00,0x80,0x03,
    0x00,0xea,0x0f,0x00,0x0b,0x78,0x00,0x06,0x00,0x00,0x20,0x40,
    0x00,0xe2,0xf2,0x03,0x00,0xda,0x0f,0x00,0x47,0x99,0x28,0x00,
    0x00,0x00,0x00,0x00,0x00,0x00,0x80,0x03,0x00,0xea,0x0f,0x00,
    0x0b,0x78,0x00,0x06,0x00,0x00,0x60,0x40,0x00,0xe2,0xf2,0x03,
    0x00,0xda,0x0f,0x00,0x47,0x99,0x14,0x00,0x00,0x00,0x00,0x00,
    0x00,0x00,0x80,0x03,0x00,0xea,0x0f,0x00,0x0b,0x78,0x00,0x06,
    0x00,0x00,0xa0,0x40,0x00,0xe2,0xf2,0x03,0x00,0xe2,0x0f,0x00,
    0x02,0x78,0x0b,0x00,0x08,0x00,0x00,0x00,0x00,0x0f,0x00,0x00,
    0x00,0xd8,0x0f,0x00,0x12,0x18,0x07,0x0a,0x07,0x00,0x00,0x00,
    0xff,0xfc,0x8e,0x07,0x00,0xe4,0x0f,0x04,0x12,0x98,0x07,0x0a,
    0x06,0x00,0x00,0x00,0x0b,0xec,0x8e,0x07,0x00,0xe2,0x0f,0x00,
    0x47,0x79,0x40,0x00,0x00,0x00,0x00,0x00,0x00,0x00,0x80,0x03,
    0x00,0xec,0x0f,0x00,0x02,0x78,0x07,0x00,0x08,0x00,0x00,0x00,
    0x00,0x0f,0x00,0x00,0x00,0xca,0x0f,0x00,0x12,0x78,0x07,0x0a,
    0x05,0x00,0x00,0x00,0x07,0xec,0x8e,0x07,0x00,0xe2,0x0f,0x00,
    0x47,0x79,0x34,0x00,0x00,0x00,0x00,0x00,0x00,0x00,0x80,0x03,
    0x00,0xec,0x0f,0x00,0x02,0x78,0x07,0x00,0x08,0x00,0x00,0x00,
    0x00,0x0f,0x00,0x00,0x00,0xca,0x0f,0x00,0x12,0x78,0x07,0x0a,
    0x04,0x00,0x00,0x00,0x07,0xec,0x8e,0x07,0x00,0xe2,0x0f,0x00,
    0x47,0x79,0x28,0x00,0x00,0x00,0x00,0x00,0x00,0x00,0x80,0x03,
    0x00,0xec,0x0f,0x00,0x02,0x78,0x07,0x00,0x08,0x00,0x00,0x00,
    0x00,0x0f,0x00,0x00,0x00,0xca,0x0f,0x00,0x12,0x78,0x07,0x0a,
    0x03,0x00,0x00,0x00,0x07,0xec,0x8e,0x07,0x00,0xe2,0x0f,0x00,
    0x47,0x79,0x1c,0x00,0x00,0x00,0x00,0x00,0x00,0x00,0x80,0x03,
    0x00,0xec,0x0f,0x00,0x02,0x78,0x07,0x00,0x08,0x00,0x00,0x00,
    0x00,0x0f,0x00,0x00,0x00,0xca,0x0f,0x00,0x12,0x78,0x07,0x0a,
    0x02,0x00,0x00,0x00,0x07,0xec,0x8e,0x07,0x00,0xe2,0x0f,0x00,
    0x47,0x79,0x10,0x00,0x00,0x00,0x00,0x00,0x00,0x00,0x80,0x03,
    0x00,0xec,0x0f,0x00,0x02,0x78,0x07,0x00,0x08,0x00,0x00,0x00,
    0x00,0x0f,0x00,0x00,0x00,0xca,0x0f,0x00,0x12,0x78,0x07,0x0a,
    0x01,0x00,0x00,0x00,0x07,0xec,0x8e,0x07,0x00,0xe2,0x0f,0x00,
    0x47,0x79,0x04,0x00,0x00,0x00,0x00,0x00,0x00,0x00,0x80,0x03,
    0x00,0xec,0x0f,0x00,0x12,0x78,0x07,0x0a,0x08,0x00,0x00,0x00,
    0xff,0xc0,0x8e,0x07,0x00,0xce,0x0f,0x00,0x18,0x79,0x00,0x00,
    0x00,0x00,0x00,0x00,0x00,0x00,0x00,0x00,0x00,0xe2,0x0f,0x00,
    0x41,0x79,0x00,0x00,0x00,0x00,0x00,0x00,0x00,0x02,0x80,0x03,
    0x00,0xea,0x0f,0x00,0x35,0x78,0x06,0x17,0x05,0x00,0x00,0x00,
    0x00,0x00,0x8e,0x07,0x00,0xca,0x0f,0x00,0x0c,0x7c,0x00,0x06,
    0x05,0x00,0x00,0x00,0x70,0x62,0xf2,0x0b,0x00,0xe4,0x0f,0x00,
    0x83,0x79,0x06,0x01,0x00,0x24,0x00,0x00,0x00,0x08,0x10,0x00,
    0x00,0xb6,0x0e,0x00,0x81,0x99,0x0a,0x04,0x06,0x0a,0x00,0x00,
    0x00,0x95,0x1e,0x0c,0x00,0xe2,0x1e,0x00,0x24,0x78,0x07,0x07,
    0x00,0x00,0x01,0x00,0xff,0x00,0x8e,0x07,0x00,0xe2,0x0f,0x00,
    0x45,0x79,0x00,0x00,0xb0,0x02,0x00,0x00,0x00,0x02,0x80,0x03,
    0x00,0xe8,0x0f,0x00,0x12,0x72,0x06,0x06,0x07,0x00,0x00,0x00,
    0xff,0xfc,0x8e,0x07,0x00,0xe2,0x4f,0x00,0x02,0x72,0x07,0x00,
    0xff,0x00,0x00,0x00,0x00,0x0f,0x00,0x00,0x00,0xc8,0x0f,0x00,
    0x87,0x73,0x00,0x01,0x06,0x24,0x00,0x00,0x00,0x08,0x10,0x00,
    0x00,0xe2,0x01,0x00,0x30,0x92,0x07,0xff,0x0a,0x00,0x00,0x20,
    0x00,0x41,0x00,0x00,0x00,0xe2,0x8f,0x00,0x02,0x72,0x0a,0x00,
    0xff,0x00,0x00,0x00,0x00,0x0f,0x00,0x00,0x00,0xc8,0x0f,0x00,
    0x0b,0x72,0x00,0x07,0xff,0x00,0x00,0x00,0x00,0xd0,0xf2,0x03,
    0x00,0xda,0x0f,0x00,0x47,0x99,0x88,0x00,0x00,0x00,0x00,0x00,
    0x00,0x00,0x80,0x03,0x00,0xea,0x0f,0x00,0x0b,0x78,0x00,0x07,
    0x00,0x00,0x80,0x3e,0x00,0xe2,0xf2,0x03,0x00,0xe2,0x0f,0x00,
    0x19,0x78,0x06,0xff,0x1c,0x00,0x00,0x00,0x07,0x16,0x01,0x00,
    0x00,0xd8,0x1f,0x00,0x47,0x99,0x78,0x00,0x00,0x00,0x00,0x00,
    0x00,0x00,0x80,0x03,0x00,0xea,0x0f,0x00,0x0b,0x78,0x00,0x07,
    0x00,0x00,0x40,0x3f,0x00,0xe2,0xf2,0x03,0x00,0xda,0x0f,0x00,
    0x47,0x99,0x64,0x00,0x00,0x00,0x00,0x00,0x00,0x00,0x80,0x03,
    0x00,0xea,0x0f,0x00,0x0b,0x78,0x00,0x07,0x00,0x00,0xa0,0x3f,
    0x00,0xe2,0xf2,0x03,0x00,0xda,0x0f,0x00,0x47,0x99,0x50,0x00,
    0x00,0x00,0x00,0x00,0x00,0x00,0x80,0x03,0x00,0xea,0x0f,0x00,
    0x0b,0x78,0x00,0x07,0x00,0x00,0xe0,0x3f,0x00,0xe2,0xf2,0x03,
    0x00,0xda,0x0f,0x00,0x47,0x99,0x3c,0x00,0x00,0x00,0x00,0x00,
    0x00,0x00,0x80,0x03,0x00,0xea,0x0f,0x00,0x0b,0x78,0x00,0x07,
    0x00,0x00,0x20,0x40,0x00,0xe2,0xf2,0x03,0x00,0xda,0x0f,0x00,
    0x47,0x99,0x28,0x00,0x00,0x00,0x00,0x00,0x00,0x00,0x80,0x03,
    0x00,0xea,0x0f,0x00,0x0b,0x78,0x00,0x07,0x00,0x00,0x60,0x40,
    0x00,0xe2,0xf2,0x03,0x00,0xda,0x0f,0x00,0x47,0x99,0x14,0x00,
    0x00,0x00,0x00,0x00,0x00,0x00,0x80,0x03,0x00,0xea,0x0f,0x00,
    0x0b,0x78,0x00,0x07,0x00,0x00,0xa0,0x40,0x00,0xe2,0xf2,0x03,
    0x00,0xe2,0x0f,0x00,0x02,0x78,0x07,0x00,0x08,0x00,0x00,0x00,
    0x00,0x0f,0x00,0x00,0x00,0xd8,0x0f,0x00,0x12,0x18,0x0a,0x06,
    0x07,0x00,0x00,0x00,0xff,0xfc,0x8e,0x07,0x00,0xe4,0x0f,0x04,
    0x12,0x98,0x0a,0x06,0x06,0x00,0x00,0x00,0x07,0xec,0x8e,0x07,
    0x00,0xe2,0x0f,0x00,0x47,0x79,0x40,0x00,0x00,0x00,0x00,0x00,
    0x00,0x00,0x80,0x03,0x00,0xec,0x0f,0x00,0x02,0x78,0x07,0x00,
    0x08,0x00,0x00,0x00,0x00,0x0f,0x00,0x00,0x00,0xca,0x0f,0x00,
    0x12,0x78,0x0a,0x06,0x05,0x00,0x00,0x00,0x07,0xec,0x8e,0x07,
    0x00,0xe2,0x0f,0x00,0x47,0x79,0x34,0x00,0x00,0x00,0x00,0x00,
    0x00,0x00,0x80,0x03,0x00,0xec,0x0f,0x00,0x02,0x78,0x07,0x00,
    0x08,0x00,0x00,0x00,0x00,0x0f,0x00,0x00,0x00,0xca,0x0f,0x00,
    0x12,0x78,0x0a,0x06,0x04,0x00,0x00,0x00,0x07,0xec,0x8e,0x07,
    0x00,0xe2,0x0f,0x00,0x47,0x79,0x28,0x00,0x00,0x00,0x00,0x00,
    0x00,0x00,0x80,0x03,0x00,0xec,0x0f,0x00,0x02,0x78,0x07,0x00,
    0x08,0x00,0x00,0x00,0x00,0x0f,0x00,0x00,0x00,0xca,0x0f,0x00,
    0x12,0x78,0x0a,0x06,0x03,0x00,0x00,0x00,0x07,0xec,0x8e,0x07,
    0x00,0xe2,0x0f,0x00,0x47,0x79,0x1c,0x00,0x00,0x00,0x00,0x00,
    0x00,0x00,0x80,0x03,0x00,0xec,0x0f,0x00,0x02,0x78,0x07,0x00,
    0x08,0x00,0x00,0x00,0x00,0x0f,0x00,0x00,0x00,0xca,0x0f,0x00,
    0x12,0x78,0x0a,0x06,0x02,0x00,0x00,0x00,0x07,0xec,0x8e,0x07,
    0x00,0xe2,0x0f,0x00,0x47,0x79,0x10,0x00,0x00,0x00,0x00,0x00,
    0x00,0x00,0x80,0x03,0x00,0xec,0x0f,0x00,0x02,0x78,0x07,0x00,
    0x08,0x00,0x00,0x00,0x00,0x0f,0x00,0x00,0x00,0xca,0x0f,0x00,
    0x12,0x78,0x0a,0x06,0x01,0x00,0x00,0x00,0x07,0xec,0x8e,0x07,
    0x00,0xe2,0x0f,0x00,0x47,0x79,0x04,0x00,0x00,0x00,0x00,0x00,
    0x00,0x00,0x80,0x03,0x00,0xec,0x0f,0x00,0x12,0x78,0x0a,0x06,
    0x08,0x00,0x00,0x00,0xff,0xc0,0x8e,0x07,0x00,0xce,0x0f,0x00,
    0x18,0x79,0x00,0x00,0x00,0x00,0x00,0x00,0x00,0x00,0x00,0x00,
    0x00,0xe2,0x0f,0x00,0x41,0x79,0x00,0x00,0x00,0x00,0x00,0x00,
    0x00,0x02,0x80,0x03,0x00,0xea,0x0f,0x00,0x35,0x78,0x06,0x17,
    0x0d,0x00,0x00,0x00,0x00,0x00,0x8e,0x07,0x00,0xe2,0x1f,0x00,
    0x83,0x79,0x0b,0x01,0x00,0x20,0x00,0x00,0x00,0x08,0x10,0x00,
    0x00,0xa8,0x0e,0x00,0x0c,0x7c,0x00,0x06,0x05,0x00,0x00,0x00,
    0x70,0x62,0xf2,0x0b,0x00,0xda,0x0f,0x00,0x81,0x99,0x07,0x04,
    0x06,0x1a,0x00,0x00,0x00,0x95,0x1e,0x0c,0x00,0xe2,0x0e,0x00,
    0x24,0x78,0x0a,0x0a,0x00,0x00,0x10,0x00,0xff,0x00,0x8e,0x07,
    0x00,0xe2,0x0f,0x00,0x02,0x72,0x06,0x00,0xff,0x00,0x00,0x00,
    0x00,0x0f,0x00,0x00,0x00,0xe2,0x0f,0x00,0x45,0x79,0x00,0x00,
    0xa0,0x02,0x00,0x00,0x00,0x02,0x80,0x03,0x00,0xe6,0x0f,0x00,
    0x12,0x72,0x0a,0x0b,0x0a,0x00,0x00,0x00,0xff,0xfc,0x8e,0x07,
    0x00,0xca,0x4f,0x00,0x87,0x73,0x00,0x01,0x0a,0x20,0x00,0x00,
    0x00,0x08,0x10,0x00,0x00,0xe2,0x01,0x00,0x30,0x92,0x06,0xff,
    0x07,0x00,0x00,0x20,0x00,0x41,0x00,0x00,0x00,0xca,0x8f,0x00,
    0x0b,0x72,0x00,0x06,0xff,0x00,0x00,0x00,0x00,0xd0,0xf2,0x03,
    0x00,0xe2,0x0f,0x00,0x02,0x72,0x07,0x00,0xff,0x00,0x00,0x00,
    0x00,0x0f,0x00,0x00,0x00,0xd8,0x0f,0x00,0x47,0x99,0x88,0x00,
    0x00,0x00,0x00,0x00,0x00,0x00,0x80,0x03,0x00,0xea,0x0f,0x00,
    0x0b,0x78,0x00,0x06,0x00,0x00,0x80,0x3e,0x00,0xe2,0xf2,0x03,
    0x00,0xe2,0x0f,0x00,0x19,0x78,0x0a,0xff,0x1c,0x00,0x00,0x00,
    0x06,0x16,0x01,0x00,0x00,0xd8,0x1f,0x00,0x47,0x99,0x78,0x00,
    0x00,0x00,0x00,0x00,0x00,0x00,0x80,0x03,0x00,0xea,0x0f,0x00,
    0x0b,0x78,0x00,0x06,0x00,0x00,0x40,0x3f,0x00,0xe2,0xf2,0x03,
    0x00,0xda,0x0f,0x00,0x47,0x99,0x64,0x00,0x00,0x00,0x00,0x00,
    0x00,0x00,0x80,0x03,0x00,0xea,0x0f,0x00,0x0b,0x78,0x00,0x06,
    0x00,0x00,0xa0,0x3f,0x00,0xe2,0xf2,0x03,0x00,0xda,0x0f,0x00,
    0x47,0x99,0x50,0x00,0x00,0x00,0x00,0x00,0x00,0x00,0x80,0x03,
    0x00,0xea,0x0f,0x00,0x0b,0x78,0x00,0x06,0x00,0x00,0xe0,0x3f,
    0x00,0xe2,0xf2,0x03,0x00,0xda,0x0f,0x00,0x47,0x99,0x3c,0x00,
    0x00,0x00,0x00,0x00,0x00,0x00,0x80,0x03,0x00,0xea,0x0f,0x00,
    0x0b,0x78,0x00,0x06,0x00,0x00,0x20,0x40,0x00,0xe2,0xf2,0x03,
    0x00,0xda,0x0f,0x00,0x47,0x99,0x28,0x00,0x00,0x00,0x00,0x00,
    0x00,0x00,0x80,0x03,0x00,0xea,0x0f,0x00,0x0b,0x78,0x00,0x06,
    0x00,0x00,0x60,0x40,0x00,0xe2,0xf2,0x03,0x00,0xda,0x0f,0x00,
    0x47,0x99,0x14,0x00,0x00,0x00,0x00,0x00,0x00,0x00,0x80,0x03,
    0x00,0xea,0x0f,0x00,0x0b,0x78,0x00,0x06,0x00,0x00,0xa0,0x40,
    0x00,0xe2,0xf2,0x03,0x00,0xe2,0x0f,0x00,0x02,0x78,0x0b,0x00,
    0x08,0x00,0x00,0x00,0x00,0x0f,0x00,0x00,0x00,0xd8,0x0f,0x00,
    0x12,0x18,0x07,0x0a,0x07,0x00,0x00,0x00,0xff,0xfc,0x8e,0x07,
    0x00,0xe4,0x0f,0x04,0x12,0x98,0x07,0x0a,0x06,0x00,0x00,0x00,
    0x0b,0xec,0x8e,0x07,0x00,0xe2,0x0f,0x00,0x47,0x79,0x40,0x00,
    0x00,0x00,0x00,0x00,0x00,0x00,0x80,0x03,0x00,0xec,0x0f,0x00,
    0x02,0x78,0x07,0x00,0x08,0x00,0x00,0x00,0x00,0x0f,0x00,0x00,
    0x00,0xca,0x0f,0x00,0x12,0x78,0x07,0x0a,0x05,0x00,0x00,0x00,
    0x07,0xec,0x8e,0x07,0x00,0xe2,0x0f,0x00,0x47,0x79,0x34,0x00,
    0x00,0x00,0x00,0x00,0x00,0x00,0x80,0x03,0x00,0xec,0x0f,0x00,
    0x02,0x78,0x07,0x00,0x08,0x00,0x00,0x00,0x00,0x0f,0x00,0x00,
    0x00,0xca,0x0f,0x00,0x12,0x78,0x07,0x0a,0x04,0x00,0x00,0x00,
    0x07,0xec,0x8e,0x07,0x00,0xe2,0x0f,0x00,0x47,0x79,0x28,0x00,
    0x00,0x00,0x00,0x00,0x00,0x00,0x80,0x03,0x00,0xec,0x0f,0x00,
    0x02,0x78,0x07,0x00,0x08,0x00,0x00,0x00,0x00,0x0f,0x00,0x00,
    0x00,0xca,0x0f,0x00,0x12,0x78,0x07,0x0a,0x03,0x00,0x00,0x00,
    0x07,0xec,0x8e,0x07,0x00,0xe2,0x0f,0x00,0x47,0x79,0x1c,0x00,
    0x00,0x00,0x00,0x00,0x00,0x00,0x80,0x03,0x00,0xec,0x0f,0x00,
    0x02,0x78,0x07,0x00,0x08,0x00,0x00,0x00,0x00,0x0f,0x00,0x00,
    0x00,0xca,0x0f,0x00,0x12,0x78,0x07,0x0a,0x02,0x00,0x00,0x00,
    0x07,0xec,0x8e,0x07,0x00,0xe2,0x0f,0x00,0x47,0x79,0x10,0x00,
    0x00,0x00,0x00,0x00,0x00,0x00,0x80,0x03,0x00,0xec,0x0f,0x00,
    0x02,0x78,0x07,0x00,0x08,0x00,0x00,0x00,0x00,0x0f,0x00,0x00,
    0x00,0xca,0x0f,0x00,0x12,0x78,0x07,0x0a,0x01,0x00,0x00,0x00,
    0x07,0xec,0x8e,0x07,0x00,0xe2,0x0f,0x00,0x47,0x79,0x04,0x00,
    0x00,0x00,0x00,0x00,0x00,0x00,0x80,0x03,0x00,0xec,0x0f,0x00,
    0x12,0x78,0x07,0x0a,0x08,0x00,0x00,0x00,0xff,0xc0,0x8e,0x07,
    0x00,0xce,0x0f,0x00,0x18,0x79,0x00,0x00,0x00,0x00,0x00,0x00,
    0x00,0x00,0x00,0x00,0x00,0xe2,0x0f,0x00,0x41,0x79,0x00,0x00,
    0x00,0x00,0x00,0x00,0x00,0x02,0x80,0x03,0x00,0xea,0x0f,0x00,
    0x35,0x78,0x06,0x17,0x06,0x00,0x00,0x00,0x00,0x00,0x8e,0x07,
    0x00,0xca,0x0f,0x00,0x0c,0x7c,0x00,0x06,0x05,0x00,0x00,0x00,
    0x70,0x62,0xf2,0x0b,0x00,0xe4,0x0f,0x00,0x83,0x79,0x06,0x01,
    0x00,0x24,0x00,0x00,0x00,0x08,0x10,0x00,0x00,0xb6,0x0e,0x00,
    0x81,0x99,0x0a,0x04,0x06,0x0c,0x00,0x00,0x00,0x95,0x1e,0x0c,
    0x00,0xe2,0x1e,0x00,0x24,0x78,0x07,0x07,0x00,0x00,0x10,0x00,
    0xff,0x00,0x8e,0x07,0x00,0xe2,0x0f,0x00,0x45,0x79,0x00,0x00,
    0xb0,0x02,0x00,0x00,0x00,0x02,0x80,0x03,0x00,0xe8,0x0f,0x00,
    0x12,0x72,0x06,0x06,0x07,0x00,0x00,0x00,0xff,0xfc,0x8e,0x07,
    0x00,0xe2,0x4f,0x00,0x02,0x72,0x07,0x00,0xff,0x00,0x00,0x00,
    0x00,0x0f,0x00,0x00,0x00,0xc8,0x0f,0x00,0x87,0x73,0x00,0x01,
    0x06,0x24,0x00,0x00,0x00,0x08,0x10,0x00,0x00,0xe2,0x01,0x00,
    0x30,0x92,0x07,0xff,0x0a,0x00,0x00,0x20,0x00,0x41,0x00,0x00,
    0x00,0xe2,0x8f,0x00,0x02,0x72,0x0a,0x00,0xff,0x00,0x00,0x00,
    0x00,0x0f,0x00,0x00,0x00,0xc8,0x0f,0x00,0x0b,0x72,0x00,0x07,
    0xff,0x00,0x00,0x00,0x00,0xd0,0xf2,0x03,0x00,0xda,0x0f,0x00,
    0x47,0x99,0x88,0x00,0x00,0x00,0x00,0x00,0x00,0x00,0x80,0x03,
    0x00,0xea,0x0f,0x00,0x0b,0x78,0x00,0x07,0x00,0x00,0x80,0x3e,
    0x00,0xe2,0xf2,0x03,0x00,0xe2,0x0f,0x00,0x19,0x78,0x06,0xff,
    0x1c,0x00,0x00,0x00,0x07,0x16,0x01,0x00,0x00,0xd8,0x1f,0x00,
    0x47,0x99,0x78,0x00,0x00,0x00,0x00,0x00,0x00,0x00,0x80,0x03,
    0x00,0xea,0x0f,0x00,0x0b,0x78,0x00,0x07,0x00,0x00,0x40,0x3f,
    0x00,0xe2,0xf2,0x03,0x00,0xda,0x0f,0x00,0x47,0x99,0x64,0x00,
    0x00,0x00,0x00,0x00,0x00,0x00,0x80,0x03,0x00,0xea,0x0f,0x00,
    0x0b,0x78,0x00,0x07,0x00,0x00,0xa0,0x3f,0x00,0xe2,0xf2,0x03,
    0x00,0xda,0x0f,0x00,0x47,0x99,0x50,0x00,0x00,0x00,0x00,0x00,
    0x00,0x00,0x80,0x03,0x00,0xea,0x0f,0x00,0x0b,0x78,0x00,0x07,
    0x00,0x00,0xe0,0x3f,0x00,0xe2,0xf2,0x03,0x00,0xda,0x0f,0x00,
    0x47,0x99,0x3c,0x00,0x00,0x00,0x00,0x00,0x00,0x00,0x80,0x03,
    0x00,0xea,0x0f,0x00,0x0b,0x78,0x00,0x07,0x00,0x00,0x20,0x40,
    0x00,0xe2,0xf2,0x03,0x00,0xda,0x0f,0x00,0x47,0x99,0x28,0x00,
    0x00,0x00,0x00,0x00,0x00,0x00,0x80,0x03,0x00,0xea,0x0f,0x00,
    0x0b,0x78,0x00,0x07,0x00,0x00,0x60,0x40,0x00,0xe2,0xf2,0x03,
    0x00,0xda,0x0f,0x00,0x47,0x99,0x14,0x00,0x00,0x00,0x00,0x00,
    0x00,0x00,0x80,0x03,0x00,0xea,0x0f,0x00,0x0b,0x78,0x00,0x07,
    0x00,0x00,0xa0,0x40,0x00,0xe2,0xf2,0x03,0x00,0xe2,0x0f,0x00,
    0x02,0x78,0x07,0x00,0x08,0x00,0x00,0x00,0x00,0x0f,0x00,0x00,
    0x00,0xd8,0x0f,0x00,0x12,0x18,0x0a,0x06,0x07,0x00,0x00,0x00,
    0xff,0xfc,0x8e,0x07,0x00,0xe4,0x0f,0x04,0x12,0x98,0x0a,0x06,
    0x06,0x00,0x00,0x00,0x07,0xec,0x8e,0x07,0x00,0xe2,0x0f,0x00,
    0x47,0x79,0x40,0x00,0x00,0x00,0x00,0x00,0x00,0x00,0x80,0x03,
    0x00,0xec,0x0f,0x00,0x02,0x78,0x07,0x00,0x08,0x00,0x00,0x00,
    0x00,0x0f,0x00,0x00,0x00,0xca,0x0f,0x00,0x12,0x78,0x0a,0x06,
    0x05,0x00,0x00,0x00,0x07,0xec,0x8e,0x07,0x00,0xe2,0x0f,0x00,
    0x47,0x79,0x34,0x00,0x00,0x00,0x00,0x00,0x00,0x00,0x80,0x03,
    0x00,0xec,0x0f,0x00,0x02,0x78,0x07,0x00,0x08,0x00,0x00,0x00,
    0x00,0x0f,0x00,0x00,0x00,0xca,0x0f,0x00,0x12,0x78,0x0a,0x06,
    0x04,0x00,0x00,0x00,0x07,0xec,0x8e,0x07,0x00,0xe2,0x0f,0x00,
    0x47,0x79,0x28,0x00,0x00,0x00,0x00,0x00,0x00,0x00,0x80,0x03,
    0x00,0xec,0x0f,0x00,0x02,0x78,0x07,0x00,0x08,0x00,0x00,0x00,
    0x00,0x0f,0x00,0x00,0x00,0xca,0x0f,0x00,0x12,0x78,0x0a,0x06,
    0x03,0x00,0x00,0x00,0x07,0xec,0x8e,0x07,0x00,0xe2,0x0f,0x00,
    0x47,0x79,0x1c,0x00,0x00,0x00,0x00,0x00,0x00,0x00,0x80,0x03,
    0x00,0xec,0x0f,0x00,0x02,0x78,0x07,0x00,0x08,0x00,0x00,0x00,
    0x00,0x0f,0x00,0x00,0x00,0xca,0x0f,0x00,0x12,0x78,0x0a,0x06,
    0x02,0x00,0x00,0x00,0x07,0xec,0x8e,0x07,0x00,0xe2,0x0f,0x00,
    0x47,0x79,0x10,0x00,0x00,0x00,0x00,0x00,0x00,0x00,0x80,0x03,
    0x00,0xec,0x0f,0x00,0x02,0x78,0x07,0x00,0x08,0x00,0x00,0x00,
    0x00,0x0f,0x00,0x00,0x00,0xca,0x0f,0x00,0x12,0x78,0x0a,0x06,
    0x01,0x00,0x00,0x00,0x07,0xec,0x8e,0x07,0x00,0xe2,0x0f,0x00,
    0x47,0x79,0x04,0x00,0x00,0x00,0x00,0x00,0x00,0x00,0x80,0x03,
    0x00,0xec,0x0f,0x00,0x12,0x78,0x0a,0x06,0x08,0x00,0x00,0x00,
    0xff,0xc0,0x8e,0x07,0x00,0xce,0x0f,0x00,0x18,0x79,0x00,0x00,
    0x00,0x00,0x00,0x00,0x00,0x00,0x00,0x00,0x00,0xe2,0x0f,0x00,
    0x41,0x79,0x00,0x00,0x00,0x00,0x00,0x00,0x00,0x02,0x80,0x03,
    0x00,0xea,0x0f,0x00,0x35,0x78,0x06,0x17,0x0e,0x00,0x00,0x00,
    0x00,0x00,0x8e,0x07,0x00,0xe2,0x1f,0x00,0x83,0x79,0x0b,0x01,
    0x00,0x20,0x00,0x00,0x00,0x08,0x10,0x00,0x00,0xa8,0x0e,0x00,
    0x0c,0x7c,0x00,0x06,0x05,0x00,0x00,0x00,0x70,0x62,0xf2,0x0b,
    0x00,0xda,0x0f,0x00,0x81,0x99,0x07,0x04,0x06,0x1c,0x00,0x00,
    0x00,0x95,0x1e,0x0c,0x00,0xe2,0x0e,0x00,0x24,0x78,0x0a,0x0a,
    0x00,0x00,0x00,0x01,0xff,0x00,0x8e,0x07,0x00,0xe2,0x0f,0x00,
    0x02,0x72,0x06,0x00,0xff,0x00,0x00,0x00,0x00,0x0f,0x00,0x00,
    0x00,0xe2,0x0f,0x00,0x45,0x79,0x00,0x00,0xa0,0x02,0x00,0x00,
    0x00,0x02,0x80,0x03,0x00,0xe6,0x0f,0x00,0x12,0x72,0x0a,0x0b,
    0x0a,0x00,0x00,0x00,0xff,0xfc,0x8e,0x07,0x00,0xca,0x4f,0x00,
    0x87,0x73,0x00,0x01,0x0a,0x20,0x00,0x00,0x00,0x08,0x10,0x00,
    0x00,0xe2,0x01,0x00,0x30,0x92,0x06,0xff,0x07,0x00,0x00,0x20,
    0x00,0x41,0x00,0x00,0x00,0xca,0x8f,0x00,0x0b,0x72,0x00,0x06,
    0xff,0x00,0x00,0x00,0x00,0xd0,0xf2,0x03,0x00,0xe2,0x0f,0x00,
    0x02,0x72,0x07,0x00,0xff,0x00,0x00,0x00,0x00,0x0f,0x00,0x00,
    0x00,0xd8,0x0f,0x00,0x47,0x99,0x88,0x00,0x00,0x00,0x00,0x00,
    0x00,0x00,0x80,0x03,0x00,0xea,0x0f,0x00,0x0b,0x78,0x00,0x06,
    0x00,0x00,0x80,0x3e,0x00,0xe2,0xf2,0x03,0x00,0xe2,0x0f,0x00,
    0x19,0x78,0x0a,0xff,0x1c,0x00,0x00,0x00,0x06,0x16,0x01,0x00,
    0x00,0xd8,0x1f,0x00,0x47,0x99,0x78,0x00,0x00,0x00,0x00,0x00,
    0x00,0x00,0x80,0x03,0x00,0xea,0x0f,0x00,0x0b,0x78,0x00,0x06,
    0x00,0x00,0x40,0x3f,0x00,0xe2,0xf2,0x03,0x00,0xda,0x0f,0x00,
    0x47,0x99,0x64,0x00,0x00,0x00,0x00,0x00,0x00,0x00,0x80,0x03,
    0x00,0xea,0x0f,0x00,0x0b,0x78,0x00,0x06,0x00,0x00,0xa0,0x3f,
    0x00,0xe2,0xf2,0x03,0x00,0xda,0x0f,0x00,0x47,0x99,0x50,0x00,
    0x00,0x00,0x00,0x00,0x00,0x00,0x80,0x03,0x00,0xea,0x0f,0x00,
    0x0b,0x78,0x00,0x06,0x00,0x00,0xe0,0x3f,0x00,0xe2,0xf2,0x03,
    0x00,0xda,0x0f,0x00,0x47,0x99,0x3c,0x00,0x00,0x00,0x00,0x00,
    0x00,0x00,0x80,0x03,0x00,0xea,0x0f,0x00,0x0b,0x78,0x00,0x06,
    0x00,0x00,0x20,0x40,0x00,0xe2,0xf2,0x03,0x00,0xda,0x0f,0x00,
    0x47,0x99,0x28,0x00,0x00,0x00,0x00,0x00,0x00,0x00,0x80,0x03,
    0x00,0xea,0x0f,0x00,0x0b,0x78,0x00,0x06,0x00,0x00,0x60,0x40,
    0x00,0xe2,0xf2,0x03,0x00,0xda,0x0f,0x00,0x47,0x99,0x14,0x00,
    0x00,0x00,0x00,0x00,0x00,0x00,0x80,0x03,0x00,0xea,0x0f,0x00,
    0x0b,0x78,0x00,0x06,0x00,0x00,0xa0,0x40,0x00,0xe2,0xf2,0x03,
    0x00,0xe2,0x0f,0x00,0x02,0x78,0x0b,0x00,0x08,0x00,0x00,0x00,
    0x00,0x0f,0x00,0x00,0x00,0xd8,0x0f,0x00,0x12,0x18,0x07,0x0a,
    0x07,0x00,0x00,0x00,0xff,0xfc,0x8e,0x07,0x00,0xe4,0x0f,0x04,
    0x12,0x98,0x07,0x0a,0x06,0x00,0x00,0x00,0x0b,0xec,0x8e,0x07,
    0x00,0xe2,0x0f,0x00,0x47,0x79,0x40,0x00,0x00,0x00,0x00,0x00,
    0x00,0x00,0x80,0x03,0x00,0xec,0x0f,0x00,0x02,0x78,0x07,0x00,
    0x08,0x00,0x00,0x00,0x00,0x0f,0x00,0x00,0x00,0xca,0x0f,0x00,
    0x12,0x78,0x07,0x0a,0x05,0x00,0x00,0x00,0x07,0xec,0x8e,0x07,
    0x00,0xe2,0x0f,0x00,0x47,0x79,0x34,0x00,0x00,0x00,0x00,0x00,
    0x00,0x00,0x80,0x03,0x00,0xec,0x0f,0x00,0x02,0x78,0x07,0x00,
    0x08,0x00,0x00,0x00,0x00,0x0f,0x00,0x00,0x00,0xca,0x0f,0x00,
    0x12,0x78,0x07,0x0a,0x04,0x00,0x00,0x00,0x07,0xec,0x8e,0x07,
    0x00,0xe2,0x0f,0x00,0x47,0x79,0x28,0x00,0x00,0x00,0x00,0x00,
    0x00,0x00,0x80,0x03,0x00,0xec,0x0f,0x00,0x02,0x78,0x07,0x00,
    0x08,0x00,0x00,0x00,0x00,0x0f,0x00,0x00,0x00,0xca,0x0f,0x00,
    0x12,0x78,0x07,0x0a,0x03,0x00,0x00,0x00,0x07,0xec,0x8e,0x07,
    0x00,0xe2,0x0f,0x00,0x47,0x79,0x1c,0x00,0x00,0x00,0x00,0x00,
    0x00,0x00,0x80,0x03,0x00,0xec,0x0f,0x00,0x02,0x78,0x07,0x00,
    0x08,0x00,0x00,0x00,0x00,0x0f,0x00,0x00,0x00,0xca,0x0f,0x00,
    0x12,0x78,0x07,0x0a,0x02,0x00,0x00,0x00,0x07,0xec,0x8e,0x07,
    0x00,0xe2,0x0f,0x00,0x47,0x79,0x10,0x00,0x00,0x00,0x00,0x00,
    0x00,0x00,0x80,0x03,0x00,0xec,0x0f,0x00,0x02,0x78,0x07,0x00,
    0x08,0x00,0x00,0x00,0x00,0x0f,0x00,0x00,0x00,0xca,0x0f,0x00,
    0x12,0x78,0x07,0x0a,0x01,0x00,0x00,0x00,0x07,0xec,0x8e,0x07,
    0x00,0xe2,0x0f,0x00,0x47,0x79,0x04,0x00,0x00,0x00,0x00,0x00,
    0x00,0x00,0x80,0x03,0x00,0xec,0x0f,0x00,0x12,0x78,0x07,0x0a,
    0x08,0x00,0x00,0x00,0xff,0xc0,0x8e,0x07,0x00,0xce,0x0f,0x00,
    0x18,0x79,0x00,0x00,0x00,0x00,0x00,0x00,0x00,0x00,0x00,0x00,
    0x00,0xe2,0x0f,0x00,0x41,0x79,0x00,0x00,0x00,0x00,0x00,0x00,
    0x00,0x02,0x80,0x03,0x00,0xea,0x0f,0x00,0x35,0x78,0x06,0x17,
    0x07,0x00,0x00,0x00,0x00,0x00,0x8e,0x07,0x00,0xca,0x0f,0x00,
    0x0c,0x7c,0x00,0x06,0x05,0x00,0x00,0x00,0x70,0x62,0xf2,0x0b,
    0x00,0xe4,0x0f,0x00,0x83,0x79,0x06,0x01,0x00,0x24,0x00,0x00,
    0x00,0x08,0x10,0x00,0x00,0xb6,0x0e,0x00,0x81,0x99,0x0a,0x04,
    0x06,0x0e,0x00,0x00,0x00,0x95,0x1e,0x0c,0x00,0xe2,0x1e,0x00,
    0x24,0x78,0x07,0x07,0x00,0x00,0x00,0x01,0xff,0x00,0x8e,0x07,
    0x00,0xe2,0x0f,0x00,0x45,0x79,0x00,0x00,0xb0,0x02,0x00,0x00,
    0x00,0x02,0x80,0x03,0x00,0xe8,0x0f,0x00,0x12,0x72,0x06,0x06,
    0x07,0x00,0x00,0x00,0xff,0xfc,0x8e,0x07,0x00,0xe2,0x4f,0x00,
    0x02,0x72,0x07,0x00,0xff,0x00,0x00,0x00,0x00,0x0f,0x00,0x00,
    0x00,0xc8,0x0f,0x00,0x87,0x73,0x00,0x01,0x06,0x24,0x00,0x00,
    0x00,0x08,0x10,0x00,0x00,0xe2,0x01,0x00,0x30,0x92,0x07,0xff,
    0x0a,0x00,0x00,0x20,0x00,0x41,0x00,0x00,0x00,0xe2,0x8f,0x00,
    0x02,0x72,0x0a,0x00,0xff,0x00,0x00,0x00,0x00,0x0f,0x00,0x00,
    0x00,0xc8,0x0f,0x00,0x0b,0x72,0x00,0x07,0xff,0x00,0x00,0x00,
    0x00,0xd0,0xf2,0x03,0x00,0xda,0x0f,0x00,0x47,0x99,0x88,0x00,
    0x00,0x00,0x00,0x00,0x00,0x00,0x80,0x03,0x00,0xea,0x0f,0x00,
    0x0b,0x78,0x00,0x07,0x00,0x00,0x80,0x3e,0x00,0xe2,0xf2,0x03,
    0x00,0xe2,0x0f,0x00,0x19,0x78,0x06,0xff,0x1c,0x00,0x00,0x00,
    0x07,0x16,0x01,0x00,0x00,0xd8,0x1f,0x00,0x47,0x99,0x78,0x00,
    0x00,0x00,0x00,0x00,0x00,0x00,0x80,0x03,0x00,0xea,0x0f,0x00,
    0x0b,0x78,0x00,0x07,0x00,0x00,0x40,0x3f,0x00,0xe2,0xf2,0x03,
    0x00,0xda,0x0f,0x00,0x47,0x99,0x64,0x00,0x00,0x00,0x00,0x00,
    0x00,0x00,0x80,0x03,0x00,0xea,0x0f,0x00,0x0b,0x78,0x00,0x07,
    0x00,0x00,0xa0,0x3f,0x00,0xe2,0xf2,0x03,0x00,0xda,0x0f,0x00,
    0x47,0x99,0x50,0x00,0x00,0x00,0x00,0x00,0x00,0x00,0x80,0x03,
    0x00,0xea,0x0f,0x00,0x0b,0x78,0x00,0x07,0x00,0x00,0xe0,0x3f,
    0x00,0xe2,0xf2,0x03,0x00,0xda,0x0f,0x00,0x47,0x99,0x3c,0x00,
    0x00,0x00,0x00,0x00,0x00,0x00,0x80,0x03,0x00,0xea,0x0f,0x00,
    0x0b,0x78,0x00,0x07,0x00,0x00,0x20,0x40,0x00,0xe2,0xf2,0x03,
    0x00,0xda,0x0f,0x00,0x47,0x99,0x28,0x00,0x00,0x00,0x00,0x00,
    0x00,0x00,0x80,0x03,0x00,0xea,0x0f,0x00,0x0b,0x78,0x00,0x07,
    0x00,0x00,0x60,0x40,0x00,0xe2,0xf2,0x03,0x00,0xda,0x0f,0x00,
    0x47,0x99,0x14,0x00,0x00,0x00,0x00,0x00,0x00,0x00,0x80,0x03,
    0x00,0xea,0x0f,0x00,0x0b,0x78,0x00,0x07,0x00,0x00,0xa0,0x40,
    0x00,0xe2,0xf2,0x03,0x00,0xe2,0x0f,0x00,0x02,0x78,0x07,0x00,
    0x08,0x00,0x00,0x00,0x00,0x0f,0x00,0x00,0x00,0xd8,0x0f,0x00,
    0x12,0x18,0x0a,0x06,0x07,0x00,0x00,0x00,0xff,0xfc,0x8e,0x07,
    0x00,0xe4,0x0f,0x04,0x12,0x98,0x0a,0x06,0x06,0x00,0x00,0x00,
    0x07,0xec,0x8e,0x07,0x00,0xe2,0x0f,0x00,0x47,0x79,0x40,0x00,
    0x00,0x00,0x00,0x00,0x00,0x00,0x80,0x03,0x00,0xec,0x0f,0x00,
    0x02,0x78,0x07,0x00,0x08,0x00,0x00,0x00,0x00,0x0f,0x00,0x00,
    0x00,0xca,0x0f,0x00,0x12,0x78,0x0a,0x06,0x05,0x00,0x00,0x00,
    0x07,0xec,0x8e,0x07,0x00,0xe2,0x0f,0x00,0x47,0x79,0x34,0x00,
    0x00,0x00,0x00,0x00,0x00,0x00,0x80,0x03,0x00,0xec,0x0f,0x00,
    0x02,0x78,0x07,0x00,0x08,0x00,0x00,0x00,0x00,0x0f,0x00,0x00,
    0x00,0xca,0x0f,0x00,0x12,0x78,0x0a,0x06,0x04,0x00,0x00,0x00,
    0x07,0xec,0x8e,0x07,0x00,0xe2,0x0f,0x00,0x47,0x79,0x28,0x00,
    0x00,0x00,0x00,0x00,0x00,0x00,0x80,0x03,0x00,0xec,0x0f,0x00,
    0x02,0x78,0x07,0x00,0x08,0x00,0x00,0x00,0x00,0x0f,0x00,0x00,
    0x00,0xca,0x0f,0x00,0x12,0x78,0x0a,0x06,0x03,0x00,0x00,0x00,
    0x07,0xec,0x8e,0x07,0x00,0xe2,0x0f,0x00,0x47,0x79,0x1c,0x00,
    0x00,0x00,0x00,0x00,0x00,0x00,0x80,0x03,0x00,0xec,0x0f,0x00,
    0x02,0x78,0x07,0x00,0x08,0x00,0x00,0x00,0x00,0x0f,0x00,0x00,
    0x00,0xca,0x0f,0x00,0x12,0x78,0x0a,0x06,0x02,0x00,0x00,0x00,
    0x07,0xec,0x8e,0x07,0x00,0xe2,0x0f,0x00,0x47,0x79,0x10,0x00,
    0x00,0x00,0x00,0x00,0x00,0x00,0x80,0x03,0x00,0xec,0x0f,0x00,
    0x02,0x78,0x07,0x00,0x08,0x00,0x00,0x00,0x00,0x0f,0x00,0x00,
    0x00,0xca,0x0f,0x00,0x12,0x78,0x0a,0x06,0x01,0x00,0x00,0x00,
    0x07,0xec,0x8e,0x07,0x00,0xe2,0x0f,0x00,0x47,0x79,0x04,0x00,
    0x00,0x00,0x00,0x00,0x00,0x00,0x80,0x03,0x00,0xec,0x0f,0x00,
    0x12,0x78,0x0a,0x06,0x08,0x00,0x00,0x00,0xff,0xc0,0x8e,0x07,
    0x00,0xce,0x0f,0x00,0x18,0x79,0x00,0x00,0x00,0x00,0x00,0x00,
    0x00,0x00,0x00,0x00,0x00,0xe2,0x0f,0x00,0x41,0x79,0x00,0x00,
    0x00,0x00,0x00,0x00,0x00,0x02,0x80,0x03,0x00,0xea,0x0f,0x00,
    0x35,0x78,0x17,0x17,0x0f,0x00,0x00,0x00,0x00,0x00,0x8e,0x07,
    0x00,0xe2,0x0f,0x00,0x83,0x79,0x07,0x01,0x00,0x20,0x00,0x00,
    0x00,0x08,0x10,0x00,0x00,0xa8,0x0e,0x00,0x0c,0x7c,0x00,0x17,
    0x05,0x00,0x00,0x00,0x70,0x62,0xf2,0x0b,0x00,0xda,0x0f,0x00,
    0x81,0x99,0x04,0x04,0x06,0x1e,0x00,0x00,0x00,0x95,0x1e,0x0c,
    0x00,0xe2,0x0e,0x00,0x24,0x78,0x0a,0x0a,0x00,0x00,0x00,0x10,
    0xff,0x00,0x8e,0x07,0x00,0xe2,0x0f,0x00,0x45,0x79,0x00,0x00,
    0xa0,0x02,0x00,0x00,0x00,0x02,0x80,0x03,0x00,0xe8,0x0f,0x00,
    0x12,0x72,0x0a,0x07,0x0a,0x00,0x00,0x00,0xff,0xfc,0x8e,0x07,
    0x00,0xe2,0x4f,0x00,0x05,0x78,0x06,0x00,0x00,0x00,0x00,0x00,
    0x00,0xff,0x01,0x00,0x00,0xc8,0x1f,0x00,0x87,0x73,0x00,0x01,
    0x0a,0x20,0x00,0x00,0x00,0x08,0x10,0x00,0x00,0xe2,0x01,0x00,
    0x30,0x92,0x06,0xff,0x04,0x00,0x00,0x20,0x00,0x41,0x00,0x00,
    0x00,0xca,0x8f,0x00,0x0b,0x72,0x00,0x06,0xff,0x00,0x00,0x00,
    0x00,0xd0,0xf2,0x03,0x00,0xda,0x0f,0x00,0x47,0x99,0x88,0x00,
    0x00,0x00,0x00,0x00,0x00,0x00,0x80,0x03,0x00,0xea,0x0f,0x00,
    0x0b,0x78,0x00,0x06,0x00,0x00,0x80,0x3e,0x00,0xe2,0xf2,0x03,
    0x00,0xe2,0x0f,0x00,0x19,0x78,0x04,0xff,0x1c,0x00,0x00,0x00,
    0x06,0x16,0x01,0x00,0x00,0xd8,0x0f,0x00,0x47,0x99,0x78,0x00,
    0x00,0x00,0x00,0x00,0x00,0x00,0x80,0x03,0x00,0xea,0x0f,0x00,
    0x0b,0x78,0x00,0x06,0x00,0x00,0x40,0x3f,0x00,0xe2,0xf2,0x03,
    0x00,0xda,0x0f,0x00,0x47,0x99,0x64,0x00,0x00,0x00,0x00,0x00,
    0x00,0x00,0x80,0x03,0x00,0xea,0x0f,0x00,0x0b,0x78,0x00,0x06,
    0x00,0x00,0xa0,0x3f,0x00,0xe2,0xf2,0x03,0x00,0xda,0x0f,0x00,
    0x47,0x99,0x50,0x00,0x00,0x00,0x00,0x00,0x00,0x00,0x80,0x03,
    0x00,0xea,0x0f,0x00,0x0b,0x78,0x00,0x06,0x00,0x00,0xe0,0x3f,
    0x00,0xe2,0xf2,0x03,0x00,0xda,0x0f,0x00,0x47,0x99,0x3c,0x00,
    0x00,0x00,0x00,0x00,0x00,0x00,0x80,0x03,0x00,0xea,0x0f,0x00,
    0x0b,0x78,0x00,0x06,0x00,0x00,0x20,0x40,0x00,0xe2,0xf2,0x03,
    0x00,0xda,0x0f,0x00,0x47,0x99,0x28,0x00,0x00,0x00,0x00,0x00,
    0x00,0x00,0x80,0x03,0x00,0xea,0x0f,0x00,0x0b,0x78,0x00,0x06,
    0x00,0x00,0x60,0x40,0x00,0xe2,0xf2,0x03,0x00,0xda,0x0f,0x00,
    0x47,0x99,0x14,0x00,0x00,0x00,0x00,0x00,0x00,0x00,0x80,0x03,
    0x00,0xea,0x0f,0x00,0x0b,0x78,0x00,0x06,0x00,0x00,0xa0,0x40,
    0x00,0xe2,0xf2,0x03,0x00,0xe2,0x0f,0x00,0x02,0x78,0x05,0x00,
    0x08,0x00,0x00,0x00,0x00,0x0f,0x00,0x00,0x00,0xd8,0x0f,0x00,
    0x12,0x18,0x07,0x04,0x07,0x00,0x00,0x00,0xff,0xfc,0x8e,0x07,
    0x00,0xe4,0x0f,0x04,0x12,0x98,0x07,0x04,0x06,0x00,0x00,0x00,
    0x05,0xec,0x8e,0x07,0x00,0xe2,0x0f,0x00,0x47,0x79,0x40,0x00,
    0x00,0x00,0x00,0x00,0x00,0x00,0x80,0x03,0x00,0xec,0x0f,0x00,
    0x02,0x78,0x07,0x00,0x08,0x00,0x00,0x00,0x00,0x0f,0x00,0x00,
    0x00,0xca,0x0f,0x00,0x12,0x78,0x07,0x04,0x05,0x00,0x00,0x00,
    0x07,0xec,0x8e,0x07,0x00,0xe2,0x0f,0x00,0x47,0x79,0x34,0x00,
    0x00,0x00,0x00,0x00,0x00,0x00,0x80,0x03,0x00,0xec,0x0f,0x00,
    0x02,0x78,0x07,0x00,0x08,0x00,0x00,0x00,0x00,0x0f,0x00,0x00,
    0x00,0xca,0x0f,0x00,0x12,0x78,0x07,0x04,0x04,0x00,0x00,0x00,
    0x07,0xec,0x8e,0x07,0x00,0xe2,0x0f,0x00,0x47,0x79,0x28,0x00,
    0x00,0x00,0x00,0x00,0x00,0x00,0x80,0x03,0x00,0xec,0x0f,0x00,
    0x02,0x78,0x07,0x00,0x08,0x00,0x00,0x00,0x00,0x0f,0x00,0x00,
    0x00,0xca,0x0f,0x00,0x12,0x78,0x07,0x04,0x03,0x00,0x00,0x00,
    0x07,0xec,0x8e,0x07,0x00,0xe2,0x0f,0x00,0x47,0x79,0x1c,0x00,
    0x00,0x00,0x00,0x00,0x00,0x00,0x80,0x03,0x00,0xec,0x0f,0x00,
    0x02,0x78,0x07,0x00,0x08,0x00,0x00,0x00,0x00,0x0f,0x00,0x00,
    0x00,0xca,0x0f,0x00,0x12,0x78,0x07,0x04,0x02,0x00,0x00,0x00,
    0x07,0xec,0x8e,0x07,0x00,0xe2,0x0f,0x00,0x47,0x79,0x10,0x00,
    0x00,0x00,0x00,0x00,0x00,0x00,0x80,0x03,0x00,0xec,0x0f,0x00,
    0x02,0x78,0x07,0x00,0x08,0x00,0x00,0x00,0x00,0x0f,0x00,0x00,
    0x00,0xca,0x0f,0x00,0x12,0x78,0x07,0x04,0x01,0x00,0x00,0x00,
    0x07,0xec,0x8e,0x07,0x00,0xe2,0x0f,0x00,0x47,0x79,0x04,0x00,
    0x00,0x00,0x00,0x00,0x00,0x00,0x80,0x03,0x00,0xec,0x0f,0x00,
    0x12,0x78,0x07,0x04,0x08,0x00,0x00,0x00,0xff,0xc0,0x8e,0x07,
    0x00,0xce,0x0f,0x00,0x18,0x79,0x00,0x00,0x00,0x00,0x00,0x00,
    0x00,0x00,0x00,0x00,0x00,0xe2,0x0f,0x00,0x41,0x79,0x00,0x00,
    0x00,0x00,0x00,0x00,0x00,0x02,0x80,0x03,0x00,0xea,0x0f,0x00,
    0x83,0x79,0x1a,0x01,0x00,0x24,0x00,0x00,0x00,0x08,0x10,0x00,
    0x00,0xa2,0x0e,0x00,0x24,0x78,0x07,0x07,0x00,0x00,0x00,0x10,
    0xff,0x00,0x8e,0x07,0x00,0xe4,0x0f,0x00,0x24,0x78,0x17,0x08,
    0x04,0x00,0x00,0x00,0x01,0x02,0x8e,0x07,0x00,0xc6,0x0f,0x00,
    0x12,0x72,0x1a,0x1a,0x07,0x00,0x00,0x00,0xff,0xfc,0x8e,0x07,
    0x00,0xca,0x4f,0x00,0x87,0x73,0x00,0x01,0x1a,0x24,0x00,0x00,
    0x00,0x08,0x10,0x00,0x00,0xe8,0x05,0x00,0x83,0x79,0x04,0x11,
    0x00,0x00,0x00,0x00,0x00,0x08,0x10,0x00,0x00,0xe8,0x0e,0x00,
    0x83,0x79,0x05,0x13,0x00,0x00,0x00,0x00,0x00,0x08,0x10,0x00,
    0x00,0xe8,0x0e,0x00,0x83,0x79,0x06,0x15,0x00,0x00,0x00,0x00,
    0x00,0x08,0x10,0x00,0x00,0xe8,0x0e,0x00,0x83,0x79,0x07,0x01,
    0x00,0x1c,0x00,0x00,0x00,0x08,0x10,0x00,0x00,0xe8,0x0e,0x00,
    0x83,0x79,0x0a,0x01,0x00,0x20,0x00,0x00,0x00,0x08,0x10,0x00,
    0x00,0xe8,0x1e,0x00,0x83,0x79,0x17,0x17,0x00,0x00,0x00,0x00,
    0x00,0x08,0x10,0x00,0x00,0xe8,0x0e,0x00,0x83,0x79,0x0b,0x01,
    0x00,0x24,0x00,0x00,0x00,0x08,0x10,0x00,0x00,0xe2,0x0e,0x00,
    0x02,0x78,0x1c,0x00,0x38,0x38,0x38,0x38,0x00,0x0f,0x00,0x00,
    0x00,0xe2,0x0f,0x00,0x35,0x78,0x08,0x08,0x01,0x00,0x00,0x00,
    0x00,0x00,0x8e,0x07,0x00,0xca,0x0f,0x00,0x0c,0x78,0x00,0x08,
    0x04,0x00,0x00,0x00,0x70,0x50,0xf2,0x03,0x00,0xe2,0x0f,0x00,
    0x7f,0x74,0x04,0x04,0x0a,0x17,0xc0,0x71,0xff,0x3e,0x04,0x00,
    0x00,0xf6,0x8f,0x00,0x90,0xf2,0xff,0xff,0xff,0x00,0x00,0x00,
    0xff,0xe0,0xff,0x0f,0x00,0xf6,0x0f,0x00,0x90,0xf2,0xff,0xff,
    0xff,0x00,0x00,0x00,0xff,0xe0,0xff,0x0f,0x00,0xec,0x0f,0x00,
    0x21,0x72,0x09,0x04,0x09,0x00,0x00,0x00,0x00,0x00,0x00,0x00,
    0x00,0xe2,0x0f,0x00,0x47,0x19,0x18,0x00,0xc0,0xff,0xff,0xff,
    0xff,0xff,0x83,0x03,0x00,0xec,0x0f,0x00,0x0b,0x72,0x00,0x18,
    0xff,0x00,0x00,0x00,0x00,0xd0,0xf2,0x03,0x00,0xe2,0x0f,0x04,
    0x0b,0x78,0x00,0x18,0x00,0x00,0x80,0x3f,0x00,0xd0,0xf4,0x03,
    0x00,0xe2,0x0f,0x00,0x20,0x72,0x18,0x09,0x18,0x00,0x00,0x00,
    0x00,0x00,0x40,0x00,0x00,0xd6,0x0f,0x00,0x08,0x12,0x09,0x18,
    0x09,0x00,0x00,0x00,0x00,0x00,0x00,0x01,0x00,0xe2,0x0f,0x00,
    0x47,0x09,0xa8,0x00,0xbc,0xff,0xff,0xff,0xff,0xff,0x83,0x03,
    0x00,0xec,0x0f,0x00,0x0c,0x72,0x00,0x00,0xff,0x00,0x00,0x00,
    0x70,0x50,0xf0,0x03,0x00,0xda,0x2f,0x00,0x4d,0x09,0x00,0x00,
    0x00,0x00,0x00,0x00,0x00,0x00,0x80,0x03,0x00,0xea,0x4f,0x00,
    0x82,0x7b,0x02,0xff,0x00,0xe4,0x00,0x00,0x00,0x0a,0x00,0x00,
    0x00,0x24,0x0e,0x00,0x25,0x78,0x10,0x10,0x04,0x00,0x00,0x00,
    0x02,0x00,0x8e,0x07,0x00,0xca,0x1f,0x00,0x86,0x79,0x00,0x10,
    0x09,0x00,0x00,0x00,0x06,0x19,0x10,0x0c,0x00,0xe2,0x0f,0x00,
    0x4d,0x79,0x00,0x00,0x00,0x00,0x00,0x00,0x00,0x00,0x80,0x03,
    0x00,0xea,0x0f,0x00,0x47,0x79,0xfc,0x00,0xfc,0xff,0xff,0xff,
    0xff,0xff,0x83,0x03,0x00,0xc0,0x0f,0x00,0x18,0x79,0x00,0x00,
    0x00,0x00,0x00,0x00,0x00,0x00,0x00,0x00,0x00,0xc0,0x0f,0x00,
    0x18,0x79,0x00,0x00,0x00,0x00,0x00,0x00,0x00,0x00,0x00,0x00,
    0x00,0xc0,0x0f,0x00,0x18,0x79,0x00,0x00,0x00,0x00,0x00,0x00,
    0x00,0x00,0x00,0x00,0x00,0xc0,0x0f,0x00,0x18,0x79,0x00,0x00,
    0x00,0x00,0x00,0x00,0x00,0x00,0x00,0x00,0x00,0xc0,0x0f,0x00,
    0x18,0x79,0x00,0x00,0x00,0x00,0x00,0x00,0x00,0x00,0x00,0x00,
    0x00,0xc0,0x0f,0x00,0x18,0x79,0x00,0x00,0x00,0x00,0x00,0x00,
    0x00,0x00,0x00,0x00,0x00,0xc0,0x0f,0x00,0x18,0x79,0x00,0x00,
    0x00,0x00,0x00,0x00,0x00,0x00,0x00,0x00,0x00,0xc0,0x0f,0x00,
    0x18,0x79,0x00,0x00,0x00,0x00,0x00,0x00,0x00,0x00,0x00,0x00,
    0x00,0xc0,0x0f,0x00,0x18,0x79,0x00,0x00,0x00,0x00,0x00,0x00,
    0x00,0x00,0x00,0x00,0x00,0xc0,0x0f,0x00,0x18,0x79,0x00,0x00,
    0x00,0x00,0x00,0x00,0x00,0x00,0x00,0x00,0x00,0xc0,0x0f,0x00,
    0x18,0x79,0x00,0x00,0x00,0x00,0x00,0x00,0x00,0x00,0x00,0x00,
    0x00,0xc0,0x0f,0x00,0x18,0x79,0x00,0x00,0x00,0x00,0x00,0x00,
    0x00,0x00,0x00,0x00,0x00,0xc0,0x0f,0x00,0x18,0x79,0x00,0x00,
    0x00,0x00,0x00,0x00,0x00,0x00,0x00,0x00,0x00,0xc0,0x0f,0x00,
    0x18,0x79,0x00,0x00,0x00,0x00,0x00,0x00,0x00,0x00,0x00,0x00,
    0x00,0xc0,0x0f,0x00,0x82,0x7b,0x01,0xff,0x00,0xdf,0x00,0x00,
    0x00,0x08,0x00,0x00,0x00,0x22,0x0e,0x00,0x19,0x79,0x03,0x00,
    0x00,0x00,0x00,0x00,0x00,0x22,0x00,0x00,0x00,0x6e,0x0e,0x00,
    0xc3,0x79,0x04,0x00,0x00,0x00,0x00,0x00,0x00,0x25,0x00,0x00,
    0x00,0x62,0x0e,0x00,0xac,0x77,0x05,0xff,0x00,0x73,0x00,0x00,
    0x00,0x08,0x00,0x08,0x00,0xa2,0x0e,0x00,0x35,0x78,0x01,0x01,
    0xf0,0xff,0xff,0xff,0x00,0x00,0x8e,0x07,0x00,0xcc,0x1f,0x00,
    0x82,0x7b,0x0c,0xff,0x00,0xd9,0x00,0x00,0x00,0x08,0x00,0x00,
    0x00,0x64,0x0e,0x00,0x24,0x7c,0x0c,0x0c,0x04,0x00,0x00,0x00,
    0x03,0x02,0x8e,0x0f,0x00,0xca,0x2f,0x00,0x0c,0x7c,0x00,0x0c,
    0x05,0x00,0x00,0x00,0x70,0x62,0xf0,0x0b,0x00,0xda,0x4f,0x00,
    0x4d,0x09,0x00,0x00,0x00,0x00,0x00,0x00,0x00,0x00,0x80,0x03,
    0x00,0xea,0x0f,0x00,0xac,0x77,0x04,0xff,0x00,0x74,0x00,0x00,
    0x00,0x08,0x00,0x08,0x00,0x22,0x0e,0x00,0x19,0x79,0x0d,0x00,
    0x00,0x00,0x00,0x00,0x00,0x21,0x00,0x00,0x00,0x62,0x0e,0x00,
    0x02,0x72,0x11,0x00,0xff,0x00,0x00,0x00,0x00,0x0f,0x00,0x00,
    0x00,0xe2,0x0f,0x00,0xac,0x77,0x06,0xff,0x00,0x6b,0x00,0x00,
    0x00,0x0a,0x00,0x08,0x00,0xa2,0x0e,0x00,0x8c,0x78,0x00,0x04,
    0x01,0x00,0x00,0x00,0x70,0x62,0xf0,0x0b,0x00,0xd2,0x1f,0x00,
    0x47,0x75,0xbc,0x08,0x21,0x00,0x00,0x00,0x00,0x00,0x80,0x0b,
    0x00,0xea,0x0f,0x00,0x19,0x78,0x0f,0xff,0x1f,0x00,0x00,0x00,
    0x0c,0x14,0x01,0x00,0x00,0xe2,0x0f,0x00,0x24,0x78,0x0e,0x0d,
    0x08,0x00,0x00,0x00,0xff,0x00,0x8e,0x07,0x00,0xe2,0x2f,0x00,
    0x02,0x72,0x11,0x00,0xff,0x00,0x00,0x00,0x00,0x0f,0x00,0x00,
    0x00,0xe2,0x0f,0x00,0x25,0x7c,0x12,0x0c,0x04,0x00,0x00,0x00,
    0xff,0x00,0x8e,0x0f,0x00,0xe2,0x0f,0x00,0x02,0x72,0x00,0x00,
    0xff,0x00,0x00,0x00,0x00,0x0f,0x00,0x00,0x00,0xe4,0x0f,0x00,
    0x12,0x78,0x0e,0x0e,0x18,0x00,0x00,0x00,0xff,0xc0,0x8e,0x07,
    0x00,0xe2,0x0f,0x00,0x24,0x7c,0x0f,0x0f,0x04,0x00,0x00,0x00,
    0x13,0x02,0x8e,0x0f,0x00,0xce,0x4f,0x00,0x82,0x7b,0x02,0xff,
    0x00,0xe2,0x00,0x00,0x00,0x0a,0x00,0x00,0x00,0x22,0x1e,0x00,
    0x12,0x78,0x15,0x0d,0x03,0x00,0x00,0x00,0xff,0xc0,0x8e,0x07,
    0x00,0xe2,0x0f,0x00,0x24,0x78,0x1b,0x00,0x00,0x01,0x00,0x00,
    0xff,0x00,0x8e,0x07,0x00,0xe2,0x0f,0x00,0x05,0x78,0x18,0x00,
    0x00,0x00,0x00,0x00,0x00,0xff,0x01,0x00,0x00,0xe2,0x0f,0x00,
    0xac,0x77,0x08,0xff,0x80,0x73,0x00,0x00,0x00,0x08,0x00,0x08,
    0x00,0x66,0x0e,0x00,0x12,0x72,0x10,0x1b,0x0e,0x00,0x00,0x00,
    0xff,0xfc,0x8e,0x07,0x00,0xe2,0x0f,0x02,0x82,0x78,0x04,0x00,
    0x20,0x00,0x00,0x00,0x00,0x00,0x00,0x00,0x00,0xe2,0x0f,0x00,
    0x82,0x78,0x05,0x00,0xe0,0xff,0xff,0xff,0x00,0x00,0x00,0x00,
    0x00,0xc6,0x0f,0x00,0x02,0x72,0x04,0x00,0x10,0x00,0x00,0x00,
    0x00,0x0f,0x00,0x00,0x00,0xe2,0x0f,0x00,0x25,0x78,0x02,0x15,
    0x10,0x00,0x00,0x00,0x02,0x00,0x8e,0x07,0x00,0xc8,0x1f,0x00,
    0x25,0x78,0x02,0x00,0x00,0x02,0x00,0x00,0x02,0x00,0x8e,0x07,
    0x00,0xca,0x0f,0x00,0x35,0x78,0x02,0x02,0x40,0x00,0x00,0x00,
    0x00,0x02,0x8e,0x07,0x00,0xd0,0x2f,0x00,0x0c,0x7c,0x00,0x04,
    0x08,0x00,0x00,0x00,0x70,0x62,0xf0,0x0b,0x00,0xda,0x0f,0x00,
    0x81,0x89,0x06,0x02,0x06,0xc0,0xff,0xff,0x00,0x95,0x1e,0x0c,
    0x00,0xa2,0x0e,0x00,0x02,0x72,0x05,0x00,0xff,0x00,0x00,0x00,
    0x00,0x0f,0x00,0x00,0x00,0xe2,0x0f,0x00,0x45,0x79,0x00,0x00,
    0x20,0x02,0x00,0x00,0x00,0x02,0x80,0x03,0x00,0xe2,0x0f,0x00,
    0x30,0x82,0x05,0xff,0x06,0x00,0x00,0x20,0x00,0x41,0x00,0x00,
    0x00,0xe2,0x4f,0x00,0x02,0x72,0x06,0x00,0xff,0x00,0x00,0x00,
    0x00,0x0f,0x00,0x00,0x00,0xc8,0x0f,0x00,0x0b,0x72,0x00,0x05,
    0xff,0x00,0x00,0x00,0x00,0xd0,0xf0,0x03,0x00,0xda,0x0f,0x00,
    0x47,0x89,0x70,0x00,0x00,0x00,0x00,0x00,0x00,0x00,0x80,0x03,
    0x00,0xea,0x0f,0x00,0x0b,0x78,0x00,0x05,0x00,0x00,0x80,0x3e,
    0x00,0xe2,0xf0,0x03,0x00,0xe2,0x0f,0x00,0x19,0x78,0x07,0xff,
    0x1c,0x00,0x00,0x00,0x05,0x16,0x01,0x00,0x00,0xd8,0x0f,0x00,
    0x12,0x88,0x06,0x07,0x08,0x00,0x00,0x00,0xff,0xc0,0x8e,0x07,
    0x00,0xe2,0x0f,0x00,0x47,0x89,0x60,0x00,0x00,0x00,0x00,0x00,
    0x00,0x00,0x80,0x03,0x00,0xec,0x0f,0x00,0x0b,0x78,0x00,0x05,
    0x00,0x00,0x40,0x3f,0x00,0xe2,0xf0,0x03,0x00,0xe2,0x0f,0x00,
    0x02,0x78,0x06,0x00,0x08,0x00,0x00,0x00,0x00,0x0f,0x00,0x00,
    0x00,0xd8,0x0f,0x00,0x12,0x88,0x06,0x07,0x01,0x00,0x00,0x00,
    0x06,0xec,0x8e,0x07,0x00,0xe2,0x0f,0x00,0x47,0x89,0x50,0x00,
    0x00,0x00,0x00,0x00,0x00,0x00,0x80,0x03,0x00,0xec,0x0f,0x00,
    0x0b,0x78,0x00,0x05,0x00,0x00,0xa0,0x3f,0x00,0xe2,0xf0,0x03,
    0x00,0xe2,0x0f,0x00,0x02,0x78,0x06,0x00,0x08,0x00,0x00,0x00,
    0x00,0x0f,0x00,0x00,0x00,0xd8,0x0f,0x00,0x12,0x88,0x06,0x07,
    0x02,0x00,0x00,0x00,0x06,0xec,0x8e,0x07,0x00,0xe2,0x0f,0x00,
    0x47,0x89,0x40,0x00,0x00,0x00,0x00,0x00,0x00,0x00,0x80,0x03,
    0x00,0xec,0x0f,0x00,0x0b,0x78,0x00,0x05,0x00,0x00,0xe0,0x3f,
    0x00,0xe2,0xf0,0x03,0x00,0xe2,0x0f,0x00,0x02,0x78,0x06,0x00,
    0x08,0x00,0x00,0x00,0x00,0x0f,0x00,0x00,0x00,0xd8,0x0f,0x00,
    0x12,0x88,0x06,0x07,0x03,0x00,0x00,0x00,0x06,0xec,0x8e,0x07,
    0x00,0xe2,0x0f,0x00,0x47,0x89,0x30,0x00,0x00,0x00,0x00,0x00,
    0x00,0x00,0x80,0x03,0x00,0xec,0x0f,0x00,0x0b,0x78,0x00,0x05,
    0x00,0x00,0x20,0x40,0x00,0xe2,0xf0,0x03,0x00,0xe2,0x0f,0x00,
    0x02,0x78,0x06,0x00,0x08,0x00,0x00,0x00,0x00,0x0f,0x00,0x00,
    0x00,0xd8,0x0f,0x00,0x12,0x88,0x06,0x07,0x04,0x00,0x00,0x00,
    0x06,0xec,0x8e,0x07,0x00,0xe2,0x0f,0x00,0x47,0x89,0x20,0x00,
    0x00,0x00,0x00,0x00,0x00,0x00,0x80,0x03,0x00,0xec,0x0f,0x00,
    0x0b,0x78,0x00,0x05,0x00,0x00,0x60,0x40,0x00,0xe2,0xf0,0x03,
    0x00,0xe2,0x0f,0x00,0x02,0x78,0x06,0x00,0x08,0x00,0x00,0x00,
    0x00,0x0f,0x00,0x00,0x00,0xd8,0x0f,0x00,0x12,0x88,0x06,0x07,
    0x05,0x00,0x00,0x00,0x06,0xec,0x8e,0x07,0x00,0xe2,0x0f,0x00,
    0x47,0x89,0x10,0x00,0x00,0x00,0x00,0x00,0x00,0x00,0x80,0x03,
    0x00,0xec,0x0f,0x00,0x0b,0x78,0x00,0x05,0x00,0x00,0xa0,0x40,
    0x00,0xe2,0xf0,0x03,0x00,0xe2,0x0f,0x00,0x02,0x78,0x06,0x00,
    0x08,0x00,0x00,0x00,0x00,0x0f,0x00,0x00,0x00,0xd8,0x0f,0x00,
    0x12,0x88,0x06,0x07,0x06,0x00,0x00,0x00,0x06,0xec,0x8e,0x07,
    0x00,0xe4,0x0f,0x04,0x12,0x08,0x06,0x07,0x07,0x00,0x00,0x00,
    0xff,0xfc,0x8e,0x07,0x00,0xce,0x0f,0x00,0x18,0x79,0x00,0x00,
    0x00,0x00,0x00,0x00,0x00,0x00,0x00,0x00,0x00,0xe2,0x0f,0x00,
    0x41,0x79,0x00,0x00,0x00,0x00,0x00,0x00,0x00,0x02,0x80,0x03,
    0x00,0xea,0x0f,0x00,0x35,0x78,0x05,0x04,0x20,0x00,0x00,0x00,
    0x00,0x00,0x8e,0x07,0x00,0xca,0x0f,0x00,0x0c,0x7c,0x00,0x05,
    0x08,0x00,0x00,0x00,0x70,0x62,0xf0,0x0b,0x00,0xda,0x0f,0x00,
    0x81,0x89,0x05,0x02,0x06,0x00,0x00,0x00,0x00,0x95,0x1e,0x0c,
    0x00,0xa2,0x0e,0x00,0x02,0x72,0x07,0x00,0xff,0x00,0x00,0x00,
    0x00,0x0f,0x00,0x00,0x00,0xe2,0x0f,0x00,0x90,0x78,0x09,0x05,
    0x20,0x00,0x00,0x00,0xff,0xe0,0xff,0x0f,0x00,0xe2,0x0f,0x00,
    0x45,0x79,0x00,0x00,0x40,0x02,0x00,0x00,0x00,0x02,0x80,0x03,
    0x00,0xe2,0x0f,0x00,0x30,0x82,0x07,0xff,0x05,0x00,0x00,0x20,
    0x00,0x41,0x00,0x00,0x00,0xc8,0x4f,0x00,0x19,0x7c,0x05,0x06,
    0x09,0x00,0x00,0x00,0xff,0x06,0x00,0x08,0x00,0xe2,0x0f,0x00,
    0x02,0x72,0x06,0x00,0xff,0x00,0x00,0x00,0x00,0x0f,0x00,0x00,
    0x00,0xe2,0x0f,0x00,0x0b,0x72,0x00,0x07,0xff,0x00,0x00,0x00,
    0x00,0xd0,0xf0,0x03,0x00,0xe4,0x0f,0x00,0x12,0x72,0x18,0x05,
    0x18,0x00,0x00,0x00,0xff,0xfc,0x8e,0x07,0x00,0xd6,0x0f,0x00,
    0x47,0x89,0x70,0x00,0x00,0x00,0x00,0x00,0x00,0x00,0x80,0x03,
    0x00,0xea,0x0f,0x00,0x0b,0x78,0x00,0x07,0x00,0x00,0x80,0x3e,
    0x00,0xe2,0xf0,0x03,0x00,0xe2,0x0f,0x00,0x19,0x78,0x05,0xff,
    0x1c,0x00,0x00,0x00,0x07,0x16,0x01,0x00,0x00,0xd8,0x0f,0x00,
    0x12,0x88,0x06,0x05,0x08,0x00,0x00,0x00,0xff,0xc0,0x8e,0x07,
    0x00,0xe2,0x0f,0x00,0x47,0x89,0x60,0x00,0x00,0x00,0x00,0x00,
    0x00,0x00,0x80,0x03,0x00,0xec,0x0f,0x00,0x0b,0x78,0x00,0x07,
    0x00,0x00,0x40,0x3f,0x00,0xe2,0xf0,0x03,0x00,0xe2,0x0f,0x00,
    0x02,0x78,0x06,0x00,0x08,0x00,0x00,0x00,0x00,0x0f,0x00,0x00,
    0x00,0xd8,0x0f,0x00,0x12,0x88,0x06,0x05,0x01,0x00,0x00,0x00,
    0x06,0xec,0x8e,0x07,0x00,0xe2,0x0f,0x00,0x47,0x89,0x50,0x00,
    0x00,0x00,0x00,0x00,0x00,0x00,0x80,0x03,0x00,0xec,0x0f,0x00,
    0x0b,0x78,0x00,0x07,0x00,0x00,0xa0,0x3f,0x00,0xe2,0xf0,0x03,
    0x00,0xe2,0x0f,0x00,0x02,0x78,0x06,0x00,0x08,0x00,0x00,0x00,
    0x00,0x0f,0x00,0x00,0x00,0xd8,0x0f,0x00,0x12,0x88,0x06,0x05,
    0x02,0x00,0x00,0x00,0x06,0xec,0x8e,0x07,0x00,0xe2,0x0f,0x00,
    0x47,0x89,0x40,0x00,0x00,0x00,0x00,0x00,0x00,0x00,0x80,0x03,
    0x00,0xec,0x0f,0x00,0x0b,0x78,0x00,0x07,0x00,0x00,0xe0,0x3f,
    0x00,0xe2,0xf0,0x03,0x00,0xe2,0x0f,0x00,0x02,0x78,0x06,0x00,
    0x08,0x00,0x00,0x00,0x00,0x0f,0x00,0x00,0x00,0xd8,0x0f,0x00,
    0x12,0x88,0x06,0x05,0x03,0x00,0x00,0x00,0x06,0xec,0x8e,0x07,
    0x00,0xe2,0x0f,0x00,0x47,0x89,0x30,0x00,0x00,0x00,0x00,0x00,
    0x00,0x00,0x80,0x03,0x00,0xec,0x0f,0x00,0x0b,0x78,0x00,0x07,
    0x00,0x00,0x20,0x40,0x00,0xe2,0xf0,0x03,0x00,0xe2,0x0f,0x00,
    0x02,0x78,0x06,0x00,0x08,0x00,0x00,0x00,0x00,0x0f,0x00,0x00,
    0x00,0xd8,0x0f,0x00,0x12,0x88,0x06,0x05,0x04,0x00,0x00,0x00,
    0x06,0xec,0x8e,0x07,0x00,0xe2,0x0f,0x00,0x47,0x89,0x20,0x00,
    0x00,0x00,0x00,0x00,0x00,0x00,0x80,0x03,0x00,0xec,0x0f,0x00,
    0x0b,0x78,0x00,0x07,0x00,0x00,0x60,0x40,0x00,0xe2,0xf0,0x03,
    0x00,0xe2,0x0f,0x00,0x02,0x78,0x06,0x00,0x08,0x00,0x00,0x00,
    0x00,0x0f,0x00,0x00,0x00,0xd8,0x0f,0x00,0x12,0x88,0x06,0x05,
    0x05,0x00,0x00,0x00,0x06,0xec,0x8e,0x07,0x00,0xe2,0x0f,0x00,
    0x47,0x89,0x10,0x00,0x00,0x00,0x00,0x00,0x00,0x00,0x80,0x03,
    0x00,0xec,0x0f,0x00,0x0b,0x78,0x00,0x07,0x00,0x00,0xa0,0x40,
    0x00,0xe2,0xf0,0x03,0x00,0xe2,0x0f,0x00,0x02,0x78,0x06,0x00,
    0x08,0x00,0x00,0x00,0x00,0x0f,0x00,0x00,0x00,0xd8,0x0f,0x00,
    0x12,0x88,0x06,0x05,0x06,0x00,0x00,0x00,0x06,0xec,0x8e,0x07,
    0x00,0xe4,0x0f,0x04,0x12,0x08,0x06,0x05,0x07,0x00,0x00,0x00,
    0xff,0xfc,0x8e,0x07,0x00,0xce,0x0f,0x00,0x18,0x79,0x00,0x00,
    0x00,0x00,0x00,0x00,0x00,0x00,0x00,0x00,0x00,0xe2,0x0f,0x00,
    0x41,0x79,0x00,0x00,0x00,0x00,0x00,0x00,0x00,0x02,0x80,0x03,
    0x00,0xea,0x0f,0x00,0x90,0x78,0x04,0x04,0x01,0x00,0x00,0x00,
    0xff,0xe0,0xff,0x0f,0x00,0xe2,0x0f,0x00,0x19,0x7c,0x06,0x06,
    0x09,0x00,0x00,0x00,0xff,0x06,0x00,0x08,0x00,0xe2,0x0f,0x00,
    0x35,0x78,0x02,0x02,0x02,0x00,0x00,0x00,0x00,0x02,0x8e,0x07,
    0x00,0xe4,0x0f,0x00,0x8c,0x78,0x00,0x04,0x28,0x00,0x00,0x00,
    0x70,0x50,0xf0,0x0b,0x00,0xe2,0x0f,0x00,0x12,0x72,0x19,0x06,
    0x19,0x00,0x00,0x00,0xff,0xfc,0x8e,0x07,0x00,0xe2,0x0f,0x00,
    0x90,0x78,0x05,0x05,0x04,0x00,0x00,0x00,0xff,0xe0,0xff,0x0f,
    0x00,0xe2,0x0f,0x00,0x35,0x78,0x04,0x04,0x01,0x00,0x00,0x00,
    0x00,0x00,0x8e,0x07,0x00,0xcc,0x0f,0x00,0x47,0x75,0xa0,0x00,
    0xf9,0xff,0xff,0xff,0xff,0xff,0x83,0x0b,0x00,0xea,0x0f,0x00,
    0x82,0x7b,0x06,0xff,0x00,0xe0,0x00,0x00,0x00,0x0a,0x00,0x00,
    0x00,0x22,0x0e,0x00,0x02,0x72,0x02,0x00,0x00,0x00,0x00,0x00,
    0x00,0x0f,0x00,0x00,0x00,0xe2,0x0f,0x00,0x02,0x72,0x03,0x00,
    0xff,0x00,0x00,0x00,0x00,0x0f,0x00,0x00,0x00,0xe2,0x0f,0x00,
    0x02,0x72,0x04,0x00,0x12,0x00,0x00,0x00,0x00,0x0f,0x00,0x00,
    0x00,0xe2,0x0f,0x00,0x02,0x72,0x05,0x00,0x0f,0x00,0x00,0x00,
    0x00,0x0f,0x00,0x00,0x00,0xe2,0x0f,0x00,0x87,0x73,0x00,0x01,
    0xff,0x00,0x00,0x00,0x00,0x08,0x10,0x00,0x00,0xe2,0x0f,0x00,
    0x02,0x78,0x17,0x00,0x38,0x38,0x38,0x38,0x00,0x0f,0x00,0x00,
    0x00,0xe2,0x0f,0x00,0xac,0x77,0x0a,0xff,0x80,0x73,0x00,0x00,
    0x00,0x08,0x00,0x08,0x00,0x64,0x0e,0x00,0x35,0x72,0x02,0x02,
    0x04,0x00,0x00,0x00,0x00,0x02,0x8e,0x07,0x00,0xe4,0x0f,0x00,
    0x87,0x73,0x00,0x01,0xff,0x04,0x00,0x00,0x00,0x08,0x10,0x00,
    0x00,0xe2,0x0f,0x00,0xac,0x77,0x08,0xff,0x00,0x71,0x00,0x00,
    0x00,0x0a,0x00,0x08,0x00,0xa6,0x0e,0x00,0x24,0x78,0x05,0x03,
    0xa0,0x00,0x00,0x00,0xff,0x02,0x8e,0x07,0x00,0xc4,0x0f,0x00,
    0x25,0x78,0x02,0x02,0xa0,0x00,0x00,0x00,0x06,0x00,0x8e,0x07,
    0x00,0xca,0x1f,0x00,0x35,0x72,0x03,0x03,0x05,0x00,0x00,0x00,
    0x00,0x00,0x8e,0x07,0x00,0xc6,0x0f,0x00,0x25,0x78,0x14,0x15,
    0x04,0x00,0x00,0x00,0x02,0x00,0x8e,0x07,0x00,0xe2,0x0f,0x00,
    0x87,0x73,0x00,0x01,0xff,0x08,0x00,0x00,0x00,0x08,0x10,0x00,
    0x00,0xe8,0x0f,0x00,0x81,0x79,0x08,0x14,0x06,0x10,0x00,0x00,
    0x00,0x99,0x1e,0x0c,0x00,0xe8,0x0e,0x00,0x81,0x79,0x0a,0x14,
    0x06,0x20,0x00,0x00,0x00,0x99,0x1e,0x0c,0x00,0x28,0x0f,0x00,
    0x87,0x73,0x00,0x01,0xff,0x0c,0x00,0x00,0x00,0x08,0x10,0x00,
    0x00,0xe8,0x0f,0x00,0x83,0x79,0x04,0x01,0x00,0x00,0x00,0x00,
    0x00,0x08,0x10,0x00,0x00,0xa8,0x0e,0x00,0x83,0x79,0x05,0x01,
    0x00,0x04,0x00,0x00,0x00,0x08,0x10,0x00,0x00,0xa8,0x0e,0x00,
    0x83,0x79,0x06,0x01,0x00,0x08,0x00,0x00,0x00,0x08,0x10,0x00,
    0x00,0xa8,0x0e,0x00,0x81,0x79,0x16,0x02,0x06,0x00,0x00,0x00,
    0x00,0x99,0x1e,0x0c,0x00,0xa8,0x0e,0x00,0x83,0x79,0x07,0x01,
    0x00,0x0c,0x00,0x00,0x00,0x08,0x10,0x00,0x00,0xa2,0x0e,0x00,
    0x02,0x72,0x09,0x00,0x08,0x00,0x00,0x00,0x00,0x0f,0x00,0x00,
    0x00,0xe2,0x8f,0x00,0x02,0x72,0x0b,0x00,0x0a,0x00,0x00,0x00,
    0x00,0x0f,0x00,0x00,0x00,0xce,0x0f,0x01,0x7f,0x74,0x04,0x08,
    0x18,0x16,0x70,0x71,0x04,0x3e,0x04,0x00,0x00,0xf6,0x4f,0x00,
    0x90,0xf2,0xff,0xff,0xff,0x00,0x00,0x00,0xff,0xe0,0xff,0x0f,
    0x00,0xf6,0x0f,0x00,0x90,0xf2,0xff,0xff,0xff,0x00,0x00,0x00,
    0xff,0xe0,0xff,0x0f,0x00,0xec,0x0f,0x00,0x87,0x73,0x00,0x01,
    0x04,0x00,0x00,0x00,0x00,0x08,0x10,0x00,0x00,0xe8,0x01,0x00,
    0x87,0x73,0x00,0x01,0x05,0x04,0x00,0x00,0x00,0x08,0x10,0x00,
    0x00,0xe8,0x05,0x00,0x87,0x73,0x00,0x01,0x06,0x08,0x00,0x00,
    0x00,0x08,0x10,0x00,0x00,0xe8,0x07,0x00,0x87,0x73,0x00,0x01,
    0x07,0x0c,0x00,0x00,0x00,0x08,0x10,0x00,0x00,0xe8,0x09,0x00,
    0x83,0x79,0x1a,0x01,0x00,0x00,0x00,0x00,0x00,0x08,0x10,0x00,
    0x00,0xe8,0x0e,0x00,0x83,0x79,0x08,0x01,0x00,0x04,0x00,0x00,
    0x00,0x08,0x10,0x00,0x00,0x68,0x01,0x00,0x83,0x79,0x09,0x01,
    0x00,0x08,0x00,0x00,0x00,0x08,0x10,0x00,0x00,0x68,0x03,0x00,
    0x83,0x79,0x0a,0x01,0x00,0x0c,0x00,0x00,0x00,0x08,0x10,0x00,
    0x00,0x62,0x03,0x00,0x02,0x72,0x16,0x00,0x1b,0x00,0x00,0x00,
    0x00,0x0f,0x00,0x00,0x00,0xe2,0x0f,0x00,0x02,0x72,0x17,0x00,
    0xff,0x00,0x00,0x00,0x00,0x0f,0x00,0x00,0x00,0xe2,0x0f,0x00,
    0x02,0x72,0x04,0x00,0x0e,0x00,0x00,0x00,0x00,0x0f,0x00,0x00,
    0x00,0xe2,0x1f,0x00,0x02,0x72,0x05,0x00,0xff,0x00,0x00,0x00,
    0x00,0x0f,0x00,0x00,0x00,0xe2,0x4f,0x00,0x05,0x78,0x18,0x00,
    0x00,0x00,0x00,0x00,0x00,0xff,0x01,0x00,0x00,0xc8,0x0f,0x00,
    0x35,0x72,0x16,0x04,0x16,0x00,0x00,0x00,0x00,0x02,0x8e,0x07,
    0x00,0xe4,0x0f,0x00,0x82,0x7c,0x04,0x00,0xff,0x00,0x00,0x00,
    0x00,0x00,0x00,0x08,0x00,0xe2,0x0f,0x00,0x21,0x72,0x1a,0x1a,
    0x11,0x00,0x00,0x00,0x00,0x00,0x00,0x00,0x00,0xe2,0x8f,0x00,
    0x35,0x78,0x11,0x10,0x40,0x00,0x00,0x00,0x00,0x00,0x8e,0x07,
    0x00,0xce,0x2f,0x01,0x35,0x7c,0x08,0x11,0x04,0x00,0x00,0x00,
    0x00,0x00,0x8e,0x0f,0x00,0xe2,0x0f,0x02,0x82,0x7c,0x05,0x00,
    0xff,0x00,0x00,0x00,0x00,0x00,0x00,0x08,0x00,0xe4,0x0f,0x00,
    0x35,0x7c,0x06,0x16,0x04,0x00,0x00,0x00,0x00,0x02,0x8e,0x0f,
    0x00,0xe4,0x0f,0x00,0x0c,0x7c,0x00,0x08,0x0a,0x00,0x00,0x00,
    0x70,0x62,0xf0,0x0b,0x00,0xc6,0x0f,0x00,0x11,0x7c,0x04,0x06,
    0x08,0x00,0x00,0x00,0xff,0x08,0x82,0x0f,0x00,0xc8,0x0f,0x00,
    0x11,0x7c,0x05,0x06,0x09,0x00,0x00,0x00,0x07,0x0c,0x8f,0x08,
    0x00,0xcc,0x0f,0x00,0x81,0x89,0x07,0x04,0x06,0x80,0x00,0x00,
    0x00,0x95,0x1e,0x0c,0x00,0xa2,0x0e,0x00,0x02,0x72,0x06,0x00,
    0xff,0x00,0x00,0x00,0x00,0x0f,0x00,0x00,0x00,0xe2,0x0f,0x00,
    0x45,0x79,0x00,0x00,0x80,0x02,0x00,0x00,0x00,0x02,0x80,0x03,
    0x00,0xe2,0x0f,0x00,0x30,0x82,0x06,0xff,0x07,0x00,0x00,0x20,
    0x00,0x41,0x00,0x00,0x00,0xe2,0x4f,0x00,0x02,0x72,0x07,0x00,
    0xff,0x00,0x00,0x00,0x00,0x0f,0x00,0x00,0x00,0xc8,0x0f,0x00,
    0x0b,0x72,0x00,0x06,0xff,0x00,0x00,0x00,0x00,0xd0,0xf0,0x03,
    0x00,0xda,0x0f,0x00,0x47,0x89,0x88,0x00,0x00,0x00,0x00,0x00,
    0x00,0x00,0x80,0x03,0x00,0xea,0x0f,0x00,0x0b,0x78,0x00,0x06,
    0x00,0x00,0x80,0x3e,0x00,0xe2,0xf0,0x03,0x00,0xe2,0x0f,0x00,
    0x19,0x78,0x09,0xff,0x1c,0x00,0x00,0x00,0x06,0x16,0x01,0x00,
    0x00,0xd8,0x0f,0x00,0x47,0x89,0x78,0x00,0x00,0x00,0x00,0x00,
    0x00,0x00,0x80,0x03,0x00,0xea,0x0f,0x00,0x0b,0x78,0x00,0x06,
    0x00,0x00,0x40,0x3f,0x00,0xe2,0xf0,0x03,0x00,0xda,0x0f,0x00,
    0x47,0x89,0x64,0x00,0x00,0x00,0x00,0x00,0x00,0x00,0x80,0x03,
    0x00,0xea,0x0f,0x00,0x0b,0x78,0x00,0x06,0x00,0x00,0xa0,0x3f,
    0x00,0xe2,0xf0,0x03,0x00,0xda,0x0f,0x00,0x47,0x89,0x50,0x00,
    0x00,0x00,0x00,0x00,0x00,0x00,0x80,0x03,0x00,0xea,0x0f,0x00,
    0x0b,0x78,0x00,0x06,0x00,0x00,0xe0,0x3f,0x00,0xe2,0xf0,0x03,
    0x00,0xda,0x0f,0x00,0x47,0x89,0x3c,0x00,0x00,0x00,0x00,0x00,
    0x00,0x00,0x80,0x03,0x00,0xea,0x0f,0x00,0x0b,0x78,0x00,0x06,
    0x00,0x00,0x20,0x40,0x00,0xe2,0xf0,0x03,0x00,0xda,0x0f,0x00,
    0x47,0x89,0x28,0x00,0x00,0x00,0x00,0x00,0x00,0x00,0x80,0x03,
    0x00,0xea,0x0f,0x00,0x0b,0x78,0x00,0x06,0x00,0x00,0x60,0x40,
    0x00,0xe2,0xf0,0x03,0x00,0xda,0x0f,0x00,0x47,0x89,0x14,0x00,
    0x00,0x00,0x00,0x00,0x00,0x00,0x80,0x03,0x00,0xea,0x0f,0x00,
    0x0b,0x78,0x00,0x06,0x00,0x00,0xa0,0x40,0x00,0xe2,0xf0,0x03,
    0x00,0xe2,0x0f,0x00,0x02,0x78,0x06,0x00,0x08,0x00,0x00,0x00,
    0x00,0x0f,0x00,0x00,0x00,0xd8,0x0f,0x00,0x12,0x08,0x07,0x09,
    0x07,0x00,0x00,0x00,0xff,0xfc,0x8e,0x07,0x00,0xe4,0x0f,0x04,
    0x12,0x88,0x07,0x09,0x06,0x00,0x00,0x00,0x06,0xec,0x8e,0x07,
    0x00,0xe2,0x0f,0x00,0x47,0x79,0x40,0x00,0x00,0x00,0x00,0x00,
    0x00,0x00,0x80,0x03,0x00,0xec,0x0f,0x00,0x02,0x78,0x06,0x00,
    0x08,0x00,0x00,0x00,0x00,0x0f,0x00,0x00,0x00,0xca,0x0f,0x00,
    0x12,0x78,0x07,0x09,0x05,0x00,0x00,0x00,0x06,0xec,0x8e,0x07,
    0x00,0xe2,0x0f,0x00,0x47,0x79,0x34,0x00,0x00,0x00,0x00,0x00,
    0x00,0x00,0x80,0x03,0x00,0xec,0x0f,0x00,0x02,0x78,0x06,0x00,
    0x08,0x00,0x00,0x00,0x00,0x0f,0x00,0x00,0x00,0xca,0x0f,0x00,
    0x12,0x78,0x07,0x09,0x04,0x00,0x00,0x00,0x06,0xec,0x8e,0x07,
    0x00,0xe2,0x0f,0x00,0x47,0x79,0x28,0x00,0x00,0x00,0x00,0x00,
    0x00,0x00,0x80,0x03,0x00,0xec,0x0f,0x00,0x02,0x78,0x06,0x00,
    0x08,0x00,0x00,0x00,0x00,0x0f,0x00,0x00,0x00,0xca,0x0f,0x00,
    0x12,0x78,0x07,0x09,0x03,0x00,0x00,0x00,0x06,0xec,0x8e,0x07,
    0x00,0xe2,0x0f,0x00,0x47,0x79,0x1c,0x00,0x00,0x00,0x00,0x00,
    0x00,0x00,0x80,0x03,0x00,0xec,0x0f,0x00,0x02,0x78,0x06,0x00,
    0x08,0x00,0x00,0x00,0x00,0x0f,0x00,0x00,0x00,0xca,0x0f,0x00,
    0x12,0x78,0x07,0x09,0x02,0x00,0x00,0x00,0x06,0xec,0x8e,0x07,
    0x00,0xe2,0x0f,0x00,0x47,0x79,0x10,0x00,0x00,0x00,0x00,0x00,
    0x00,0x00,0x80,0x03,0x00,0xec,0x0f,0x00,0x02,0x78,0x06,0x00,
    0x08,0x00,0x00,0x00,0x00,0x0f,0x00,0x00,0x00,0xca,0x0f,0x00,
    0x12,0x78,0x07,0x09,0x01,0x00,0x00,0x00,0x06,0xec,0x8e,0x07,
    0x00,0xe2,0x0f,0x00,0x47,0x79,0x04,0x00,0x00,0x00,0x00,0x00,
    0x00,0x00,0x80,0x03,0x00,0xec,0x0f,0x00,0x12,0x78,0x07,0x09,
    0x08,0x00,0x00,0x00,0xff,0xc0,0x8e,0x07,0x00,0xce,0x0f,0x00,
    0x18,0x79,0x00,0x00,0x00,0x00,0x00,0x00,0x00,0x00,0x00,0x00,
    0x00,0xe2,0x0f,0x00,0x41,0x79,0x00,0x00,0x00,0x00,0x00,0x00,
    0x00,0x02,0x80,0x03,0x00,0xea,0x0f,0x00,0x35,0x78,0x06,0x08,
    0x20,0x00,0x00,0x00,0x00,0x00,0x8e,0x07,0x00,0xca,0x0f,0x00,
    0x0c,0x7c,0x00,0x06,0x0a,0x00,0x00,0x00,0x70,0x62,0xf0,0x0b,
    0x00,0xda,0x0f,0x00,0x81,0x89,0x04,0x04,0x06,0xc0,0x00,0x00,
    0x00,0x95,0x1e,0x0c,0x00,0xa2,0x0e,0x00,0x02,0x72,0x06,0x00,
    0xff,0x00,0x00,0x00,0x00,0x0f,0x00,0x00,0x00,0xe2,0x0f,0x00,
    0x99,0x78,0x05,0x04,0x02,0x00,0x00,0x00,0xff,0x06,0x00,0x08,
    0x00,0xe2,0x0f,0x00,0x45,0x79,0x00,0x00,0xa0,0x02,0x00,0x00,
    0x00,0x02,0x80,0x03,0x00,0xe2,0x0f,0x00,0x02,0x72,0x08,0x00,
    0xff,0x00,0x00,0x00,0x00,0x0f,0x00,0x00,0x00,0xc8,0x0f,0x00,
    0x19,0x7c,0x07,0x07,0x05,0x00,0x00,0x00,0xff,0x06,0x00,0x08,
    0x00,0xc8,0x0f,0x00,0x12,0x72,0x18,0x07,0x18,0x00,0x00,0x00,
    0xff,0xfc,0x8e,0x07,0x00,0xe2,0x0f,0x00,0x30,0x82,0x06,0xff,
    0x04,0x00,0x00,0x20,0x00,0x41,0x00,0x00,0x00,0xca,0x4f,0x00,
    0x0b,0x72,0x00,0x06,0xff,0x00,0x00,0x00,0x00,0xd0,0xf0,0x03,
    0x00,0xda,0x0f,0x00,0x47,0x89,0x88,0x00,0x00,0x00,0x00,0x00,
    0x00,0x00,0x80,0x03,0x00,0xea,0x0f,0x00,0x0b,0x78,0x00,0x06,
    0x00,0x00,0x80,0x3e,0x00,0xe2,0xf0,0x03,0x00,0xe2,0x0f,0x00,
    0x19,0x78,0x04,0xff,0x1c,0x00,0x00,0x00,0x06,0x16,0x01,0x00,
    0x00,0xd8,0x0f,0x00,0x47,0x89,0x78,0x00,0x00,0x00,0x00,0x00,
    0x00,0x00,0x80,0x03,0x00,0xea,0x0f,0x00,0x0b,0x78,0x00,0x06,
    0x00,0x00,0x40,0x3f,0x00,0xe2,0xf0,0x03,0x00,0xda,0x0f,0x00,
    0x47,0x89,0x64,0x00,0x00,0x00,0x00,0x00,0x00,0x00,0x80,0x03,
    0x00,0xea,0x0f,0x00,0x0b,0x78,0x00,0x06,0x00,0x00,0xa0,0x3f,
    0x00,0xe2,0xf0,0x03,0x00,0xda,0x0f,0x00,0x47,0x89,0x50,0x00,
    0x00,0x00,0x00,0x00,0x00,0x00,0x80,0x03,0x00,0xea,0x0f,0x00,
    0x0b,0x78,0x00,0x06,0x00,0x00,0xe0,0x3f,0x00,0xe2,0xf0,0x03,
    0x00,0xda,0x0f,0x00,0x47,0x89,0x3c,0x00,0x00,0x00,0x00,0x00,
    0x00,0x00,0x80,0x03,0x00,0xea,0x0f,0x00,0x0b,0x78,0x00,0x06,
    0x00,0x00,0x20,0x40,0x00,0xe2,0xf0,0x03,0x00,0xda,0x0f,0x00,
    0x47,0x89,0x28,0x00,0x00,0x00,0x00,0x00,0x00,0x00,0x80,0x03,
    0x00,0xea,0x0f,0x00,0x0b,0x78,0x00,0x06,0x00,0x00,0x60,0x40,
    0x00,0xe2,0xf0,0x03,0x00,0xda,0x0f,0x00,0x47,0x89,0x14,0x00,
    0x00,0x00,0x00,0x00,0x00,0x00,0x80,0x03,0x00,0xea,0x0f,0x00,
    0x0b,0x78,0x00,0x06,0x00,0x00,0xa0,0x40,0x00,0xe2,0xf0,0x03,
    0x00,0xe2,0x0f,0x00,0x02,0x78,0x05,0x00,0x08,0x00,0x00,0x00,
    0x00,0x0f,0x00,0x00,0x00,0xd8,0x0f,0x00,0x12,0x08,0x08,0x04,
    0x07,0x00,0x00,0x00,0xff,0xfc,0x8e,0x07,0x00,0xe4,0x0f,0x04,
    0x12,0x88,0x08,0x04,0x06,0x00,0x00,0x00,0x05,0xec,0x8e,0x07,
    0x00,0xe2,0x0f,0x00,0x47,0x79,0x40,0x00,0x00,0x00,0x00,0x00,
    0x00,0x00,0x80,0x03,0x00,0xec,0x0f,0x00,0x02,0x78,0x05,0x00,
    0x08,0x00,0x00,0x00,0x00,0x0f,0x00,0x00,0x00,0xca,0x0f,0x00,
    0x12,0x78,0x08,0x04,0x05,0x00,0x00,0x00,0x05,0xec,0x8e,0x07,
    0x00,0xe2,0x0f,0x00,0x47,0x79,0x34,0x00,0x00,0x00,0x00,0x00,
    0x00,0x00,0x80,0x03,0x00,0xec,0x0f,0x00,0x02,0x78,0x05,0x00,
    0x08,0x00,0x00,0x00,0x00,0x0f,0x00,0x00,0x00,0xca,0x0f,0x00,
    0x12,0x78,0x08,0x04,0x04,0x00,0x00,0x00,0x05,0xec,0x8e,0x07,
    0x00,0xe2,0x0f,0x00,0x47,0x79,0x28,0x00,0x00,0x00,0x00,0x00,
    0x00,0x00,0x80,0x03,0x00,0xec,0x0f,0x00,0x02,0x78,0x05,0x00,
    0x08,0x00,0x00,0x00,0x00,0x0f,0x00,0x00,0x00,0xca,0x0f,0x00,
    0x12,0x78,0x08,0x04,0x03,0x00,0x00,0x00,0x05,0xec,0x8e,0x07,
    0x00,0xe2,0x0f,0x00,0x47,0x79,0x1c,0x00,0x00,0x00,0x00,0x00,
    0x00,0x00,0x80,0x03,0x00,0xec,0x0f,0x00,0x02,0x78,0x05,0x00,
    0x08,0x00,0x00,0x00,0x00,0x0f,0x00,0x00,0x00,0xca,0x0f,0x00,
    0x12,0x78,0x08,0x04,0x02,0x00,0x00,0x00,0x05,0xec,0x8e,0x07,
    0x00,0xe2,0x0f,0x00,0x47,0x79,0x10,0x00,0x00,0x00,0x00,0x00,
    0x00,0x00,0x80,0x03,0x00,0xec,0x0f,0x00,0x02,0x78,0x05,0x00,
    0x08,0x00,0x00,0x00,0x00,0x0f,0x00,0x00,0x00,0xca,0x0f,0x00,
    0x12,0x78,0x08,0x04,0x01,0x00,0x00,0x00,0x05,0xec,0x8e,0x07,
    0x00,0xe2,0x0f,0x00,0x47,0x79,0x04,0x00,0x00,0x00,0x00,0x00,
    0x00,0x00,0x80,0x03,0x00,0xec,0x0f,0x00,0x12,0x78,0x08,0x04,
    0x08,0x00,0x00,0x00,0xff,0xc0,0x8e,0x07,0x00,0xce,0x0f,0x00,
    0x18,0x79,0x00,0x00,0x00,0x00,0x00,0x00,0x00,0x00,0x00,0x00,
    0x00,0xe2,0x0f,0x00,0x41,0x79,0x00,0x00,0x00,0x00,0x00,0x00,
    0x00,0x02,0x80,0x03,0x00,0xea,0x0f,0x00,0x90,0x78,0x04,0x04,
    0x01,0x00,0x00,0x00,0xff,0xe0,0xff,0x0f,0x00,0xe2,0x0f,0x00,
    0x19,0x7c,0x08,0x08,0x05,0x00,0x00,0x00,0xff,0x06,0x00,0x08,
    0x00,0xc6,0x0f,0x00,0x8c,0x78,0x00,0x04,0x08,0x00,0x00,0x00,
    0x70,0x50,0xf0,0x0b,0x00,0xe2,0x0f,0x00,0x12,0x72,0x19,0x08,
    0x19,0x00,0x00,0x00,0xff,0xfc,0x8e,0x07,0x00,0xd0,0x0f,0x00,
    0x47,0x75,0x68,0x00,0xf9,0xff,0xff,0xff,0xff,0xff,0x83,0x0b,
    0x00,0xea,0x0f,0x00,0x87,0x73,0x00,0x01,0xff,0x00,0x00,0x00,
    0x00,0x08,0x10,0x00,0x00,0xe8,0x01,0x00,0x81,0x79,0x08,0x14,
    0x06,0x30,0x00,0x00,0x00,0x99,0x1e,0x0c,0x00,0xa8,0x0e,0x00,
    0x81,0x79,0x0a,0x14,0x06,0x40,0x00,0x00,0x00,0x99,0x1e,0x0c,
    0x00,0xe8,0x0e,0x00,0x81,0x79,0x1b,0x02,0x06,0x04,0x00,0x00,
    0x00,0x99,0x1e,0x0c,0x00,0x22,0x0f,0x00,0x02,0x78,0x1c,0x00,
    0x38,0x38,0x38,0x38,0x00,0x0f,0x00,0x00,0x00,0xe2,0x0f,0x00,
    0xac,0x77,0x08,0xff,0x80,0x73,0x00,0x00,0x00,0x08,0x00,0x08,
    0x00,0x64,0x0e,0x00,0x87,0x73,0x00,0x01,0xff,0x04,0x00,0x00,
    0x00,0x08,0x10,0x00,0x00,0xe2,0x01,0x00,0xac,0x77,0x0a,0xff,
    0x00,0x71,0x00,0x00,0x00,0x0a,0x00,0x08,0x00,0x26,0x0e,0x00,
    0x87,0x73,0x00,0x01,0xff,0x08,0x00,0x00,0x00,0x08,0x10,0x00,
    0x00,0xe8,0x01,0x00,0x87,0x73,0x00,0x01,0xff,0x0c,0x00,0x00,
    0x00,0x08,0x10,0x00,0x00,0xe8,0x01,0x00,0x83,0x79,0x04,0x01,
    0x00,0x00,0x00,0x00,0x00,0x08,0x10,0x00,0x00,0x28,0x0f,0x00,
    0x83,0x79,0x05,0x01,0x00,0x04,0x00,0x00,0x00,0x08,0x10,0x00,
    0x00,0x28,0x0f,0x00,0x83,0x79,0x06,0x01,0x00,0x08,0x00,0x00,
    0x00,0x08,0x10,0x00,0x00,0x28,0x0f,0x00,0x83,0x79,0x07,0x01,
    0x00,0x0c,0x00,0x00,0x00,0x08,0x10,0x00,0x00,0x22,0x0f,0x00,
    0x02,0x72,0x09,0x00,0x08,0x00,0x00,0x00,0x00,0x0f,0x00,0x00,
    0x00,0xe2,0x4f,0x00,0x02,0x72,0x0b,0x00,0x0a,0x00,0x00,0x00,
    0x00,0x0f,0x00,0x00,0x00,0xce,0x8f,0x00,0x7f,0x74,0x04,0x08,
    0x18,0x1b,0xc0,0x71,0x04,0x3e,0x04,0x00,0x00,0xf6,0x0f,0x01,
    0x90,0xf2,0xff,0xff,0xff,0x00,0x00,0x00,0xff,0xe0,0xff,0x0f,
    0x00,0xf6,0x0f,0x00,0x90,0xf2,0xff,0xff,0xff,0x00,0x00,0x00,
    0xff,0xe0,0xff,0x0f,0x00,0xec,0x0f,0x00,0x87,0x73,0x00,0x01,
    0x04,0x00,0x00,0x00,0x00,0x08,0x10,0x00,0x00,0xe8,0x05,0x00,
    0x87,0x73,0x00,0x01,0x05,0x04,0x00,0x00,0x00,0x08,0x10,0x00,
    0x00,0xe8,0x07,0x00,0x87,0x73,0x00,0x01,0x06,0x08,0x00,0x00,
    0x00,0x08,0x10,0x00,0x00,0xe8,0x09,0x00,0x87,0x73,0x00,0x01,
    0x07,0x0c,0x00,0x00,0x00,0x08,0x10,0x00,0x00,0xe8,0x03,0x00,
    0x83,0x79,0x09,0x01,0x00,0x00,0x00,0x00,0x00,0x08,0x10,0x00,
    0x00,0xa8,0x0e,0x00,0x83,0x79,0x08,0x01,0x00,0x04,0x00,0x00,
    0x00,0x08,0x10,0x00,0x00,0x68,0x01,0x00,0x83,0x79,0x0a,0x01,
    0x00,0x08,0x00,0x00,0x00,0x08,0x10,0x00,0x00,0x68,0x01,0x00,
    0x83,0x79,0x0b,0x01,0x00,0x0c,0x00,0x00,0x00,0x08,0x10,0x00,
    0x00,0x62,0x01,0x00,0x05,0x78,0x18,0x00,0x00,0x00,0x00,0x00,
    0x00,0xff,0x01,0x00,0x00,0xe2,0x0f,0x00,0x82,0x7c,0x04,0x00,
    0xff,0x00,0x00,0x00,0x00,0x00,0x00,0x08,0x00,0xe2,0x0f,0x00,
    0x21,0x72,0x1a,0x1a,0x09,0x00,0x00,0x00,0x00,0x00,0x00,0x00,
    0x00,0xce,0xff,0x01,0x35,0x7c,0x08,0x11,0x04,0x00,0x00,0x00,
    0x00,0x00,0x8e,0x0f,0x00,0xe2,0x0f,0x02,0x82,0x7c,0x05,0x00,
    0xff,0x00,0x00,0x00,0x00,0x00,0x00,0x08,0x00,0xe4,0x0f,0x00,
    0x35,0x7c,0x06,0x16,0x04,0x00,0x00,0x00,0x00,0x02,0x8e,0x0f,
    0x00,0xe4,0x0f,0x00,0x35,0x78,0x04,0x08,0x40,0x00,0x00,0x00,
    0x00,0x00,0x8e,0x07,0x00,0xca,0x0f,0x00,0x0c,0x7c,0x00,0x04,
    0x08,0x00,0x00,0x00,0x70,0x62,0xf0,0x0b,0x00,0xe2,0x0f,0x00,
    0x11,0x7c,0x04,0x06,0x0a,0x00,0x00,0x00,0xff,0x08,0x82,0x0f,
    0x00,0xc8,0x0f,0x00,0x11,0x7c,0x05,0x06,0x0b,0x00,0x00,0x00,
    0x07,0x0c,0x8f,0x08,0x00,0xd0,0x0f,0x00,0x81,0x89,0x07,0x04,
    0x06,0x00,0x01,0x00,0x00,0x95,0x1e,0x0c,0x00,0xa2,0x0e,0x00,
    0x02,0x72,0x06,0x00,0xff,0x00,0x00,0x00,0x00,0x0f,0x00,0x00,
    0x00,0xe2,0x0f,0x00,0x45,0x79,0x00,0x00,0x80,0x02,0x00,0x00,
    0x00,0x02,0x80,0x03,0x00,0xe2,0x0f,0x00,0x30,0x82,0x06,0xff,
    0x07,0x00,0x00,0x20,0x00,0x41,0x00,0x00,0x00,0xe2,0x4f,0x00,
    0x02,0x72,0x07,0x00,0xff,0x00,0x00,0x00,0x00,0x0f,0x00,0x00,
    0x00,0xc8,0x0f,0x00,0x0b,0x72,0x00,0x06,0xff,0x00,0x00,0x00,
    0x00,0xd0,0xf0,0x03,0x00,0xda,0x0f,0x00,0x47,0x89,0x88,0x00,
    0x00,0x00,0x00,0x00,0x00,0x00,0x80,0x03,0x00,0xea,0x0f,0x00,
    0x0b,0x78,0x00,0x06,0x00,0x00,0x80,0x3e,0x00,0xe2,0xf0,0x03,
    0x00,0xe2,0x0f,0x00,0x19,0x78,0x09,0xff,0x1c,0x00,0x00,0x00,
    0x06,0x16,0x01,0x00,0x00,0xd8,0x0f,0x00,0x47,0x89,0x78,0x00,
    0x00,0x00,0x00,0x00,0x00,0x00,0x80,0x03,0x00,0xea,0x0f,0x00,
    0x0b,0x78,0x00,0x06,0x00,0x00,0x40,0x3f,0x00,0xe2,0xf0,0x03,
    0x00,0xda,0x0f,0x00,0x47,0x89,0x64,0x00,0x00,0x00,0x00,0x00,
    0x00,0x00,0x80,0x03,0x00,0xea,0x0f,0x00,0x0b,0x78,0x00,0x06,
    0x00,0x00,0xa0,0x3f,0x00,0xe2,0xf0,0x03,0x00,0xda,0x0f,0x00,
    0x47,0x89,0x50,0x00,0x00,0x00,0x00,0x00,0x00,0x00,0x80,0x03,
    0x00,0xea,0x0f,0x00,0x0b,0x78,0x00,0x06,0x00,0x00,0xe0,0x3f,
    0x00,0xe2,0xf0,0x03,0x00,0xda,0x0f,0x00,0x47,0x89,0x3c,0x00,
    0x00,0x00,0x00,0x00,0x00,0x00,0x80,0x03,0x00,0xea,0x0f,0x00,
    0x0b,0x78,0x00,0x06,0x00,0x00,0x20,0x40,0x00,0xe2,0xf0,0x03,
    0x00,0xda,0x0f,0x00,0x47,0x89,0x28,0x00,0x00,0x00,0x00,0x00,
    0x00,0x00,0x80,0x03,0x00,0xea,0x0f,0x00,0x0b,0x78,0x00,0x06,
    0x00,0x00,0x60,0x40,0x00,0xe2,0xf0,0x03,0x00,0xda,0x0f,0x00,
    0x47,0x89,0x14,0x00,0x00,0x00,0x00,0x00,0x00,0x00,0x80,0x03,
    0x00,0xea,0x0f,0x00,0x0b,0x78,0x00,0x06,0x00,0x00,0xa0,0x40,
    0x00,0xe2,0xf0,0x03,0x00,0xe2,0x0f,0x00,0x02,0x78,0x06,0x00,
    0x08,0x00,0x00,0x00,0x00,0x0f,0x00,0x00,0x00,0xd8,0x0f,0x00,
    0x12,0x08,0x07,0x09,0x07,0x00,0x00,0x00,0xff,0xfc,0x8e,0x07,
    0x00,0xe4,0x0f,0x04,0x12,0x88,0x07,0x09,0x06,0x00,0x00,0x00,
    0x06,0xec,0x8e,0x07,0x00,0xe2,0x0f,0x00,0x47,0x79,0x40,0x00,
    0x00,0x00,0x00,0x00,0x00,0x00,0x80,0x03,0x00,0xec,0x0f,0x00,
    0x02,0x78,0x06,0x00,0x08,0x00,0x00,0x00,0x00,0x0f,0x00,0x00,
    0x00,0xca,0x0f,0x00,0x12,0x78,0x07,0x09,0x05,0x00,0x00,0x00,
    0x06,0xec,0x8e,0x07,0x00,0xe2,0x0f,0x00,0x47,0x79,0x34,0x00,
    0x00,0x00,0x00,0x00,0x00,0x00,0x80,0x03,0x00,0xec,0x0f,0x00,
    0x02,0x78,0x06,0x00,0x08,0x00,0x00,0x00,0x00,0x0f,0x00,0x00,
    0x00,0xca,0x0f,0x00,0x12,0x78,0x07,0x09,0x04,0x00,0x00,0x00,
    0x06,0xec,0x8e,0x07,0x00,0xe2,0x0f,0x00,0x47,0x79,0x28,0x00,
    0x00,0x00,0x00,0x00,0x00,0x00,0x80,0x03,0x00,0xec,0x0f,0x00,
    0x02,0x78,0x06,0x00,0x08,0x00,0x00,0x00,0x00,0x0f,0x00,0x00,
    0x00,0xca,0x0f,0x00,0x12,0x78,0x07,0x09,0x03,0x00,0x00,0x00,
    0x06,0xec,0x8e,0x07,0x00,0xe2,0x0f,0x00,0x47,0x79,0x1c,0x00,
    0x00,0x00,0x00,0x00,0x00,0x00,0x80,0x03,0x00,0xec,0x0f,0x00,
    0x02,0x78,0x06,0x00,0x08,0x00,0x00,0x00,0x00,0x0f,0x00,0x00,
    0x00,0xca,0x0f,0x00,0x12,0x78,0x07,0x09,0x02,0x00,0x00,0x00,
    0x06,0xec,0x8e,0x07,0x00,0xe2,0x0f,0x00,0x47,0x79,0x10,0x00,
    0x00,0x00,0x00,0x00,0x00,0x00,0x80,0x03,0x00,0xec,0x0f,0x00,
    0x02,0x78,0x06,0x00,0x08,0x00,0x00,0x00,0x00,0x0f,0x00,0x00,
    0x00,0xca,0x0f,0x00,0x12,0x78,0x07,0x09,0x01,0x00,0x00,0x00,
    0x06,0xec,0x8e,0x07,0x00,0xe2,0x0f,0x00,0x47,0x79,0x04,0x00,
    0x00,0x00,0x00,0x00,0x00,0x00,0x80,0x03,0x00,0xec,0x0f,0x00,
    0x12,0x78,0x07,0x09,0x08,0x00,0x00,0x00,0xff,0xc0,0x8e,0x07,
    0x00,0xce,0x0f,0x00,0x18,0x79,0x00,0x00,0x00,0x00,0x00,0x00,
    0x00,0x00,0x00,0x00,0x00,0xe2,0x0f,0x00,0x41,0x79,0x00,0x00,
    0x00,0x00,0x00,0x00,0x00,0x02,0x80,0x03,0x00,0xea,0x0f,0x00,
    0x35,0x78,0x06,0x08,0x60,0x00,0x00,0x00,0x00,0x00,0x8e,0x07,
    0x00,0xca,0x0f,0x00,0x0c,0x7c,0x00,0x06,0x08,0x00,0x00,0x00,
    0x70,0x62,0xf0,0x0b,0x00,0xda,0x0f,0x00,0x81,0x89,0x04,0x04,
    0x06,0x40,0x01,0x00,0x00,0x95,0x1e,0x0c,0x00,0xa2,0x0e,0x00,
    0x02,0x72,0x06,0x00,0xff,0x00,0x00,0x00,0x00,0x0f,0x00,0x00,
    0x00,0xe2,0x0f,0x00,0x99,0x78,0x05,0x04,0x02,0x00,0x00,0x00,
    0xff,0x06,0x00,0x08,0x00,0xe2,0x0f,0x00,0x45,0x79,0x00,0x00,
    0xa0,0x02,0x00,0x00,0x00,0x02,0x80,0x03,0x00,0xe2,0x0f,0x00,
    0x02,0x72,0x08,0x00,0xff,0x00,0x00,0x00,0x00,0x0f,0x00,0x00,
    0x00,0xc8,0x0f,0x00,0x19,0x7c,0x07,0x07,0x05,0x00,0x00,0x00,
    0xff,0x06,0x00,0x08,0x00,0xc8,0x0f,0x00,0x12,0x72,0x18,0x07,
    0x18,0x00,0x00,0x00,0xff,0xfc,0x8e,0x07,0x00,0xe2,0x0f,0x00,
    0x30,0x82,0x06,0xff,0x04,0x00,0x00,0x20,0x00,0x41,0x00,0x00,
    0x00,0xca,0x4f,0x00,0x0b,0x72,0x00,0x06,0xff,0x00,0x00,0x00,
    0x00,0xd0,0xf0,0x03,0x00,0xda,0x0f,0x00,0x47,0x89,0x88,0x00,
    0x00,0x00,0x00,0x00,0x00,0x00,0x80,0x03,0x00,0xea,0x0f,0x00,
    0x0b,0x78,0x00,0x06,0x00,0x00,0x80,0x3e,0x00,0xe2,0xf0,0x03,
    0x00,0xe2,0x0f,0x00,0x19,0x78,0x04,0xff,0x1c,0x00,0x00,0x00,
    0x06,0x16,0x01,0x00,0x00,0xd8,0x0f,0x00,0x47,0x89,0x78,0x00,
    0x00,0x00,0x00,0x00,0x00,0x00,0x80,0x03,0x00,0xea,0x0f,0x00,
    0x0b,0x78,0x00,0x06,0x00,0x00,0x40,0x3f,0x00,0xe2,0xf0,0x03,
    0x00,0xda,0x0f,0x00,0x47,0x89,0x64,0x00,0x00,0x00,0x00,0x00,
    0x00,0x00,0x80,0x03,0x00,0xea,0x0f,0x00,0x0b,0x78,0x00,0x06,
    0x00,0x00,0xa0,0x3f,0x00,0xe2,0xf0,0x03,0x00,0xda,0x0f,0x00,
    0x47,0x89,0x50,0x00,0x00,0x00,0x00,0x00,0x00,0x00,0x80,0x03,
    0x00,0xea,0x0f,0x00,0x0b,0x78,0x00,0x06,0x00,0x00,0xe0,0x3f,
    0x00,0xe2,0xf0,0x03,0x00,0xda,0x0f,0x00,0x47,0x89,0x3c,0x00,
    0x00,0x00,0x00,0x00,0x00,0x00,0x80,0x03,0x00,0xea,0x0f,0x00,
    0x0b,0x78,0x00,0x06,0x00,0x00,0x20,0x40,0x00,0xe2,0xf0,0x03,
    0x00,0xda,0x0f,0x00,0x47,0x89,0x28,0x00,0x00,0x00,0x00,0x00,
    0x00,0x00,0x80,0x03,0x00,0xea,0x0f,0x00,0x0b,0x78,0x00,0x06,
    0x00,0x00,0x60,0x40,0x00,0xe2,0xf0,0x03,0x00,0xda,0x0f,0x00,
    0x47,0x89,0x14,0x00,0x00,0x00,0x00,0x00,0x00,0x00,0x80,0x03,
    0x00,0xea,0x0f,0x00,0x0b,0x78,0x00,0x06,0x00,0x00,0xa0,0x40,
    0x00,0xe2,0xf0,0x03,0x00,0xe2,0x0f,0x00,0x02,0x78,0x05,0x00,
    0x08,0x00,0x00,0x00,0x00,0x0f,0x00,0x00,0x00,0xd8,0x0f,0x00,
    0x12,0x08,0x08,0x04,0x07,0x00,0x00,0x00,0xff,0xfc,0x8e,0x07,
    0x00,0xe4,0x0f,0x04,0x12,0x88,0x08,0x04,0x06,0x00,0x00,0x00,
    0x05,0xec,0x8e,0x07,0x00,0xe2,0x0f,0x00,0x47,0x79,0x40,0x00,
    0x00,0x00,0x00,0x00,0x00,0x00,0x80,0x03,0x00,0xec,0x0f,0x00,
    0x02,0x78,0x05,0x00,0x08,0x00,0x00,0x00,0x00,0x0f,0x00,0x00,
    0x00,0xca,0x0f,0x00,0x12,0x78,0x08,0x04,0x05,0x00,0x00,0x00,
    0x05,0xec,0x8e,0x07,0x00,0xe2,0x0f,0x00,0x47,0x79,0x34,0x00,
    0x00,0x00,0x00,0x00,0x00,0x00,0x80,0x03,0x00,0xec,0x0f,0x00,
    0x02,0x78,0x05,0x00,0x08,0x00,0x00,0x00,0x00,0x0f,0x00,0x00,
    0x00,0xca,0x0f,0x00,0x12,0x78,0x08,0x04,0x04,0x00,0x00,0x00,
    0x05,0xec,0x8e,0x07,0x00,0xe2,0x0f,0x00,0x47,0x79,0x28,0x00,
    0x00,0x00,0x00,0x00,0x00,0x00,0x80,0x03,0x00,0xec,0x0f,0x00,
    0x02,0x78,0x05,0x00,0x08,0x00,0x00,0x00,0x00,0x0f,0x00,0x00,
    0x00,0xca,0x0f,0x00,0x12,0x78,0x08,0x04,0x03,0x00,0x00,0x00,
    0x05,0xec,0x8e,0x07,0x00,0xe2,0x0f,0x00,0x47,0x79,0x1c,0x00,
    0x00,0x00,0x00,0x00,0x00,0x00,0x80,0x03,0x00,0xec,0x0f,0x00,
    0x02,0x78,0x05,0x00,0x08,0x00,0x00,0x00,0x00,0x0f,0x00,0x00,
    0x00,0xca,0x0f,0x00,0x12,0x78,0x08,0x04,0x02,0x00,0x00,0x00,
    0x05,0xec,0x8e,0x07,0x00,0xe2,0x0f,0x00,0x47,0x79,0x10,0x00,
    0x00,0x00,0x00,0x00,0x00,0x00,0x80,0x03,0x00,0xec,0x0f,0x00,
    0x02,0x78,0x05,0x00,0x08,0x00,0x00,0x00,0x00,0x0f,0x00,0x00,
    0x00,0xca,0x0f,0x00,0x12,0x78,0x08,0x04,0x01,0x00,0x00,0x00,
    0x05,0xec,0x8e,0x07,0x00,0xe2,0x0f,0x00,0x47,0x79,0x04,0x00,
    0x00,0x00,0x00,0x00,0x00,0x00,0x80,0x03,0x00,0xec,0x0f,0x00,
    0x12,0x78,0x08,0x04,0x08,0x00,0x00,0x00,0xff,0xc0,0x8e,0x07,
    0x00,0xce,0x0f,0x00,0x18,0x79,0x00,0x00,0x00,0x00,0x00,0x00,
    0x00,0x00,0x00,0x00,0x00,0xe2,0x0f,0x00,0x41,0x79,0x00,0x00,
    0x00,0x00,0x00,0x00,0x00,0x02,0x80,0x03,0x00,0xea,0x0f,0x00,
    0x90,0x78,0x04,0x04,0x01,0x00,0x00,0x00,0xff,0xe0,0xff,0x0f,
    0x00,0xe2,0x0f,0x00,0x19,0x7c,0x08,0x08,0x05,0x00,0x00,0x00,
    0xff,0x06,0x00,0x08,0x00,0xc6,0x0f,0x00,0x8c,0x78,0x00,0x04,
    0x08,0x00,0x00,0x00,0x70,0x50,0xf0,0x0b,0x00,0xe2,0x0f,0x00,
    0x12,0x72,0x19,0x08,0x19,0x00,0x00,0x00,0xff,0xfc,0x8e,0x07,
    0x00,0xd0,0x0f,0x00,0x47,0x75,0x64,0x00,0xf9,0xff,0xff,0xff,
    0xff,0xff,0x83,0x0b,0x00,0xea,0x0f,0x00,0x87,0x73,0x00,0x01,
    0xff,0x00,0x00,0x00,0x00,0x08,0x10,0x00,0x00,0xe8,0x01,0x00,
    0x81,0x79,0x08,0x14,0x06,0x50,0x00,0x00,0x00,0x99,0x1e,0x0c,
    0x00,0xa8,0x0e,0x00,0x81,0x79,0x0a,0x14,0x06,0x60,0x00,0x00,
    0x00,0x99,0x1e,0x0c,0x00,0xe8,0x0e,0x00,0x81,0x79,0x11,0x02,
    0x06,0x08,0x00,0x00,0x00,0x99,0x1e,0x0c,0x00,0x22,0x0f,0x00,
    0x02,0x78,0x1c,0x00,0x38,0x38,0x38,0x38,0x00,0x0f,0x00,0x00,
    0x00,0xe2,0x0f,0x00,0xac,0x77,0x08,0xff,0x80,0x73,0x00,0x00,
    0x00,0x08,0x00,0x08,0x00,0x64,0x0e,0x00,0x87,0x73,0x00,0x01,
    0xff,0x04,0x00,0x00,0x00,0x08,0x10,0x00,0x00,0xe2,0x01,0x00,
    0xac,0x77,0x0a,0xff,0x00,0x71,0x00,0x00,0x00,0x0a,0x00,0x08,
    0x00,0x26,0x0e,0x00,0x87,0x73,0x00,0x01,0xff,0x08,0x00,0x00,
    0x00,0x08,0x10,0x00,0x00,0xe8,0x01,0x00,0x87,0x73,0x00,0x01,
    0xff,0x0c,0x00,0x00,0x00,0x08,0x10,0x00,0x00,0xe8,0x01,0x00,
    0x83,0x79,0x04,0x01,0x00,0x00,0x00,0x00,0x00,0x08,0x10,0x00,
    0x00,0x28,0x0f,0x00,0x83,0x79,0x05,0x01,0x00,0x04,0x00,0x00,
    0x00,0x08,0x10,0x00,0x00,0x28,0x0f,0x00,0x83,0x79,0x06,0x01,
    0x00,0x08,0x00,0x00,0x00,0x08,0x10,0x00,0x00,0x28,0x0f,0x00,
    0x83,0x79,0x07,0x01,0x00,0x0c,0x00,0x00,0x00,0x08,0x10,0x00,
    0x00,0x22,0x0f,0x00,0x02,0x72,0x09,0x00,0x08,0x00,0x00,0x00,
    0x00,0x0f,0x00,0x00,0x00,0xe2,0x4f,0x00,0x02,0x72,0x0b,0x00,
    0x0a,0x00,0x00,0x00,0x00,0x0f,0x00,0x00,0x00,0xce,0x8f,0x00,
    0x7f,0x74,0x08,0x08,0x18,0x11,0xc0,0x71,0x04,0x3e,0x04,0x00,
    0x00,0xe2,0x0f,0x01,0x81,0x79,0x04,0x14,0x06,0x70,0x00,0x00,
    0x00,0x99,0x1e,0x0c,0x00,0x68,0x05,0x00,0x81,0x79,0x06,0x14,
    0x06,0x80,0x00,0x00,0x00,0x99,0x1e,0x0c,0x00,0x76,0x07,0x00,
    0x90,0xf2,0xff,0xff,0xff,0x00,0x00,0x00,0xff,0xe0,0xff,0x0f,
    0x00,0xf6,0x0f,0x00,0x90,0xf2,0xff,0xff,0xff,0x00,0x00,0x00,
    0xff,0xe0,0xff,0x0f,0x00,0xe2,0x0f,0x00,0x87,0x73,0x00,0x01,
    0x08,0x00,0x00,0x00,0x00,0x08,0x10,0x00,0x00,0xe8,0x09,0x00,
    0x87,0x73,0x00,0x01,0x09,0x04,0x00,0x00,0x00,0x08,0x10,0x00,
    0x00,0xe8,0x03,0x00,0x87,0x73,0x00,0x01,0x0a,0x08,0x00,0x00,
    0x00,0x08,0x10,0x00,0x00,0xe8,0x01,0x00,0x87,0x73,0x00,0x01,
    0x0b,0x0c,0x00,0x00,0x00,0x08,0x10,0x00,0x00,0xe8,0x05,0x00,
    0x83,0x79,0x05,0x01,0x00,0x00,0x00,0x00,0x00,0x08,0x10,0x00,
    0x00,0xe8,0x0e,0x00,0x83,0x79,0x07,0x01,0x00,0x04,0x00,0x00,
    0x00,0x08,0x10,0x00,0x00,0x68,0x01,0x00,0x83,0x79,0x18,0x01,
    0x00,0x08,0x00,0x00,0x00,0x08,0x10,0x00,0x00,0x68,0x01,0x00,
    0x83,0x79,0x19,0x01,0x00,0x0c,0x00,0x00,0x00,0x08,0x10,0x00,
    0x00,0x62,0x01,0x00,0x82,0x7c,0x04,0x00,0xff,0x00,0x00,0x00,
    0x00,0x00,0x00,0x08,0x00,0xe2,0x0f,0x00,0x21,0x72,0x1a,0x1a,
    0x05,0x00,0x00,0x00,0x00,0x00,0x00,0x00,0x00,0xe2,0x8f,0x00,
    0x35,0x78,0x05,0x10,0xc0,0x00,0x00,0x00,0x00,0x00,0x8e,0x07,
    0x00,0xe2,0x0f,0x00,0x05,0x78,0x10,0x00,0x00,0x00,0x00,0x00,
    0x00,0xff,0x01,0x00,0x00,0xce,0x7f,0x01,0x35,0x7c,0x0b,0x05,
    0x04,0x00,0x00,0x00,0x00,0x00,0x8e,0x0f,0x00,0xe2,0x0f,0x00,
    0x82,0x7c,0x05,0x00,0xff,0x00,0x00,0x00,0x00,0x00,0x00,0x08,
    0x00,0xe4,0x0f,0x00,0x35,0x7c,0x14,0x16,0x04,0x00,0x00,0x00,
    0x00,0x02,0x8e,0x0f,0x00,0xe4,0x0f,0x00,0x0c,0x7c,0x00,0x0b,
    0x08,0x00,0x00,0x00,0x70,0x62,0xf0,0x0b,0x00,0xc6,0x0f,0x00,
    0x11,0x7c,0x08,0x14,0x0a,0x00,0x00,0x00,0xff,0x08,0x82,0x0f,
    0x00,0xc8,0x0f,0x00,0x11,0x7c,0x09,0x14,0x0b,0x00,0x00,0x00,
    0x15,0x0c,0x8f,0x08,0x00,0xcc,0x0f,0x00,0x81,0x89,0x0a,0x08,
    0x06,0x80,0x01,0x00,0x00,0x95,0x1e,0x0c,0x00,0xa2,0x0e,0x00,
    0x02,0x72,0x07,0x00,0xff,0x00,0x00,0x00,0x00,0x0f,0x00,0x00,
    0x00,0xe2,0x0f,0x02,0x45,0x79,0x00,0x00,0x80,0x02,0x00,0x00,
    0x00,0x02,0x80,0x03,0x00,0xe2,0x0f,0x00,0x30,0x82,0x07,0xff,
    0x0a,0x00,0x00,0x20,0x00,0x41,0x00,0x00,0x00,0xe2,0x4f,0x00,
    0x02,0x72,0x0a,0x00,0xff,0x00,0x00,0x00,0x00,0x0f,0x00,0x00,
    0x00,0xc8,0x0f,0x00,0x0b,0x72,0x00,0x07,0xff,0x00,0x00,0x00,
    0x00,0xd0,0xf0,0x03,0x00,0xda,0x0f,0x00,0x47,0x89,0x88,0x00,
    0x00,0x00,0x00,0x00,0x00,0x00,0x80,0x03,0x00,0xea,0x0f,0x00,
    0x0b,0x78,0x00,0x07,0x00,0x00,0x80,0x3e,0x00,0xe2,0xf0,0x03,
    0x00,0xe2,0x0f,0x00,0x19,0x78,0x14,0xff,0x1c,0x00,0x00,0x00,
    0x07,0x16,0x01,0x00,0x00,0xd8,0x0f,0x00,0x47,0x89,0x78,0x00,
    0x00,0x00,0x00,0x00,0x00,0x00,0x80,0x03,0x00,0xea,0x0f,0x00,
    0x0b,0x78,0x00,0x07,0x00,0x00,0x40,0x3f,0x00,0xe2,0xf0,0x03,
    0x00,0xda,0x0f,0x00,0x47,0x89,0x64,0x00,0x00,0x00,0x00,0x00,
    0x00,0x00,0x80,0x03,0x00,0xea,0x0f,0x00,0x0b,0x78,0x00,0x07,
    0x00,0x00,0xa0,0x3f,0x00,0xe2,0xf0,0x03,0x00,0xda,0x0f,0x00,
    0x47,0x89,0x50,0x00,0x00,0x00,0x00,0x00,0x00,0x00,0x80,0x03,
    0x00,0xea,0x0f,0x00,0x0b,0x78,0x00,0x07,0x00,0x00,0xe0,0x3f,
    0x00,0xe2,0xf0,0x03,0x00,0xda,0x0f,0x00,0x47,0x89,0x3c,0x00,
    0x00,0x00,0x00,0x00,0x00,0x00,0x80,0x03,0x00,0xea,0x0f,0x00,
    0x0b,0x78,0x00,0x07,0x00,0x00,0x20,0x40,0x00,0xe2,0xf0,0x03,
    0x00,0xda,0x0f,0x00,0x47,0x89,0x28,0x00,0x00,0x00,0x00,0x00,
    0x00,0x00,0x80,0x03,0x00,0xea,0x0f,0x00,0x0b,0x78,0x00,0x07,
    0x00,0x00,0x60,0x40,0x00,0xe2,0xf0,0x03,0x00,0xda,0x0f,0x00,
    0x47,0x89,0x14,0x00,0x00,0x00,0x00,0x00,0x00,0x00,0x80,0x03,
    0x00,0xea,0x0f,0x00,0x0b,0x78,0x00,0x07,0x00,0x00,0xa0,0x40,
    0x00,0xe2,0xf0,0x03,0x00,0xe2,0x0f,0x00,0x02,0x78,0x07,0x00,
    0x08,0x00,0x00,0x00,0x00,0x0f,0x00,0x00,0x00,0xd8,0x0f,0x00,
    0x12,0x08,0x0a,0x14,0x07,0x00,0x00,0x00,0xff,0xfc,0x8e,0x07,
    0x00,0xe4,0x0f,0x04,0x12,0x88,0x0a,0x14,0x06,0x00,0x00,0x00,
    0x07,0xec,0x8e,0x07,0x00,0xe2,0x0f,0x00,0x47,0x79,0x40,0x00,
    0x00,0x00,0x00,0x00,0x00,0x00,0x80,0x03,0x00,0xec,0x0f,0x00,
    0x02,0x78,0x07,0x00,0x08,0x00,0x00,0x00,0x00,0x0f,0x00,0x00,
    0x00,0xca,0x0f,0x00,0x12,0x78,0x0a,0x14,0x05,0x00,0x00,0x00,
    0x07,0xec,0x8e,0x07,0x00,0xe2,0x0f,0x00,0x47,0x79,0x34,0x00,
    0x00,0x00,0x00,0x00,0x00,0x00,0x80,0x03,0x00,0xec,0x0f,0x00,
    0x02,0x78,0x07,0x00,0x08,0x00,0x00,0x00,0x00,0x0f,0x00,0x00,
    0x00,0xca,0x0f,0x00,0x12,0x78,0x0a,0x14,0x04,0x00,0x00,0x00,
    0x07,0xec,0x8e,0x07,0x00,0xe2,0x0f,0x00,0x47,0x79,0x28,0x00,
    0x00,0x00,0x00,0x00,0x00,0x00,0x80,0x03,0x00,0xec,0x0f,0x00,
    0x02,0x78,0x07,0x00,0x08,0x00,0x00,0x00,0x00,0x0f,0x00,0x00,
    0x00,0xca,0x0f,0x00,0x12,0x78,0x0a,0x14,0x03,0x00,0x00,0x00,
    0x07,0xec,0x8e,0x07,0x00,0xe2,0x0f,0x00,0x47,0x79,0x1c,0x00,
    0x00,0x00,0x00,0x00,0x00,0x00,0x80,0x03,0x00,0xec,0x0f,0x00,
    0x02,0x78,0x07,0x00,0x08,0x00,0x00,0x00,0x00,0x0f,0x00,0x00,
    0x00,0xca,0x0f,0x00,0x12,0x78,0x0a,0x14,0x02,0x00,0x00,0x00,
    0x07,0xec,0x8e,0x07,0x00,0xe2,0x0f,0x00,0x47,0x79,0x10,0x00,
    0x00,0x00,0x00,0x00,0x00,0x00,0x80,0x03,0x00,0xec,0x0f,0x00,
    0x02,0x78,0x07,0x00,0x08,0x00,0x00,0x00,0x00,0x0f,0x00,0x00,
    0x00,0xca,0x0f,0x00,0x12,0x78,0x0a,0x14,0x01,0x00,0x00,0x00,
    0x07,0xec,0x8e,0x07,0x00,0xe2,0x0f,0x00,0x47,0x79,0x04,0x00,
    0x00,0x00,0x00,0x00,0x00,0x00,0x80,0x03,0x00,0xec,0x0f,0x00,
    0x12,0x78,0x0a,0x14,0x08,0x00,0x00,0x00,0xff,0xc0,0x8e,0x07,
    0x00,0xce,0x0f,0x00,0x18,0x79,0x00,0x00,0x00,0x00,0x00,0x00,
    0x00,0x00,0x00,0x00,0x00,0xe2,0x0f,0x00,0x41,0x79,0x00,0x00,
    0x00,0x00,0x00,0x00,0x00,0x02,0x80,0x03,0x00,0xea,0x0f,0x00,
    0x35,0x78,0x07,0x0b,0x20,0x00,0x00,0x00,0x00,0x00,0x8e,0x07,
    0x00,0xca,0x0f,0x00,0x0c,0x7c,0x00,0x07,0x08,0x00,0x00,0x00,
    0x70,0x62,0xf0,0x0b,0x00,0xda,0x0f,0x00,0x81,0x89,0x08,0x08,
    0x06,0xc0,0x01,0x00,0x00,0x95,0x1e,0x0c,0x00,0xa2,0x0e,0x00,
    0x02,0x72,0x0b,0x00,0xff,0x00,0x00,0x00,0x00,0x0f,0x00,0x00,
    0x00,0xe2,0x0f,0x00,0x99,0x78,0x05,0x04,0x02,0x00,0x00,0x00,
    0xff,0x06,0x00,0x08,0x00,0xe2,0x0f,0x00,0x45,0x79,0x00,0x00,
    0xa0,0x02,0x00,0x00,0x00,0x02,0x80,0x03,0x00,0xea,0x0f,0x00,
    0x19,0x7c,0x07,0x0a,0x05,0x00,0x00,0x00,0xff,0x06,0x00,0x08,
    0x00,0xe2,0x0f,0x00,0x02,0x72,0x0a,0x00,0xff,0x00,0x00,0x00,
    0x00,0x0f,0x00,0x00,0x00,0xc6,0x0f,0x00,0x12,0x72,0x10,0x07,
    0x10,0x00,0x00,0x00,0xff,0xfc,0x8e,0x07,0x00,0xe2,0x0f,0x00,
    0x30,0x82,0x0b,0xff,0x08,0x00,0x00,0x20,0x00,0x41,0x00,0x00,
    0x00,0xca,0x4f,0x00,0x0b,0x72,0x00,0x0b,0xff,0x00,0x00,0x00,
    0x00,0xd0,0xf0,0x03,0x00,0xda,0x0f,0x00,0x47,0x89,0x88,0x00,
    0x00,0x00,0x00,0x00,0x00,0x00,0x80,0x03,0x00,0xea,0x0f,0x00,
    0x0b,0x78,0x00,0x0b,0x00,0x00,0x80,0x3e,0x00,0xe2,0xf0,0x03,
    0x00,0xe2,0x0f,0x00,0x19,0x78,0x07,0xff,0x1c,0x00,0x00,0x00,
    0x0b,0x16,0x01,0x00,0x00,0xd8,0x0f,0x00,0x47,0x89,0x78,0x00,
    0x00,0x00,0x00,0x00,0x00,0x00,0x80,0x03,0x00,0xea,0x0f,0x00,
    0x0b,0x78,0x00,0x0b,0x00,0x00,0x40,0x3f,0x00,0xe2,0xf0,0x03,
    0x00,0xda,0x0f,0x00,0x47,0x89,0x64,0x00,0x00,0x00,0x00,0x00,
    0x00,0x00,0x80,0x03,0x00,0xea,0x0f,0x00,0x0b,0x78,0x00,0x0b,
    0x00,0x00,0xa0,0x3f,0x00,0xe2,0xf0,0x03,0x00,0xda,0x0f,0x00,
    0x47,0x89,0x50,0x00,0x00,0x00,0x00,0x00,0x00,0x00,0x80,0x03,
    0x00,0xea,0x0f,0x00,0x0b,0x78,0x00,0x0b,0x00,0x00,0xe0,0x3f,
    0x00,0xe2,0xf0,0x03,0x00,0xda,0x0f,0x00,0x47,0x89,0x3c,0x00,
    0x00,0x00,0x00,0x00,0x00,0x00,0x80,0x03,0x00,0xea,0x0f,0x00,
    0x0b,0x78,0x00,0x0b,0x00,0x00,0x20,0x40,0x00,0xe2,0xf0,0x03,
    0x00,0xda,0x0f,0x00,0x47,0x89,0x28,0x00,0x00,0x00,0x00,0x00,
    0x00,0x00,0x80,0x03,0x00,0xea,0x0f,0x00,0x0b,0x78,0x00,0x0b,
    0x00,0x00,0x60,0x40,0x00,0xe2,0xf0,0x03,0x00,0xda,0x0f,0x00,
    0x47,0x89,0x14,0x00,0x00,0x00,0x00,0x00,0x00,0x00,0x80,0x03,
    0x00,0xea,0x0f,0x00,0x0b,0x78,0x00,0x0b,0x00,0x00,0xa0,0x40,
    0x00,0xe2,0xf0,0x03,0x00,0xe2,0x0f,0x00,0x02,0x78,0x08,0x00,
    0x08,0x00,0x00,0x00,0x00,0x0f,0x00,0x00,0x00,0xd8,0x0f,0x00,
    0x12,0x08,0x0a,0x07,0x07,0x00,0x00,0x00,0xff,0xfc,0x8e,0x07,
    0x00,0xe4,0x0f,0x04,0x12,0x88,0x0a,0x07,0x06,0x00,0x00,0x00,
    0x08,0xec,0x8e,0x07,0x00,0xe2,0x0f,0x00,0x47,0x79,0x40,0x00,
    0x00,0x00,0x00,0x00,0x00,0x00,0x80,0x03,0x00,0xec,0x0f,0x00,
    0x02,0x78,0x0a,0x00,0x08,0x00,0x00,0x00,0x00,0x0f,0x00,0x00,
    0x00,0xca,0x0f,0x00,0x12,0x78,0x0a,0x07,0x05,0x00,0x00,0x00,
    0x0a,0xec,0x8e,0x07,0x00,0xe2,0x0f,0x00,0x47,0x79,0x34,0x00,
    0x00,0x00,0x00,0x00,0x00,0x00,0x80,0x03,0x00,0xec,0x0f,0x00,
    0x02,0x78,0x0a,0x00,0x08,0x00,0x00,0x00,0x00,0x0f,0x00,0x00,
    0x00,0xca,0x0f,0x00,0x12,0x78,0x0a,0x07,0x04,0x00,0x00,0x00,
    0x0a,0xec,0x8e,0x07,0x00,0xe2,0x0f,0x00,0x47,0x79,0x28,0x00,
    0x00,0x00,0x00,0x00,0x00,0x00,0x80,0x03,0x00,0xec,0x0f,0x00,
    0x02,0x78,0x0a,0x00,0x08,0x00,0x00,0x00,0x00,0x0f,0x00,0x00,
    0x00,0xca,0x0f,0x00,0x12,0x78,0x0a,0x07,0x03,0x00,0x00,0x00,
    0x0a,0xec,0x8e,0x07,0x00,0xe2,0x0f,0x00,0x47,0x79,0x1c,0x00,
    0x00,0x00,0x00,0x00,0x00,0x00,0x80,0x03,0x00,0xec,0x0f,0x00,
    0x02,0x78,0x0a,0x00,0x08,0x00,0x00,0x00,0x00,0x0f,0x00,0x00,
    0x00,0xca,0x0f,0x00,0x12,0x78,0x0a,0x07,0x02,0x00,0x00,0x00,
    0x0a,0xec,0x8e,0x07,0x00,0xe2,0x0f,0x00,0x47,0x79,0x10,0x00,
    0x00,0x00,0x00,0x00,0x00,0x00,0x80,0x03,0x00,0xec,0x0f,0x00,
    0x02,0x78,0x0a,0x00,0x08,0x00,0x00,0x00,0x00,0x0f,0x00,0x00,
    0x00,0xca,0x0f,0x00,0x12,0x78,0x0a,0x07,0x01,0x00,0x00,0x00,
    0x0a,0xec,0x8e,0x07,0x00,0xe2,0x0f,0x00,0x47,0x79,0x04,0x00,
    0x00,0x00,0x00,0x00,0x00,0x00,0x80,0x03,0x00,0xec,0x0f,0x00,
    0x12,0x78,0x0a,0x07,0x08,0x00,0x00,0x00,0xff,0xc0,0x8e,0x07,
    0x00,0xce,0x0f,0x00,0x18,0x79,0x00,0x00,0x00,0x00,0x00,0x00,
    0x00,0x00,0x00,0x00,0x00,0xe2,0x0f,0x00,0x41,0x79,0x00,0x00,
    0x00,0x00,0x00,0x00,0x00,0x02,0x80,0x03,0x00,0xea,0x0f,0x00,
    0x90,0x78,0x04,0x04,0x01,0x00,0x00,0x00,0xff,0xe0,0xff,0x0f,
    0x00,0xe2,0x0f,0x00,0x19,0x7c,0x0a,0x0a,0x05,0x00,0x00,0x00,
    0xff,0x06,0x00,0x08,0x00,0xc6,0x0f,0x00,0x8c,0x78,0x00,0x04,
    0x08,0x00,0x00,0x00,0x70,0x50,0xf0,0x0b,0x00,0xe2,0x0f,0x00,
    0x12,0x72,0x11,0x0a,0x11,0x00,0x00,0x00,0xff,0xfc,0x8e,0x07,
    0x00,0xd0,0x0f,0x00,0x47,0x75,0x68,0x00,0xf9,0xff,0xff,0xff,
    0xff,0xff,0x83,0x0b,0x00,0xea,0x0f,0x00,0x87,0x73,0x00,0x01,
    0xff,0x00,0x00,0x00,0x00,0x08,0x10,0x00,0x00,0xe8,0x01,0x00,
    0x81,0x79,0x14,0x02,0x06,0x0c,0x00,0x00,0x00,0x99,0x1e,0x0c,
    0x00,0xa2,0x0e,0x00,0x02,0x78,0x15,0x00,0x38,0x38,0x38,0x38,
    0x00,0x0f,0x00,0x00,0x00,0xe2,0x0f,0x00,0x02,0x72,0x05,0x00,
    0x04,0x00,0x00,0x00,0x00,0x0f,0x00,0x00,0x00,0xe2,0x0f,0x00,
    0x02,0x72,0x07,0x00,0x06,0x00,0x00,0x00,0x00,0x0f,0x00,0x00,
    0x00,0xe2,0x0f,0x00,0x87,0x73,0x00,0x01,0xff,0x04,0x00,0x00,
    0x00,0x08,0x10,0x00,0x00,0xe2,0x01,0x00,0xac,0x77,0x04,0xff,
    0x00,0x74,0x00,0x00,0x00,0x08,0x00,0x08,0x00,0x66,0x0e,0x00,
    0x87,0x73,0x00,0x01,0xff,0x08,0x00,0x00,0x00,0x08,0x10,0x00,
    0x00,0xe8,0x01,0x00,0x87,0x73,0x00,0x01,0xff,0x0c,0x00,0x00,
    0x00,0x08,0x10,0x00,0x00,0xe8,0x01,0x00,0x83,0x79,0x08,0x01,
    0x00,0x00,0x00,0x00,0x00,0x08,0x10,0x00,0x00,0xa8,0x0e,0x00,
    0x83,0x79,0x09,0x01,0x00,0x04,0x00,0x00,0x00,0x08,0x10,0x00,
    0x00,0xa8,0x0e,0x00,0x83,0x79,0x0a,0x01,0x00,0x08,0x00,0x00,
    0x00,0x08,0x10,0x00,0x00,0xa8,0x0e,0x00,0x83,0x79,0x0b,0x01,
    0x00,0x0c,0x00,0x00,0x00,0x08,0x10,0x00,0x00,0xa4,0x0e,0x00,
    0x7f,0x74,0x08,0x04,0x10,0x14,0x50,0x71,0x08,0x3e,0x04,0x00,
    0x00,0xe4,0x4f,0x00,0x81,0x79,0x05,0x02,0x06,0x95,0x00,0x00,
    0x00,0x91,0x1e,0x0c,0x00,0xa8,0x0e,0x00,0x81,0x79,0x04,0x02,
    0x06,0x98,0x00,0x00,0x00,0x99,0x1e,0x0c,0x00,0xf6,0x0e,0x00,
    0x90,0xf2,0xff,0xff,0xff,0x00,0x00,0x00,0xff,0xe0,0xff,0x0f,
    0x00,0xf6,0x0f,0x00,0x87,0x73,0x00,0x01,0x08,0x00,0x00,0x00,
    0x00,0x08,0x10,0x00,0x00,0xe8,0x01,0x00,0x87,0x73,0x00,0x01,
    0x09,0x04,0x00,0x00,0x00,0x08,0x10,0x00,0x00,0xe8,0x01,0x00,
    0x87,0x73,0x00,0x01,0x0a,0x08,0x00,0x00,0x00,0x08,0x10,0x00,
    0x00,0xe8,0x01,0x00,0x87,0x73,0x00,0x01,0x0b,0x0c,0x00,0x00,
    0x00,0x08,0x10,0x00,0x00,0xe8,0x01,0x00,0x83,0x79,0x11,0x01,
    0x00,0x00,0x00,0x00,0x00,0x08,0x10,0x00,0x00,0x28,0x0f,0x00,
    0x83,0x79,0x06,0x01,0x00,0x04,0x00,0x00,0x00,0x08,0x10,0x00,
    0x00,0x68,0x01,0x00,0x83,0x79,0x07,0x01,0x00,0x08,0x00,0x00,
    0x00,0x08,0x10,0x00,0x00,0x68,0x01,0x00,0x83,0x79,0x10,0x01,
    0x00,0x0c,0x00,0x00,0x00,0x08,0x10,0x00,0x00,0x62,0x01,0x00,
    0x35,0x78,0x00,0x00,0x01,0x00,0x00,0x00,0x00,0x00,0x8e,0x07,
    0x00,0xca,0x0f,0x00,0x0c,0x7c,0x00,0x00,0x04,0x00,0x00,0x00,
    0x70,0x50,0xf4,0x0b,0x00,0xe2,0x2f,0x00,0x0c,0x78,0x00,0x05,
    0x08,0x00,0x00,0x00,0x70,0x50,0xf0,0x03,0x00,0xf6,0x4f,0x00,
    0x90,0xf2,0xff,0xff,0xff,0x00,0x00,0x00,0xff,0xe0,0xff,0x0f,
    0x00,0xe4,0x0f,0x00,0x20,0x88,0x04,0x04,0x00,0x00,0x80,0x3d,
    0x00,0x00,0x40,0x00,0x00,0xca,0x8f,0x00,0x0b,0x72,0x00,0x04,
    0xff,0x00,0x00,0x00,0x00,0xd0,0xf0,0x03,0x00,0xe2,0x0f,0x04,
    0x0b,0x78,0x00,0x04,0x00,0x00,0x80,0x3f,0x00,0xd0,0xf2,0x03,
    0x00,0xe2,0x0f,0x00,0x21,0x72,0x11,0x1a,0x11,0x00,0x00,0x00,
    0x00,0x00,0x00,0x00,0x00,0xc8,0x0f,0x01,0x20,0x72,0x04,0x11,
    0x04,0x00,0x00,0x00,0x00,0x00,0x40,0x00,0x00,0xce,0x0f,0x00,
    0x08,0x02,0x11,0x04,0x11,0x00,0x00,0x00,0x00,0x00,0x80,0x00,
    0x00,0xe2,0x0f,0x00,0x47,0x29,0x60,0x00,0xdc,0xff,0xff,0xff,
    0xff,0xff,0x83,0x03,0x00,0xec,0x0f,0x00,0x0c,0x72,0x00,0x0d,
    0xff,0x00,0x00,0x00,0x70,0x50,0xf0,0x03,0x00,0xda,0x2f,0x00,
    0x4d,0x09,0x00,0x00,0x00,0x00,0x00,0x00,0x00,0x00,0x80,0x03,
    0x00,0xea,0x4f,0x00,0x82,0x7b,0x02,0xff,0x00,0xe4,0x00,0x00,
    0x00,0x0a,0x00,0x00,0x00,0x64,0x0e,0x00,0x25,0x78,0x0c,0x0c,
    0x04,0x00,0x00,0x00,0x02,0x02,0x8e,0x07,0x00,0xca,0x2f,0x00,
    0x86,0x79,0x00,0x0c,0x11,0x00,0x00,0x00,0x06,0x19,0x10,0x0c,
    0x00,0xe2,0x0f,0x00,0x4d,0x79,0x00,0x00,0x00,0x00,0x00,0x00,
    0x00,0x00,0x80,0x03,0x00,0xea,0x0f,0x00,0x47,0x79,0xfc,0x00,
    0xfc,0xff,0xff,0xff,0xff,0xff,0x83,0x03,0x00,0xc0,0x0f,0x00,
    0x18,0x79,0x00,0x00,0x00,0x00,0x00,0x00,0x00,0x00,0x00,0x00,
    0x00,0xc0,0x0f,0x00,0x18,0x79,0x00,0x00,0x00,0x00,0x00,0x00,
    0x00,0x00,0x00,0x00,0x00,0xc0,0x0f,0x00,0x18,0x79,0x00,0x00,
    0x00,0x00,0x00,0x00,0x00,0x00,0x00,0x00,0x00,0xc0,0x0f,0x00,
    0x18,0x79,0x00,0x00,0x00,0x00,0x00,0x00,0x00,0x00,0x00,0x00,
    0x00,0xc0,0x0f,0x00,0x18,0x79,0x00,0x00,0x00,0x00,0x00,0x00,
    0x00,0x00,0x00,0x00,0x00,0xc0,0x0f,0x00,0x18,0x79,0x00,0x00,
    0x00,0x00,0x00,0x00,0x00,0x00,0x00,0x00,0x00,0xc0,0x0f,0x00,
    0x18,0x79,0x00,0x00,0x00,0x00,0x00,0x00,0x00,0x00,0x00,0x00,
    0x00,0xc0,0x0f,0x00,0x18,0x79,0x00,0x00,0x00,0x00,0x00,0x00,
    0x00,0x00,0x00,0x00,0x00,0xc0,0x0f,0x00,0x18,0x79,0x00,0x00,
    0x00,0x00,0x00,0x00,0x00,0x00,0x00,0x00,0x00,0xc0,0x0f,0x00,
    0x18,0x79,0x00,0x00,0x00,0x00,0x00,0x00,0x00,0x00,0x00,0x00,
    0x00,0xc0,0x0f,0x00,0x18,0x79,0x00,0x00,0x00,0x00,0x00,0x00,
    0x00,0x00,0x00,0x00,0x00,0xc0,0x0f,0x00,0x82,0x7b,0x01,0xff,
    0x00,0xdf,0x00,0x00,0x00,0x08,0x00,0x00,0x00,0x22,0x0e,0x00,
    0x19,0x79,0x0e,0x00,0x00,0x00,0x00,0x00,0x00,0x25,0x00,0x00,
    0x00,0x62,0x0e,0x00,0xac,0x77,0x04,0xff,0x00,0x73,0x00,0x00,
    0x00,0x08,0x00,0x08,0x00,0x62,0x0e,0x00,0x35,0x78,0x01,0x01,
    0xf0,0xff,0xff,0xff,0x00,0x00,0x8e,0x07,0x00,0xe2,0x1f,0x00,
    0x0c,0x7c,0x00,0x0e,0x04,0x00,0x00,0x00,0x70,0x62,0xf0,0x0b,
    0x00,0xda,0x2f,0x00,0x4d,0x09,0x00,0x00,0x00,0x00,0x00,0x00,
    0x00,0x00,0x80,0x03,0x00,0xea,0x0f,0x00,0xac,0x77,0x04,0xff,
    0x00,0x74,0x00,0x00,0x00,0x08,0x00,0x08,0x00,0x22,0x0e,0x00,
    0x19,0x79,0x0f,0x00,0x00,0x00,0x00,0x00,0x00,0x21,0x00,0x00,
    0x00,0x62,0x0e,0x00,0x02,0x72,0x14,0x00,0xff,0x00,0x00,0x00,
    0x00,0x0f,0x00,0x00,0x00,0xe2,0x0f,0x00,0xac,0x77,0x06,0xff,
    0x00,0x6b,0x00,0x00,0x00,0x0a,0x00,0x08,0x00,0xa2,0x0e,0x00,
    0x8c,0x78,0x00,0x04,0x01,0x00,0x00,0x00,0x70,0x62,0xf0,0x0b,
    0x00,0xd2,0x1f,0x00,0x47,0x75,0xa8,0x08,0x21,0x00,0x00,0x00,
    0x00,0x00,0x80,0x0b,0x00,0xea,0x0f,0x00,0x24,0x78,0x10,0x0f,
    0x08,0x00,0x00,0x00,0xff,0x00,0x8e,0x07,0x00,0xe2,0x2f,0x00,
    0x02,0x72,0x14,0x00,0xff,0x00,0x00,0x00,0x00,0x0f,0x00,0x00,
    0x00,0xe2,0x0f,0x00,0x02,0x72,0x00,0x00,0xff,0x00,0x00,0x00,
    0x00,0x0f,0x00,0x00,0x00,0xc6,0x0f,0x00,0x12,0x78,0x10,0x10,
    0x18,0x00,0x00,0x00,0xff,0xc0,0x8e,0x07,0x00,0xce,0x4f,0x00,
    0x82,0x7b,0x02,0xff,0x00,0xe2,0x00,0x00,0x00,0x0a,0x00,0x00,
    0x00,0x22,0x1e,0x00,0x12,0x78,0x0d,0x0f,0x03,0x00,0x00,0x00,
    0xff,0xc0,0x8e,0x07,0x00,0xe2,0x0f,0x00,0x24,0x78,0x18,0x00,
    0x00,0x01,0x00,0x00,0xff,0x00,0x8e,0x07,0x00,0xe2,0x0f,0x00,
    0x05,0x78,0x16,0x00,0x00,0x00,0x00,0x00,0x00,0xff,0x01,0x00,
    0x00,0xe2,0x0f,0x00,0xac,0x77,0x08,0xff,0x80,0x73,0x00,0x00,
    0x00,0x08,0x00,0x08,0x00,0x66,0x0e,0x00,0x12,0x72,0x11,0x18,
    0x10,0x00,0x00,0x00,0xff,0xfc,0x8e,0x07,0x00,0xe2,0x0f,0x00,
    0x82,0x78,0x04,0x00,0x20,0x00,0x00,0x00,0x00,0x00,0x00,0x00,
    0x00,0xe2,0x0f,0x00,0x82,0x78,0x05,0x00,0xe0,0xff,0xff,0xff,
    0x00,0x00,0x00,0x00,0x00,0xc6,0x0f,0x00,0x02,0x72,0x04,0x00,
    0x11,0x00,0x00,0x00,0x00,0x0f,0x00,0x00,0x00,0xe2,0x0f,0x00,
    0x25,0x78,0x02,0x0d,0x10,0x00,0x00,0x00,0x02,0x00,0x8e,0x07,
    0x00,0xc8,0x1f,0x00,0x25,0x78,0x02,0x00,0x00,0x02,0x00,0x00,
    0x02,0x00,0x8e,0x07,0x00,0xca,0x0f,0x00,0x35,0x78,0x02,0x02,
    0x40,0x00,0x00,0x00,0x00,0x02,0x8e,0x07,0x00,0xd0,0x2f,0x02,
    0x0c,0x7c,0x00,0x04,0x08,0x00,0x00,0x00,0x70,0x62,0xf0,0x0b,
    0x00,0xda,0x0f,0x00,0x81,0x89,0x06,0x02,0x06,0xc0,0xff,0xff,
    0x00,0x95,0x1e,0x0c,0x00,0xa2,0x0e,0x00,0x02,0x72,0x05,0x00,
    0xff,0x00,0x00,0x00,0x00,0x0f,0x00,0x00,0x00,0xe2,0x0f,0x00,
    0x45,0x79,0x00,0x00,0x20,0x02,0x00,0x00,0x00,0x02,0x80,0x03,
    0x00,0xe2,0x0f,0x00,0x30,0x82,0x05,0xff,0x06,0x00,0x00,0x20,
    0x00,0x41,0x00,0x00,0x00,0xe2,0x4f,0x00,0x02,0x72,0x06,0x00,
    0xff,0x00,0x00,0x00,0x00,0x0f,0x00,0x00,0x00,0xc8,0x0f,0x00,
    0x0b,0x72,0x00,0x05,0xff,0x00,0x00,0x00,0x00,0xd0,0xf0,0x03,
    0x00,0xda,0x0f,0x00,0x47,0x89,0x70,0x00,0x00,0x00,0x00,0x00,
    0x00,0x00,0x80,0x03,0x00,0xea,0x0f,0x00,0x0b,0x78,0x00,0x05,
    0x00,0x00,0x80,0x3e,0x00,0xe2,0xf0,0x03,0x00,0xe2,0x0f,0x00,
    0x19,0x78,0x07,0xff,0x1c,0x00,0x00,0x00,0x05,0x16,0x01,0x00,
    0x00,0xd8,0x0f,0x00,0x12,0x88,0x06,0x07,0x08,0x00,0x00,0x00,
    0xff,0xc0,0x8e,0x07,0x00,0xe2,0x0f,0x00,0x47,0x89,0x60,0x00,
    0x00,0x00,0x00,0x00,0x00,0x00,0x80,0x03,0x00,0xec,0x0f,0x00,
    0x0b,0x78,0x00,0x05,0x00,0x00,0x40,0x3f,0x00,0xe2,0xf0,0x03,
    0x00,0xe2,0x0f,0x00,0x02,0x78,0x06,0x00,0x08,0x00,0x00,0x00,
    0x00,0x0f,0x00,0x00,0x00,0xd8,0x0f,0x00,0x12,0x88,0x06,0x07,
    0x01,0x00,0x00,0x00,0x06,0xec,0x8e,0x07,0x00,0xe2,0x0f,0x00,
    0x47,0x89,0x50,0x00,0x00,0x00,0x00,0x00,0x00,0x00,0x80,0x03,
    0x00,0xec,0x0f,0x00,0x0b,0x78,0x00,0x05,0x00,0x00,0xa0,0x3f,
    0x00,0xe2,0xf0,0x03,0x00,0xe2,0x0f,0x00,0x02,0x78,0x06,0x00,
    0x08,0x00,0x00,0x00,0x00,0x0f,0x00,0x00,0x00,0xd8,0x0f,0x00,
    0x12,0x88,0x06,0x07,0x02,0x00,0x00,0x00,0x06,0xec,0x8e,0x07,
    0x00,0xe2,0x0f,0x00,0x47,0x89,0x40,0x00,0x00,0x00,0x00,0x00,
    0x00,0x00,0x80,0x03,0x00,0xec,0x0f,0x00,0x0b,0x78,0x00,0x05,
    0x00,0x00,0xe0,0x3f,0x00,0xe2,0xf0,0x03,0x00,0xe2,0x0f,0x00,
    0x02,0x78,0x06,0x00,0x08,0x00,0x00,0x00,0x00,0x0f,0x00,0x00,
    0x00,0xd8,0x0f,0x00,0x12,0x88,0x06,0x07,0x03,0x00,0x00,0x00,
    0x06,0xec,0x8e,0x07,0x00,0xe2,0x0f,0x00,0x47,0x89,0x30,0x00,
    0x00,0x00,0x00,0x00,0x00,0x00,0x80,0x03,0x00,0xec,0x0f,0x00,
    0x0b,0x78,0x00,0x05,0x00,0x00,0x20,0x40,0x00,0xe2,0xf0,0x03,
    0x00,0xe2,0x0f,0x00,0x02,0x78,0x06,0x00,0x08,0x00,0x00,0x00,
    0x00,0x0f,0x00,0x00,0x00,0xd8,0x0f,0x00,0x12,0x88,0x06,0x07,
    0x04,0x00,0x00,0x00,0x06,0xec,0x8e,0x07,0x00,0xe2,0x0f,0x00,
    0x47,0x89,0x20,0x00,0x00,0x00,0x00,0x00,0x00,0x00,0x80,0x03,
    0x00,0xec,0x0f,0x00,0x0b,0x78,0x00,0x05,0x00,0x00,0x60,0x40,
    0x00,0xe2,0xf0,0x03,0x00,0xe2,0x0f,0x00,0x02,0x78,0x06,0x00,
    0x08,0x00,0x00,0x00,0x00,0x0f,0x00,0x00,0x00,0xd8,0x0f,0x00,
    0x12,0x88,0x06,0x07,0x05,0x00,0x00,0x00,0x06,0xec,0x8e,0x07,
    0x00,0xe2,0x0f,0x00,0x47,0x89,0x10,0x00,0x00,0x00,0x00,0x00,
    0x00,0x00,0x80,0x03,0x00,0xec,0x0f,0x00,0x0b,0x78,0x00,0x05,
    0x00,0x00,0xa0,0x40,0x00,0xe2,0xf0,0x03,0x00,0xe2,0x0f,0x00,
    0x02,0x78,0x06,0x00,0x08,0x00,0x00,0x00,0x00,0x0f,0x00,0x00,
    0x00,0xd8,0x0f,0x00,0x12,0x88,0x06,0x07,0x06,0x00,0x00,0x00,
    0x06,0xec,0x8e,0x07,0x00,0xe4,0x0f,0x04,0x12,0x08,0x06,0x07,
    0x07,0x00,0x00,0x00,0xff,0xfc,0x8e,0x07,0x00,0xce,0x0f,0x00,
    0x18,0x79,0x00,0x00,0x00,0x00,0x00,0x00,0x00,0x00,0x00,0x00,
    0x00,0xe2,0x0f,0x00,0x41,0x79,0x00,0x00,0x00,0x00,0x00,0x00,
    0x00,0x02,0x80,0x03,0x00,0xea,0x0f,0x00,0x35,0x78,0x05,0x04,
    0x20,0x00,0x00,0x00,0x00,0x00,0x8e,0x07,0x00,0xca,0x0f,0x00,
    0x0c,0x7c,0x00,0x05,0x08,0x00,0x00,0x00,0x70,0x62,0xf0,0x0b,
    0x00,0xda,0x0f,0x00,0x81,0x89,0x05,0x02,0x06,0x00,0x00,0x00,
    0x00,0x95,0x1e,0x0c,0x00,0xa2,0x0e,0x00,0x02,0x72,0x07,0x00,
    0xff,0x00,0x00,0x00,0x00,0x0f,0x00,0x00,0x00,0xe2,0x0f,0x00,
    0x90,0x78,0x09,0x05,0x20,0x00,0x00,0x00,0xff,0xe0,0xff,0x0f,
    0x00,0xe2,0x0f,0x00,0x45,0x79,0x00,0x00,0x40,0x02,0x00,0x00,
    0x00,0x02,0x80,0x03,0x00,0xe2,0x0f,0x00,0x30,0x82,0x07,0xff,
    0x05,0x00,0x00,0x20,0x00,0x41,0x00,0x00,0x00,0xc8,0x4f,0x00,
    0x19,0x7c,0x05,0x06,0x09,0x00,0x00,0x00,0xff,0x06,0x00,0x08,
    0x00,0xe2,0x0f,0x00,0x02,0x72,0x06,0x00,0xff,0x00,0x00,0x00,
    0x00,0x0f,0x00,0x00,0x00,0xe2,0x0f,0x00,0x0b,0x72,0x00,0x07,
    0xff,0x00,0x00,0x00,0x00,0xd0,0xf0,0x03,0x00,0xe4,0x0f,0x00,
    0x12,0x72,0x16,0x05,0x16,0x00,0x00,0x00,0xff,0xfc,0x8e,0x07,
    0x00,0xd6,0x0f,0x00,0x47,0x89,0x70,0x00,0x00,0x00,0x00,0x00,
    0x00,0x00,0x80,0x03,0x00,0xea,0x0f,0x00,0x0b,0x78,0x00,0x07,
    0x00,0x00,0x80,0x3e,0x00,0xe2,0xf0,0x03,0x00,0xe2,0x0f,0x00,
    0x19,0x78,0x05,0xff,0x1c,0x00,0x00,0x00,0x07,0x16,0x01,0x00,
    0x00,0xd8,0x0f,0x00,0x12,0x88,0x06,0x05,0x08,0x00,0x00,0x00,
    0xff,0xc0,0x8e,0x07,0x00,0xe2,0x0f,0x00,0x47,0x89,0x60,0x00,
    0x00,0x00,0x00,0x00,0x00,0x00,0x80,0x03,0x00,0xec,0x0f,0x00,
    0x0b,0x78,0x00,0x07,0x00,0x00,0x40,0x3f,0x00,0xe2,0xf0,0x03,
    0x00,0xe2,0x0f,0x00,0x02,0x78,0x06,0x00,0x08,0x00,0x00,0x00,
    0x00,0x0f,0x00,0x00,0x00,0xd8,0x0f,0x00,0x12,0x88,0x06,0x05,
    0x01,0x00,0x00,0x00,0x06,0xec,0x8e,0x07,0x00,0xe2,0x0f,0x00,
    0x47,0x89,0x50,0x00,0x00,0x00,0x00,0x00,0x00,0x00,0x80,0x03,
    0x00,0xec,0x0f,0x00,0x0b,0x78,0x00,0x07,0x00,0x00,0xa0,0x3f,
    0x00,0xe2,0xf0,0x03,0x00,0xe2,0x0f,0x00,0x02,0x78,0x06,0x00,
    0x08,0x00,0x00,0x00,0x00,0x0f,0x00,0x00,0x00,0xd8,0x0f,0x00,
    0x12,0x88,0x06,0x05,0x02,0x00,0x00,0x00,0x06,0xec,0x8e,0x07,
    0x00,0xe2,0x0f,0x00,0x47,0x89,0x40,0x00,0x00,0x00,0x00,0x00,
    0x00,0x00,0x80,0x03,0x00,0xec,0x0f,0x00,0x0b,0x78,0x00,0x07,
    0x00,0x00,0xe0,0x3f,0x00,0xe2,0xf0,0x03,0x00,0xe2,0x0f,0x00,
    0x02,0x78,0x06,0x00,0x08,0x00,0x00,0x00,0x00,0x0f,0x00,0x00,
    0x00,0xd8,0x0f,0x00,0x12,0x88,0x06,0x05,0x03,0x00,0x00,0x00,
    0x06,0xec,0x8e,0x07,0x00,0xe2,0x0f,0x00,0x47,0x89,0x30,0x00,
    0x00,0x00,0x00,0x00,0x00,0x00,0x80,0x03,0x00,0xec,0x0f,0x00,
    0x0b,0x78,0x00,0x07,0x00,0x00,0x20,0x40,0x00,0xe2,0xf0,0x03,
    0x00,0xe2,0x0f,0x00,0x02,0x78,0x06,0x00,0x08,0x00,0x00,0x00,
    0x00,0x0f,0x00,0x00,0x00,0xd8,0x0f,0x00,0x12,0x88,0x06,0x05,
    0x04,0x00,0x00,0x00,0x06,0xec,0x8e,0x07,0x00,0xe2,0x0f,0x00,
    0x47,0x89,0x20,0x00,0x00,0x00,0x00,0x00,0x00,0x00,0x80,0x03,
    0x00,0xec,0x0f,0x00,0x0b,0x78,0x00,0x07,0x00,0x00,0x60,0x40,
    0x00,0xe2,0xf0,0x03,0x00,0xe2,0x0f,0x00,0x02,0x78,0x06,0x00,
    0x08,0x00,0x00,0x00,0x00,0x0f,0x00,0x00,0x00,0xd8,0x0f,0x00,
    0x12,0x88,0x06,0x05,0x05,0x00,0x00,0x00,0x06,0xec,0x8e,0x07,
    0x00,0xe2,0x0f,0x00,0x47,0x89,0x10,0x00,0x00,0x00,0x00,0x00,
    0x00,0x00,0x80,0x03,0x00,0xec,0x0f,0x00,0x0b,0x78,0x00,0x07,
    0x00,0x00,0xa0,0x40,0x00,0xe2,0xf0,0x03,0x00,0xe2,0x0f,0x00,
    0x02,0x78,0x06,0x00,0x08,0x00,0x00,0x00,0x00,0x0f,0x00,0x00,
    0x00,0xd8,0x0f,0x00,0x12,0x88,0x06,0x05,0x06,0x00,0x00,0x00,
    0x06,0xec,0x8e,0x07,0x00,0xe4,0x0f,0x04,0x12,0x08,0x06,0x05,
    0x07,0x00,0x00,0x00,0xff,0xfc,0x8e,0x07,0x00,0xce,0x0f,0x00,
    0x18,0x79,0x00,0x00,0x00,0x00,0x00,0x00,0x00,0x00,0x00,0x00,
    0x00,0xe2,0x0f,0x00,0x41,0x79,0x00,0x00,0x00,0x00,0x00,0x00,
    0x00,0x02,0x80,0x03,0x00,0xea,0x0f,0x00,0x90,0x78,0x04,0x04,
    0x01,0x00,0x00,0x00,0xff,0xe0,0xff,0x0f,0x00,0xe2,0x0f,0x00,
    0x19,0x7c,0x06,0x06,0x09,0x00,0x00,0x00,0xff,0x06,0x00,0x08,
    0x00,0xe2,0x0f,0x00,0x35,0x78,0x02,0x02,0x02,0x00,0x00,0x00,
    0x00,0x02,0x8e,0x07,0x00,0xe4,0x0f,0x00,0x8c,0x78,0x00,0x04,
    0x28,0x00,0x00,0x00,0x70,0x50,0xf0,0x0b,0x00,0xe2,0x0f,0x00,
    0x12,0x72,0x17,0x06,0x17,0x00,0x00,0x00,0xff,0xfc,0x8e,0x07,
    0x00,0xe2,0x0f,0x00,0x90,0x78,0x05,0x05,0x04,0x00,0x00,0x00,
    0xff,0xe0,0xff,0x0f,0x00,0xe2,0x0f,0x00,0x35,0x78,0x04,0x04,
    0x01,0x00,0x00,0x00,0x00,0x00,0x8e,0x07,0x00,0xcc,0x0f,0x00,
    0x47,0x75,0xa0,0x00,0xf9,0xff,0xff,0xff,0xff,0xff,0x83,0x0b,
    0x00,0xea,0x0f,0x00,0xac,0x77,0x04,0xff,0x00,0x74,0x00,0x00,
    0x00,0x08,0x00,0x08,0x00,0x22,0x0e,0x00,0x82,0x7b,0x04,0xff,
    0x00,0xe0,0x00,0x00,0x00,0x0a,0x00,0x00,0x00,0x62,0x0e,0x00,
    0x02,0x72,0x02,0x00,0x00,0x00,0x00,0x00,0x00,0x0f,0x00,0x00,
    0x00,0xe2,0x0f,0x00,0x02,0x72,0x03,0x00,0xff,0x00,0x00,0x00,
    0x00,0x0f,0x00,0x00,0x00,0xe2,0x0f,0x00,0x87,0x73,0x00,0x01,
    0xff,0x00,0x00,0x00,0x00,0x08,0x10,0x00,0x00,0xe2,0x0f,0x00,
    0x02,0x78,0x13,0x00,0x38,0x38,0x38,0x38,0x00,0x0f,0x00,0x00,
    0x00,0xe2,0x0f,0x00,0xac,0x77,0x0a,0xff,0x80,0x73,0x00,0x00,
    0x00,0x08,0x00,0x08,0x00,0xa4,0x0e,0x00,0x87,0x73,0x00,0x01,
    0xff,0x04,0x00,0x00,0x00,0x08,0x10,0x00,0x00,0xe2,0x0f,0x00,
    0xac,0x77,0x08,0xff,0x00,0x71,0x00,0x00,0x00,0x0a,0x00,0x08,
    0x00,0xe2,0x0e,0x00,0x25,0x7c,0x02,0x0e,0x04,0x00,0x00,0x00,
    0x02,0x00,0x8e,0x0f,0x00,0xc8,0x1f,0x00,0x24,0x78,0x07,0x03,
    0xa0,0x00,0x00,0x00,0xff,0x02,0x8e,0x07,0x00,0xe4,0x0f,0x00,
    0x25,0x78,0x02,0x02,0xa0,0x00,0x00,0x00,0x04,0x00,0x8e,0x07,
    0x00,0xca,0x2f,0x00,0x35,0x72,0x03,0x03,0x07,0x00,0x00,0x00,
    0x00,0x00,0x8e,0x07,0x00,0xc6,0x0f,0x00,0x25,0x78,0x0c,0x0d,
    0x04,0x00,0x00,0x00,0x02,0x00,0x8e,0x07,0x00,0xe2,0x0f,0x00,
    0x87,0x73,0x00,0x01,0xff,0x08,0x00,0x00,0x00,0x08,0x10,0x00,
    0x00,0xe8,0x0f,0x00,0x81,0x79,0x08,0x0c,0x06,0x10,0x00,0x00,
    0x00,0x99,0x1e,0x0c,0x00,0x28,0x0f,0x00,0x81,0x79,0x0a,0x0c,
    0x06,0x20,0x00,0x00,0x00,0x99,0x1e,0x0c,0x00,0xa8,0x0e,0x00,
    0x87,0x73,0x00,0x01,0xff,0x0c,0x00,0x00,0x00,0x08,0x10,0x00,
    0x00,0xe8,0x0f,0x00,0x83,0x79,0x04,0x01,0x00,0x00,0x00,0x00,
    0x00,0x08,0x10,0x00,0x00,0xe8,0x0e,0x00,0x83,0x79,0x05,0x01,
    0x00,0x04,0x00,0x00,0x00,0x08,0x10,0x00,0x00,0xe8,0x0e,0x00,
    0x83,0x79,0x06,0x01,0x00,0x08,0x00,0x00,0x00,0x08,0x10,0x00,
    0x00,0xe8,0x0e,0x00,0x81,0x79,0x12,0x02,0x06,0x00,0x00,0x00,
    0x00,0x99,0x1e,0x0c,0x00,0xe8,0x0e,0x00,0x83,0x79,0x07,0x01,
    0x00,0x0c,0x00,0x00,0x00,0x08,0x10,0x00,0x00,0xe2,0x0e,0x00,
    0x02,0x72,0x09,0x00,0x08,0x00,0x00,0x00,0x00,0x0f,0x00,0x00,
    0x00,0xe2,0x0f,0x01,0x02,0x72,0x0b,0x00,0x0a,0x00,0x00,0x00,
    0x00,0x0f,0x00,0x00,0x00,0xce,0x4f,0x00,0x7f,0x74,0x04,0x08,
    0x16,0x12,0x30,0x71,0x04,0x3e,0x04,0x00,0x00,0xf6,0x8f,0x00,
    0x90,0xf2,0xff,0xff,0xff,0x00,0x00,0x00,0xff,0xe0,0xff,0x0f,
    0x00,0xf6,0x0f,0x00,0x90,0xf2,0xff,0xff,0xff,0x00,0x00,0x00,
    0xff,0xe0,0xff,0x0f,0x00,0xec,0x0f,0x00,0x87,0x73,0x00,0x01,
    0x04,0x00,0x00,0x00,0x00,0x08,0x10,0x00,0x00,0xe8,0x01,0x00,
    0x87,0x73,0x00,0x01,0x05,0x04,0x00,0x00,0x00,0x08,0x10,0x00,
    0x00,0xe8,0x03,0x00,0x87,0x73,0x00,0x01,0x06,0x08,0x00,0x00,
    0x00,0x08,0x10,0x00,0x00,0xe8,0x05,0x00,0x87,0x73,0x00,0x01,
    0x07,0x0c,0x00,0x00,0x00,0x08,0x10,0x00,0x00,0xe8,0x07,0x00,
    0x83,0x79,0x15,0x01,0x00,0x00,0x00,0x00,0x00,0x08,0x10,0x00,
    0x00,0x28,0x0f,0x00,0x83,0x79,0x08,0x01,0x00,0x04,0x00,0x00,
    0x00,0x08,0x10,0x00,0x00,0x68,0x01,0x00,0x83,0x79,0x09,0x01,
    0x00,0x08,0x00,0x00,0x00,0x08,0x10,0x00,0x00,0x68,0x05,0x00,
    0x83,0x79,0x0a,0x01,0x00,0x0c,0x00,0x00,0x00,0x08,0x10,0x00,
    0x00,0x62,0x05,0x00,0x02,0x72,0x19,0x00,0xff,0x00,0x00,0x00,
    0x00,0x0f,0x00,0x00,0x00,0xe2,0x0f,0x00,0x02,0x72,0x04,0x00,
    0x10,0x00,0x00,0x00,0x00,0x0f,0x00,0x00,0x00,0xe2,0x1f,0x00,
    0x02,0x72,0x05,0x00,0xff,0x00,0x00,0x00,0x00,0x0f,0x00,0x00,
    0x00,0xe2,0x2f,0x00,0x05,0x78,0x16,0x00,0x00,0x00,0x00,0x00,
    0x00,0xff,0x01,0x00,0x00,0xc8,0x0f,0x00,0x35,0x72,0x12,0x04,
    0x18,0x00,0x00,0x00,0x00,0x02,0x8e,0x07,0x00,0xe4,0x0f,0x00,
    0x82,0x7c,0x04,0x00,0xff,0x00,0x00,0x00,0x00,0x00,0x00,0x08,
    0x00,0xe2,0x0f,0x00,0x21,0x72,0x15,0x15,0x14,0x00,0x00,0x00,
    0x00,0x00,0x00,0x00,0x00,0xe2,0x0f,0x01,0x35,0x78,0x14,0x11,
    0x40,0x00,0x00,0x00,0x00,0x00,0x8e,0x07,0x00,0xce,0xcf,0x00,
    0x35,0x7c,0x08,0x14,0x04,0x00,0x00,0x00,0x00,0x00,0x8e,0x0f,
    0x00,0xe2,0x0f,0x02,0x82,0x7c,0x05,0x00,0xff,0x00,0x00,0x00,
    0x00,0x00,0x00,0x08,0x00,0xe4,0x0f,0x00,0x35,0x7c,0x06,0x12,
    0x04,0x00,0x00,0x00,0x00,0x02,0x8e,0x0f,0x00,0xe4,0x0f,0x00,
    0x0c,0x7c,0x00,0x08,0x0a,0x00,0x00,0x00,0x70,0x62,0xf0,0x0b,
    0x00,0xc6,0x0f,0x00,0x11,0x7c,0x04,0x06,0x08,0x00,0x00,0x00,
    0xff,0x08,0x82,0x0f,0x00,0xc8,0x0f,0x00,0x11,0x7c,0x05,0x06,
    0x09,0x00,0x00,0x00,0x07,0x0c,0x8f,0x08,0x00,0xcc,0x0f,0x00,
    0x81,0x89,0x07,0x04,0x06,0x80,0x00,0x00,0x00,0x95,0x1e,0x0c,
    0x00,0xa2,0x0e,0x00,0x02,0x72,0x06,0x00,0xff,0x00,0x00,0x00,
    0x00,0x0f,0x00,0x00,0x00,0xe2,0x0f,0x00,0x45,0x79,0x00,0x00,
    0x80,0x02,0x00,0x00,0x00,0x02,0x80,0x03,0x00,0xe2,0x0f,0x00,
    0x30,0x82,0x06,0xff,0x07,0x00,0x00,0x20,0x00,0x41,0x00,0x00,
    0x00,0xe2,0x4f,0x00,0x02,0x72,0x07,0x00,0xff,0x00,0x00,0x00,
    0x00,0x0f,0x00,0x00,0x00,0xc8,0x0f,0x00,0x0b,0x72,0x00,0x06,
    0xff,0x00,0x00,0x00,0x00,0xd0,0xf0,0x03,0x00,0xda,0x0f,0x00,
    0x47,0x89,0x88,0x00,0x00,0x00,0x00,0x00,0x00,0x00,0x80,0x03,
    0x00,0xea,0x0f,0x00,0x0b,0x78,0x00,0x06,0x00,0x00,0x80,0x3e,
    0x00,0xe2,0xf0,0x03,0x00,0xe2,0x0f,0x00,0x19,0x78,0x09,0xff,
    0x1c,0x00,0x00,0x00,0x06,0x16,0x01,0x00,0x00,0xd8,0x0f,0x00,
    0x47,0x89,0x78,0x00,0x00,0x00,0x00,0x00,0x00,0x00,0x80,0x03,
    0x00,0xea,0x0f,0x00,0x0b,0x78,0x00,0x06,0x00,0x00,0x40,0x3f,
    0x00,0xe2,0xf0,0x03,0x00,0xda,0x0f,0x00,0x47,0x89,0x64,0x00,
    0x00,0x00,0x00,0x00,0x00,0x00,0x80,0x03,0x00,0xea,0x0f,0x00,
    0x0b,0x78,0x00,0x06,0x00,0x00,0xa0,0x3f,0x00,0xe2,0xf0,0x03,
    0x00,0xda,0x0f,0x00,0x47,0x89,0x50,0x00,0x00,0x00,0x00,0x00,
    0x00,0x00,0x80,0x03,0x00,0xea,0x0f,0x00,0x0b,0x78,0x00,0x06,
    0x00,0x00,0xe0,0x3f,0x00,0xe2,0xf0,0x03,0x00,0xda,0x0f,0x00,
    0x47,0x89,0x3c,0x00,0x00,0x00,0x00,0x00,0x00,0x00,0x80,0x03,
    0x00,0xea,0x0f,0x00,0x0b,0x78,0x00,0x06,0x00,0x00,0x20,0x40,
    0x00,0xe2,0xf0,0x03,0x00,0xda,0x0f,0x00,0x47,0x89,0x28,0x00,
    0x00,0x00,0x00,0x00,0x00,0x00,0x80,0x03,0x00,0xea,0x0f,0x00,
    0x0b,0x78,0x00,0x06,0x00,0x00,0x60,0x40,0x00,0xe2,0xf0,0x03,
    0x00,0xda,0x0f,0x00,0x47,0x89,0x14,0x00,0x00,0x00,0x00,0x00,
    0x00,0x00,0x80,0x03,0x00,0xea,0x0f,0x00,0x0b,0x78,0x00,0x06,
    0x00,0x00,0xa0,0x40,0x00,0xe2,0xf0,0x03,0x00,0xe2,0x0f,0x00,
    0x02,0x78,0x06,0x00,0x08,0x00,0x00,0x00,0x00,0x0f,0x00,0x00,
    0x00,0xd8,0x0f,0x00,0x12,0x08,0x07,0x09,0x07,0x00,0x00,0x00,
    0xff,0xfc,0x8e,0x07,0x00,0xe4,0x0f,0x04,0x12,0x88,0x07,0x09,
    0x06,0x00,0x00,0x00,0x06,0xec,0x8e,0x07,0x00,0xe2,0x0f,0x00,
    0x47,0x79,0x40,0x00,0x00,0x00,0x00,0x00,0x00,0x00,0x80,0x03,
    0x00,0xec,0x0f,0x00,0x02,0x78,0x06,0x00,0x08,0x00,0x00,0x00,
    0x00,0x0f,0x00,0x00,0x00,0xca,0x0f,0x00,0x12,0x78,0x07,0x09,
    0x05,0x00,0x00,0x00,0x06,0xec,0x8e,0x07,0x00,0xe2,0x0f,0x00,
    0x47,0x79,0x34,0x00,0x00,0x00,0x00,0x00,0x00,0x00,0x80,0x03,
    0x00,0xec,0x0f,0x00,0x02,0x78,0x06,0x00,0x08,0x00,0x00,0x00,
    0x00,0x0f,0x00,0x00,0x00,0xca,0x0f,0x00,0x12,0x78,0x07,0x09,
    0x04,0x00,0x00,0x00,0x06,0xec,0x8e,0x07,0x00,0xe2,0x0f,0x00,
    0x47,0x79,0x28,0x00,0x00,0x00,0x00,0x00,0x00,0x00,0x80,0x03,
    0x00,0xec,0x0f,0x00,0x02,0x78,0x06,0x00,0x08,0x00,0x00,0x00,
    0x00,0x0f,0x00,0x00,0x00,0xca,0x0f,0x00,0x12,0x78,0x07,0x09,
    0x03,0x00,0x00,0x00,0x06,0xec,0x8e,0x07,0x00,0xe2,0x0f,0x00,
    0x47,0x79,0x1c,0x00,0x00,0x00,0x00,0x00,0x00,0x00,0x80,0x03,
    0x00,0xec,0x0f,0x00,0x02,0x78,0x06,0x00,0x08,0x00,0x00,0x00,
    0x00,0x0f,0x00,0x00,0x00,0xca,0x0f,0x00,0x12,0x78,0x07,0x09,
    0x02,0x00,0x00,0x00,0x06,0xec,0x8e,0x07,0x00,0xe2,0x0f,0x00,
    0x47,0x79,0x10,0x00,0x00,0x00,0x00,0x00,0x00,0x00,0x80,0x03,
    0x00,0xec,0x0f,0x00,0x02,0x78,0x06,0x00,0x08,0x00,0x00,0x00,
    0x00,0x0f,0x00,0x00,0x00,0xca,0x0f,0x00,0x12,0x78,0x07,0x09,
    0x01,0x00,0x00,0x00,0x06,0xec,0x8e,0x07,0x00,0xe2,0x0f,0x00,
    0x47,0x79,0x04,0x00,0x00,0x00,0x00,0x00,0x00,0x00,0x80,0x03,
    0x00,0xec,0x0f,0x00,0x12,0x78,0x07,0x09,0x08,0x00,0x00,0x00,
    0xff,0xc0,0x8e,0x07,0x00,0xce,0x0f,0x00,0x18,0x79,0x00,0x00,
    0x00,0x00,0x00,0x00,0x00,0x00,0x00,0x00,0x00,0xe2,0x0f,0x00,
    0x41,0x79,0x00,0x00,0x00,0x00,0x00,0x00,0x00,0x02,0x80,0x03,
    0x00,0xea,0x0f,0x00,0x35,0x78,0x06,0x08,0x20,0x00,0x00,0x00,
    0x00,0x00,0x8e,0x07,0x00,0xca,0x0f,0x00,0x0c,0x7c,0x00,0x06,
    0x0a,0x00,0x00,0x00,0x70,0x62,0xf0,0x0b,0x00,0xda,0x0f,0x00,
    0x81,0x89,0x04,0x04,0x06,0xc0,0x00,0x00,0x00,0x95,0x1e,0x0c,
    0x00,0xa2,0x0e,0x00,0x02,0x72,0x06,0x00,0xff,0x00,0x00,0x00,
    0x00,0x0f,0x00,0x00,0x00,0xe2,0x0f,0x00,0x99,0x78,0x05,0x04,
    0x02,0x00,0x00,0x00,0xff,0x06,0x00,0x08,0x00,0xe2,0x0f,0x00,
    0x45,0x79,0x00,0x00,0xa0,0x02,0x00,0x00,0x00,0x02,0x80,0x03,
    0x00,0xe2,0x0f,0x00,0x02,0x72,0x08,0x00,0xff,0x00,0x00,0x00,
    0x00,0x0f,0x00,0x00,0x00,0xc8,0x0f,0x00,0x19,0x7c,0x07,0x07,
    0x05,0x00,0x00,0x00,0xff,0x06,0x00,0x08,0x00,0xc8,0x0f,0x00,
    0x12,0x72,0x16,0x07,0x16,0x00,0x00,0x00,0xff,0xfc,0x8e,0x07,
    0x00,0xe2,0x0f,0x00,0x30,0x82,0x06,0xff,0x04,0x00,0x00,0x20,
    0x00,0x41,0x00,0x00,0x00,0xca,0x4f,0x00,0x0b,0x72,0x00,0x06,
    0xff,0x00,0x00,0x00,0x00,0xd0,0xf0,0x03,0x00,0xda,0x0f,0x00,
    0x47,0x89,0x88,0x00,0x00,0x00,0x00,0x00,0x00,0x00,0x80,0x03,
    0x00,0xea,0x0f,0x00,0x0b,0x78,0x00,0x06,0x00,0x00,0x80,0x3e,
    0x00,0xe2,0xf0,0x03,0x00,0xe2,0x0f,0x00,0x19,0x78,0x04,0xff,
    0x1c,0x00,0x00,0x00,0x06,0x16,0x01,0x00,0x00,0xd8,0x0f,0x00,
    0x47,0x89,0x78,0x00,0x00,0x00,0x00,0x00,0x00,0x00,0x80,0x03,
    0x00,0xea,0x0f,0x00,0x0b,0x78,0x00,0x06,0x00,0x00,0x40,0x3f,
    0x00,0xe2,0xf0,0x03,0x00,0xda,0x0f,0x00,0x47,0x89,0x64,0x00,
    0x00,0x00,0x00,0x00,0x00,0x00,0x80,0x03,0x00,0xea,0x0f,0x00,
    0x0b,0x78,0x00,0x06,0x00,0x00,0xa0,0x3f,0x00,0xe2,0xf0,0x03,
    0x00,0xda,0x0f,0x00,0x47,0x89,0x50,0x00,0x00,0x00,0x00,0x00,
    0x00,0x00,0x80,0x03,0x00,0xea,0x0f,0x00,0x0b,0x78,0x00,0x06,
    0x00,0x00,0xe0,0x3f,0x00,0xe2,0xf0,0x03,0x00,0xda,0x0f,0x00,
    0x47,0x89,0x3c,0x00,0x00,0x00,0x00,0x00,0x00,0x00,0x80,0x03,
    0x00,0xea,0x0f,0x00,0x0b,0x78,0x00,0x06,0x00,0x00,0x20,0x40,
    0x00,0xe2,0xf0,0x03,0x00,0xda,0x0f,0x00,0x47,0x89,0x28,0x00,
    0x00,0x00,0x00,0x00,0x00,0x00,0x80,0x03,0x00,0xea,0x0f,0x00,
    0x0b,0x78,0x00,0x06,0x00,0x00,0x60,0x40,0x00,0xe2,0xf0,0x03,
    0x00,0xda,0x0f,0x00,0x47,0x89,0x14,0x00,0x00,0x00,0x00,0x00,
    0x00,0x00,0x80,0x03,0x00,0xea,0x0f,0x00,0x0b,0x78,0x00,0x06,
    0x00,0x00,0xa0,0x40,0x00,0xe2,0xf0,0x03,0x00,0xe2,0x0f,0x00,
    0x02,0x78,0x05,0x00,0x08,0x00,0x00,0x00,0x00,0x0f,0x00,0x00,
    0x00,0xd8,0x0f,0x00,0x12,0x08,0x08,0x04,0x07,0x00,0x00,0x00,
    0xff,0xfc,0x8e,0x07,0x00,0xe4,0x0f,0x04,0x12,0x88,0x08,0x04,
    0x06,0x00,0x00,0x00,0x05,0xec,0x8e,0x07,0x00,0xe2,0x0f,0x00,
    0x47,0x79,0x40,0x00,0x00,0x00,0x00,0x00,0x00,0x00,0x80,0x03,
    0x00,0xec,0x0f,0x00,0x02,0x78,0x05,0x00,0x08,0x00,0x00,0x00,
    0x00,0x0f,0x00,0x00,0x00,0xca,0x0f,0x00,0x12,0x78,0x08,0x04,
    0x05,0x00,0x00,0x00,0x05,0xec,0x8e,0x07,0x00,0xe2,0x0f,0x00,
    0x47,0x79,0x34,0x00,0x00,0x00,0x00,0x00,0x00,0x00,0x80,0x03,
    0x00,0xec,0x0f,0x00,0x02,0x78,0x05,0x00,0x08,0x00,0x00,0x00,
    0x00,0x0f,0x00,0x00,0x00,0xca,0x0f,0x00,0x12,0x78,0x08,0x04,
    0x04,0x00,0x00,0x00,0x05,0xec,0x8e,0x07,0x00,0xe2,0x0f,0x00,
    0x47,0x79,0x28,0x00,0x00,0x00,0x00,0x00,0x00,0x00,0x80,0x03,
    0x00,0xec,0x0f,0x00,0x02,0x78,0x05,0x00,0x08,0x00,0x00,0x00,
    0x00,0x0f,0x00,0x00,0x00,0xca,0x0f,0x00,0x12,0x78,0x08,0x04,
    0x03,0x00,0x00,0x00,0x05,0xec,0x8e,0x07,0x00,0xe2,0x0f,0x00,
    0x47,0x79,0x1c,0x00,0x00,0x00,0x00,0x00,0x00,0x00,0x80,0x03,
    0x00,0xec,0x0f,0x00,0x02,0x78,0x05,0x00,0x08,0x00,0x00,0x00,
    0x00,0x0f,0x00,0x00,0x00,0xca,0x0f,0x00,0x12,0x78,0x08,0x04,
    0x02,0x00,0x00,0x00,0x05,0xec,0x8e,0x07,0x00,0xe2,0x0f,0x00,
    0x47,0x79,0x10,0x00,0x00,0x00,0x00,0x00,0x00,0x00,0x80,0x03,
    0x00,0xec,0x0f,0x00,0x02,0x78,0x05,0x00,0x08,0x00,0x00,0x00,
    0x00,0x0f,0x00,0x00,0x00,0xca,0x0f,0x00,0x12,0x78,0x08,0x04,
    0x01,0x00,0x00,0x00,0x05,0xec,0x8e,0x07,0x00,0xe2,0x0f,0x00,
    0x47,0x79,0x04,0x00,0x00,0x00,0x00,0x00,0x00,0x00,0x80,0x03,
    0x00,0xec,0x0f,0x00,0x12,0x78,0x08,0x04,0x08,0x00,0x00,0x00,
    0xff,0xc0,0x8e,0x07,0x00,0xce,0x0f,0x00,0x18,0x79,0x00,0x00,
    0x00,0x00,0x00,0x00,0x00,0x00,0x00,0x00,0x00,0xe2,0x0f,0x00,
    0x41,0x79,0x00,0x00,0x00,0x00,0x00,0x00,0x00,0x02,0x80,0x03,
    0x00,0xea,0x0f,0x00,0x90,0x78,0x04,0x04,0x01,0x00,0x00,0x00,
    0xff,0xe0,0xff,0x0f,0x00,0xe2,0x0f,0x00,0x19,0x7c,0x08,0x08,
    0x05,0x00,0x00,0x00,0xff,0x06,0x00,0x08,0x00,0xc6,0x0f,0x00,
    0x8c,0x78,0x00,0x04,0x08,0x00,0x00,0x00,0x70,0x50,0xf0,0x0b,
    0x00,0xe2,0x0f,0x00,0x12,0x72,0x17,0x08,0x17,0x00,0x00,0x00,
    0xff,0xfc,0x8e,0x07,0x00,0xd0,0x0f,0x00,0x47,0x75,0x68,0x00,
    0xf9,0xff,0xff,0xff,0xff,0xff,0x83,0x0b,0x00,0xea,0x0f,0x00,
    0x87,0x73,0x00,0x01,0xff,0x00,0x00,0x00,0x00,0x08,0x10,0x00,
    0x00,0xe8,0x01,0x00,0x81,0x79,0x08,0x0c,0x06,0x30,0x00,0x00,
    0x00,0x99,0x1e,0x0c,0x00,0xa8,0x0e,0x00,0x81,0x79,0x0a,0x0c,
    0x06,0x40,0x00,0x00,0x00,0x99,0x1e,0x0c,0x00,0xe8,0x0e,0x00,
    0x81,0x79,0x18,0x02,0x06,0x04,0x00,0x00,0x00,0x99,0x1e,0x0c,
    0x00,0x22,0x0f,0x00,0x02,0x78,0x19,0x00,0x38,0x38,0x38,0x38,
    0x00,0x0f,0x00,0x00,0x00,0xe2,0x0f,0x00,0xac,0x77,0x08,0xff,
    0x80,0x73,0x00,0x00,0x00,0x08,0x00,0x08,0x00,0x64,0x0e,0x00,
    0x87,0x73,0x00,0x01,0xff,0x04,0x00,0x00,0x00,0x08,0x10,0x00,
    0x00,0xe2,0x01,0x00,0xac,0x77,0x0a,0xff,0x00,0x71,0x00,0x00,
    0x00,0x0a,0x00,0x08,0x00,0x26,0x0e,0x00,0x87,0x73,0x00,0x01,
    0xff,0x08,0x00,0x00,0x00,0x08,0x10,0x00,0x00,0xe8,0x01,0x00,
    0x87,0x73,0x00,0x01,0xff,0x0c,0x00,0x00,0x00,0x08,0x10,0x00,
    0x00,0xe8,0x01,0x00,0x83,0x79,0x04,0x01,0x00,0x00,0x00,0x00,
    0x00,0x08,0x10,0x00,0x00,0x28,0x0f,0x00,0x83,0x79,0x05,0x01,
    0x00,0x04,0x00,0x00,0x00,0x08,0x10,0x00,0x00,0x28,0x0f,0x00,
    0x83,0x79,0x06,0x01,0x00,0x08,0x00,0x00,0x00,0x08,0x10,0x00,
    0x00,0x28,0x0f,0x00,0x83,0x79,0x07,0x01,0x00,0x0c,0x00,0x00,
    0x00,0x08,0x10,0x00,0x00,0x22,0x0f,0x00,0x02,0x72,0x09,0x00,
    0x08,0x00,0x00,0x00,0x00,0x0f,0x00,0x00,0x00,0xe2,0x4f,0x00,
    0x02,0x72,0x0b,0x00,0x0a,0x00,0x00,0x00,0x00,0x0f,0x00,0x00,
    0x00,0xce,0x8f,0x00,0x7f,0x74,0x04,0x08,0x16,0x18,0x90,0x71,
    0x04,0x3e,0x04,0x00,0x00,0xf6,0x0f,0x01,0x90,0xf2,0xff,0xff,
    0xff,0x00,0x00,0x00,0xff,0xe0,0xff,0x0f,0x00,0xf6,0x0f,0x00,
    0x90,0xf2,0xff,0xff,0xff,0x00,0x00,0x00,0xff,0xe0,0xff,0x0f,
    0x00,0xec,0x0f,0x00,0x87,0x73,0x00,0x01,0x04,0x00,0x00,0x00,
    0x00,0x08,0x10,0x00,0x00,0xe8,0x05,0x00,0x87,0x73,0x00,0x01,
    0x05,0x04,0x00,0x00,0x00,0x08,0x10,0x00,0x00,0xe8,0x07,0x00,
    0x87,0x73,0x00,0x01,0x06,0x08,0x00,0x00,0x00,0x08,0x10,0x00,
    0x00,0xe8,0x09,0x00,0x87,0x73,0x00,0x01,0x07,0x0c,0x00,0x00,
    0x00,0x08,0x10,0x00,0x00,0xe8,0x03,0x00,0x83,0x79,0x08,0x01,
    0x00,0x00,0x00,0x00,0x00,0x08,0x10,0x00,0x00,0xa8,0x0e,0x00,
    0x83,0x79,0x09,0x01,0x00,0x04,0x00,0x00,0x00,0x08,0x10,0x00,
    0x00,0x68,0x01,0x00,0x83,0x79,0x0a,0x01,0x00,0x08,0x00,0x00,
    0x00,0x08,0x10,0x00,0x00,0x68,0x01,0x00,0x83,0x79,0x0b,0x01,
    0x00,0x0c,0x00,0x00,0x00,0x08,0x10,0x00,0x00,0x62,0x01,0x00,
    0x05,0x78,0x16,0x00,0x00,0x00,0x00,0x00,0x00,0xff,0x01,0x00,
    0x00,0xe2,0x0f,0x00,0x82,0x7c,0x04,0x00,0xff,0x00,0x00,0x00,
    0x00,0x00,0x00,0x08,0x00,0xe2,0x0f,0x00,0x21,0x72,0x15,0x15,
    0x08,0x00,0x00,0x00,0x00,0x00,0x00,0x00,0x00,0xce,0xff,0x01,
    0x35,0x7c,0x08,0x14,0x04,0x00,0x00,0x00,0x00,0x00,0x8e,0x0f,
    0x00,0xe2,0x0f,0x00,0x82,0x7c,0x05,0x00,0xff,0x00,0x00,0x00,
    0x00,0x00,0x00,0x08,0x00,0xe4,0x0f,0x00,0x35,0x7c,0x06,0x12,
    0x04,0x00,0x00,0x00,0x00,0x02,0x8e,0x0f,0x00,0xe4,0x0f,0x00,
    0x35,0x78,0x04,0x08,0x40,0x00,0x00,0x00,0x00,0x00,0x8e,0x07,
    0x00,0xca,0x0f,0x00,0x0c,0x7c,0x00,0x04,0x08,0x00,0x00,0x00,
    0x70,0x62,0xf0,0x0b,0x00,0xe2,0x0f,0x00,0x11,0x7c,0x04,0x06,
    0x0a,0x00,0x00,0x00,0xff,0x08,0x82,0x0f,0x00,0xc8,0x0f,0x00,
    0x11,0x7c,0x05,0x06,0x0b,0x00,0x00,0x00,0x07,0x0c,0x8f,0x08,
    0x00,0xd0,0x0f,0x00,0x81,0x89,0x07,0x04,0x06,0x00,0x01,0x00,
    0x00,0x95,0x1e,0x0c,0x00,0xa2,0x0e,0x00,0x02,0x72,0x06,0x00,
    0xff,0x00,0x00,0x00,0x00,0x0f,0x00,0x00,0x00,0xe2,0x0f,0x00,
    0x45,0x79,0x00,0x00,0x80,0x02,0x00,0x00,0x00,0x02,0x80,0x03,
    0x00,0xe2,0x0f,0x00,0x30,0x82,0x06,0xff,0x07,0x00,0x00,0x20,
    0x00,0x41,0x00,0x00,0x00,0xe2,0x4f,0x00,0x02,0x72,0x07,0x00,
    0xff,0x00,0x00,0x00,0x00,0x0f,0x00,0x00,0x00,0xc8,0x0f,0x00,
    0x0b,0x72,0x00,0x06,0xff,0x00,0x00,0x00,0x00,0xd0,0xf0,0x03,
    0x00,0xda,0x0f,0x00,0x47,0x89,0x88,0x00,0x00,0x00,0x00,0x00,
    0x00,0x00,0x80,0x03,0x00,0xea,0x0f,0x00,0x0b,0x78,0x00,0x06,
    0x00,0x00,0x80,0x3e,0x00,0xe2,0xf0,0x03,0x00,0xe2,0x0f,0x00,
    0x19,0x78,0x09,0xff,0x1c,0x00,0x00,0x00,0x06,0x16,0x01,0x00,
    0x00,0xd8,0x0f,0x02,0x47,0x89,0x78,0x00,0x00,0x00,0x00,0x00,
    0x00,0x00,0x80,0x03,0x00,0xea,0x0f,0x00,0x0b,0x78,0x00,0x06,
    0x00,0x00,0x40,0x3f,0x00,0xe2,0xf0,0x03,0x00,0xda,0x0f,0x00,
    0x47,0x89,0x64,0x00,0x00,0x00,0x00,0x00,0x00,0x00,0x80,0x03,
    0x00,0xea,0x0f,0x00,0x0b,0x78,0x00,0x06,0x00,0x00,0xa0,0x3f,
    0x00,0xe2,0xf0,0x03,0x00,0xda,0x0f,0x00,0x47,0x89,0x50,0x00,
    0x00,0x00,0x00,0x00,0x00,0x00,0x80,0x03,0x00,0xea,0x0f,0x00,
    0x0b,0x78,0x00,0x06,0x00,0x00,0xe0,0x3f,0x00,0xe2,0xf0,0x03,
    0x00,0xda,0x0f,0x00,0x47,0x89,0x3c,0x00,0x00,0x00,0x00,0x00,
    0x00,0x00,0x80,0x03,0x00,0xea,0x0f,0x00,0x0b,0x78,0x00,0x06,
    0x00,0x00,0x20,0x40,0x00,0xe2,0xf0,0x03,0x00,0xda,0x0f,0x00,
    0x47,0x89,0x28,0x00,0x00,0x00,0x00,0x00,0x00,0x00,0x80,0x03,
    0x00,0xea,0x0f,0x00,0x0b,0x78,0x00,0x06,0x00,0x00,0x60,0x40,
    0x00,0xe2,0xf0,0x03,0x00,0xda,0x0f,0x00,0x47,0x89,0x14,0x00,
    0x00,0x00,0x00,0x00,0x00,0x00,0x80,0x03,0x00,0xea,0x0f,0x00,
    0x0b,0x78,0x00,0x06,0x00,0x00,0xa0,0x40,0x00,0xe2,0xf0,0x03,
    0x00,0xe2,0x0f,0x00,0x02,0x78,0x06,0x00,0x08,0x00,0x00,0x00,
    0x00,0x0f,0x00,0x00,0x00,0xd8,0x0f,0x00,0x12,0x08,0x07,0x09,
    0x07,0x00,0x00,0x00,0xff,0xfc,0x8e,0x07,0x00,0xe4,0x0f,0x04,
    0x12,0x88,0x07,0x09,0x06,0x00,0x00,0x00,0x06,0xec,0x8e,0x07,
    0x00,0xe2,0x0f,0x00,0x47,0x79,0x40,0x00,0x00,0x00,0x00,0x00,
    0x00,0x00,0x80,0x03,0x00,0xec,0x0f,0x00,0x02,0x78,0x06,0x00,
    0x08,0x00,0x00,0x00,0x00,0x0f,0x00,0x00,0x00,0xca,0x0f,0x00,
    0x12,0x78,0x07,0x09,0x05,0x00,0x00,0x00,0x06,0xec,0x8e,0x07,
    0x00,0xe2,0x0f,0x00,0x47,0x79,0x34,0x00,0x00,0x00,0x00,0x00,
    0x00,0x00,0x80,0x03,0x00,0xec,0x0f,0x00,0x02,0x78,0x06,0x00,
    0x08,0x00,0x00,0x00,0x00,0x0f,0x00,0x00,0x00,0xca,0x0f,0x00,
    0x12,0x78,0x07,0x09,0x04,0x00,0x00,0x00,0x06,0xec,0x8e,0x07,
    0x00,0xe2,0x0f,0x00,0x47,0x79,0x28,0x00,0x00,0x00,0x00,0x00,
    0x00,0x00,0x80,0x03,0x00,0xec,0x0f,0x00,0x02,0x78,0x06,0x00,
    0x08,0x00,0x00,0x00,0x00,0x0f,0x00,0x00,0x00,0xca,0x0f,0x00,
    0x12,0x78,0x07,0x09,0x03,0x00,0x00,0x00,0x06,0xec,0x8e,0x07,
    0x00,0xe2,0x0f,0x00,0x47,0x79,0x1c,0x00,0x00,0x00,0x00,0x00,
    0x00,0x00,0x80,0x03,0x00,0xec,0x0f,0x00,0x02,0x78,0x06,0x00,
    0x08,0x00,0x00,0x00,0x00,0x0f,0x00,0x00,0x00,0xca,0x0f,0x00,
    0x12,0x78,0x07,0x09,0x02,0x00,0x00,0x00,0x06,0xec,0x8e,0x07,
    0x00,0xe2,0x0f,0x00,0x47,0x79,0x10,0x00,0x00,0x00,0x00,0x00,
    0x00,0x00,0x80,0x03,0x00,0xec,0x0f,0x00,0x02,0x78,0x06,0x00,
    0x08,0x00,0x00,0x00,0x00,0x0f,0x00,0x00,0x00,0xca,0x0f,0x00,
    0x12,0x78,0x07,0x09,0x01,0x00,0x00,0x00,0x06,0xec,0x8e,0x07,
    0x00,0xe2,0x0f,0x00,0x47,0x79,0x04,0x00,0x00,0x00,0x00,0x00,
    0x00,0x00,0x80,0x03,0x00,0xec,0x0f,0x00,0x12,0x78,0x07,0x09,
    0x08,0x00,0x00,0x00,0xff,0xc0,0x8e,0x07,0x00,0xce,0x0f,0x00,
    0x18,0x79,0x00,0x00,0x00,0x00,0x00,0x00,0x00,0x00,0x00,0x00,
    0x00,0xe2,0x0f,0x00,0x41,0x79,0x00,0x00,0x00,0x00,0x00,0x00,
    0x00,0x02,0x80,0x03,0x00,0xea,0x0f,0x00,0x35,0x78,0x06,0x08,
    0x60,0x00,0x00,0x00,0x00,0x00,0x8e,0x07,0x00,0xca,0x0f,0x00,
    0x0c,0x7c,0x00,0x06,0x08,0x00,0x00,0x00,0x70,0x62,0xf0,0x0b,
    0x00,0xda,0x0f,0x00,0x81,0x89,0x04,0x04,0x06,0x40,0x01,0x00,
    0x00,0x95,0x1e,0x0c,0x00,0xa2,0x0e,0x00,0x02,0x72,0x06,0x00,
    0xff,0x00,0x00,0x00,0x00,0x0f,0x00,0x00,0x00,0xe2,0x0f,0x00,
    0x99,0x78,0x05,0x04,0x02,0x00,0x00,0x00,0xff,0x06,0x00,0x08,
    0x00,0xe2,0x0f,0x00,0x45,0x79,0x00,0x00,0xa0,0x02,0x00,0x00,
    0x00,0x02,0x80,0x03,0x00,0xe2,0x0f,0x00,0x02,0x72,0x08,0x00,
    0xff,0x00,0x00,0x00,0x00,0x0f,0x00,0x00,0x00,0xc8,0x0f,0x00,
    0x19,0x7c,0x07,0x07,0x05,0x00,0x00,0x00,0xff,0x06,0x00,0x08,
    0x00,0xc8,0x0f,0x00,0x12,0x72,0x16,0x07,0x16,0x00,0x00,0x00,
    0xff,0xfc,0x8e,0x07,0x00,0xe2,0x0f,0x00,0x30,0x82,0x06,0xff,
    0x04,0x00,0x00,0x20,0x00,0x41,0x00,0x00,0x00,0xca,0x4f,0x00,
    0x0b,0x72,0x00,0x06,0xff,0x00,0x00,0x00,0x00,0xd0,0xf0,0x03,
    0x00,0xda,0x0f,0x00,0x47,0x89,0x88,0x00,0x00,0x00,0x00,0x00,
    0x00,0x00,0x80,0x03,0x00,0xea,0x0f,0x00,0x0b,0x78,0x00,0x06,
    0x00,0x00,0x80,0x3e,0x00,0xe2,0xf0,0x03,0x00,0xe2,0x0f,0x00,
    0x19,0x78,0x04,0xff,0x1c,0x00,0x00,0x00,0x06,0x16,0x01,0x00,
    0x00,0xd8,0x0f,0x00,0x47,0x89,0x78,0x00,0x00,0x00,0x00,0x00,
    0x00,0x00,0x80,0x03,0x00,0xea,0x0f,0x00,0x0b,0x78,0x00,0x06,
    0x00,0x00,0x40,0x3f,0x00,0xe2,0xf0,0x03,0x00,0xda,0x0f,0x00,
    0x47,0x89,0x64,0x00,0x00,0x00,0x00,0x00,0x00,0x00,0x80,0x03,
    0x00,0xea,0x0f,0x00,0x0b,0x78,0x00,0x06,0x00,0x00,0xa0,0x3f,
    0x00,0xe2,0xf0,0x03,0x00,0xda,0x0f,0x00,0x47,0x89,0x50,0x00,
    0x00,0x00,0x00,0x00,0x00,0x00,0x80,0x03,0x00,0xea,0x0f,0x00,
    0x0b,0x78,0x00,0x06,0x00,0x00,0xe0,0x3f,0x00,0xe2,0xf0,0x03,
    0x00,0xda,0x0f,0x00,0x47,0x89,0x3c,0x00,0x00,0x00,0x00,0x00,
    0x00,0x00,0x80,0x03,0x00,0xea,0x0f,0x00,0x0b,0x78,0x00,0x06,
    0x00,0x00,0x20,0x40,0x00,0xe2,0xf0,0x03,0x00,0xda,0x0f,0x00,
    0x47,0x89,0x28,0x00,0x00,0x00,0x00,0x00,0x00,0x00,0x80,0x03,
    0x00,0xea,0x0f,0x00,0x0b,0x78,0x00,0x06,0x00,0x00,0x60,0x40,
    0x00,0xe2,0xf0,0x03,0x00,0xda,0x0f,0x00,0x47,0x89,0x14,0x00,
    0x00,0x00,0x00,0x00,0x00,0x00,0x80,0x03,0x00,0xea,0x0f,0x00,
    0x0b,0x78,0x00,0x06,0x00,0x00,0xa0,0x40,0x00,0xe2,0xf0,0x03,
    0x00,0xe2,0x0f,0x00,0x02,0x78,0x05,0x00,0x08,0x00,0x00,0x00,
    0x00,0x0f,0x00,0x00,0x00,0xd8,0x0f,0x00,0x12,0x08,0x08,0x04,
    0x07,0x00,0x00,0x00,0xff,0xfc,0x8e,0x07,0x00,0xe4,0x0f,0x04,
    0x12,0x88,0x08,0x04,0x06,0x00,0x00,0x00,0x05,0xec,0x8e,0x07,
    0x00,0xe2,0x0f,0x00,0x47,0x79,0x40,0x00,0x00,0x00,0x00,0x00,
    0x00,0x00,0x80,0x03,0x00,0xec,0x0f,0x00,0x02,0x78,0x05,0x00,
    0x08,0x00,0x00,0x00,0x00,0x0f,0x00,0x00,0x00,0xca,0x0f,0x00,
    0x12,0x78,0x08,0x04,0x05,0x00,0x00,0x00,0x05,0xec,0x8e,0x07,
    0x00,0xe2,0x0f,0x00,0x47,0x79,0x34,0x00,0x00,0x00,0x00,0x00,
    0x00,0x00,0x80,0x03,0x00,0xec,0x0f,0x00,0x02,0x78,0x05,0x00,
    0x08,0x00,0x00,0x00,0x00,0x0f,0x00,0x00,0x00,0xca,0x0f,0x00,
    0x12,0x78,0x08,0x04,0x04,0x00,0x00,0x00,0x05,0xec,0x8e,0x07,
    0x00,0xe2,0x0f,0x00,0x47,0x79,0x28,0x00,0x00,0x00,0x00,0x00,
    0x00,0x00,0x80,0x03,0x00,0xec,0x0f,0x00,0x02,0x78,0x05,0x00,
    0x08,0x00,0x00,0x00,0x00,0x0f,0x00,0x00,0x00,0xca,0x0f,0x00,
    0x12,0x78,0x08,0x04,0x03,0x00,0x00,0x00,0x05,0xec,0x8e,0x07,
    0x00,0xe2,0x0f,0x00,0x47,0x79,0x1c,0x00,0x00,0x00,0x00,0x00,
    0x00,0x00,0x80,0x03,0x00,0xec,0x0f,0x00,0x02,0x78,0x05,0x00,
    0x08,0x00,0x00,0x00,0x00,0x0f,0x00,0x00,0x00,0xca,0x0f,0x00,
    0x12,0x78,0x08,0x04,0x02,0x00,0x00,0x00,0x05,0xec,0x8e,0x07,
    0x00,0xe2,0x0f,0x00,0x47,0x79,0x10,0x00,0x00,0x00,0x00,0x00,
    0x00,0x00,0x80,0x03,0x00,0xec,0x0f,0x00,0x02,0x78,0x05,0x00,
    0x08,0x00,0x00,0x00,0x00,0x0f,0x00,0x00,0x00,0xca,0x0f,0x00,
    0x12,0x78,0x08,0x04,0x01,0x00,0x00,0x00,0x05,0xec,0x8e,0x07,
    0x00,0xe2,0x0f,0x00,0x47,0x79,0x04,0x00,0x00,0x00,0x00,0x00,
    0x00,0x00,0x80,0x03,0x00,0xec,0x0f,0x00,0x12,0x78,0x08,0x04,
    0x08,0x00,0x00,0x00,0xff,0xc0,0x8e,0x07,0x00,0xce,0x0f,0x00,
    0x18,0x79,0x00,0x00,0x00,0x00,0x00,0x00,0x00,0x00,0x00,0x00,
    0x00,0xe2,0x0f,0x00,0x41,0x79,0x00,0x00,0x00,0x00,0x00,0x00,
    0x00,0x02,0x80,0x03,0x00,0xea,0x0f,0x00,0x90,0x78,0x04,0x04,
    0x01,0x00,0x00,0x00,0xff,0xe0,0xff,0x0f,0x00,0xe2,0x0f,0x00,
    0x19,0x7c,0x08,0x08,0x05,0x00,0x00,0x00,0xff,0x06,0x00,0x08,
    0x00,0xc6,0x0f,0x00,0x8c,0x78,0x00,0x04,0x08,0x00,0x00,0x00,
    0x70,0x50,0xf0,0x0b,0x00,0xe2,0x0f,0x00,0x12,0x72,0x17,0x08,
    0x17,0x00,0x00,0x00,0xff,0xfc,0x8e,0x07,0x00,0xd0,0x0f,0x00,
    0x47,0x75,0x64,0x00,0xf9,0xff,0xff,0xff,0xff,0xff,0x83,0x0b,
    0x00,0xea,0x0f,0x00,0x87,0x73,0x00,0x01,0xff,0x00,0x00,0x00,
    0x00,0x08,0x10,0x00,0x00,0xe8,0x01,0x00,0x81,0x79,0x08,0x0c,
    0x06,0x50,0x00,0x00,0x00,0x99,0x1e,0x0c,0x00,0xa8,0x0e,0x00,
    0x81,0x79,0x0a,0x0c,0x06,0x60,0x00,0x00,0x00,0x99,0x1e,0x0c,
    0x00,0xe8,0x0e,0x02,0x81,0x79,0x14,0x02,0x06,0x08,0x00,0x00,
    0x00,0x99,0x1e,0x0c,0x00,0x22,0x0f,0x00,0x02,0x78,0x19,0x00,
    0x38,0x38,0x38,0x38,0x00,0x0f,0x00,0x00,0x00,0xe2,0x0f,0x00,
    0xac,0x77,0x08,0xff,0x80,0x73,0x00,0x00,0x00,0x08,0x00,0x08,
    0x00,0x64,0x0e,0x00,0x87,0x73,0x00,0x01,0xff,0x04,0x00,0x00,
    0x00,0x08,0x10,0x00,0x00,0xe2,0x01,0x00,0xac,0x77,0x0a,0xff,
    0x00,0x71,0x00,0x00,0x00,0x0a,0x00,0x08,0x00,0x26,0x0e,0x00,
    0x87,0x73,0x00,0x01,0xff,0x08,0x00,0x00,0x00,0x08,0x10,0x00,
    0x00,0xe8,0x01,0x00,0x87,0x73,0x00,0x01,0xff,0x0c,0x00,0x00,
    0x00,0x08,0x10,0x00,0x00,0xe8,0x01,0x00,0x83,0x79,0x04,0x01,
    0x00,0x00,0x00,0x00,0x00,0x08,0x10,0x00,0x00,0x28,0x0f,0x00,
    0x83,0x79,0x05,0x01,0x00,0x04,0x00,0x00,0x00,0x08,0x10,0x00,
    0x00,0x28,0x0f,0x00,0x83,0x79,0x06,0x01,0x00,0x08,0x00,0x00,
    0x00,0x08,0x10,0x00,0x00,0x28,0x0f,0x00,0x83,0x79,0x07,0x01,
    0x00,0x0c,0x00,0x00,0x00,0x08,0x10,0x00,0x00,0x22,0x0f,0x00,
    0x02,0x72,0x09,0x00,0x08,0x00,0x00,0x00,0x00,0x0f,0x00,0x00,
    0x00,0xe2,0x4f,0x00,0x02,0x72,0x0b,0x00,0x0a,0x00,0x00,0x00,
    0x00,0x0f,0x00,0x00,0x00,0xce,0x8f,0x00,0x7f,0x74,0x08,0x08,
    0x16,0x14,0x90,0x71,0x04,0x3e,0x04,0x00,0x00,0xe2,0x0f,0x01,
    0x81,0x79,0x04,0x0c,0x06,0x70,0x00,0x00,0x00,0x99,0x1e,0x0c,
    0x00,0x68,0x05,0x00,0x81,0x79,0x06,0x0c,0x06,0x80,0x00,0x00,
    0x00,0x99,0x1e,0x0c,0x00,0x76,0x07,0x00,0x90,0xf2,0xff,0xff,
    0xff,0x00,0x00,0x00,0xff,0xe0,0xff,0x0f,0x00,0xf6,0x0f,0x00,
    0x90,0xf2,0xff,0xff,0xff,0x00,0x00,0x00,0xff,0xe0,0xff,0x0f,
    0x00,0xe2,0x0f,0x00,0x87,0x73,0x00,0x01,0x08,0x00,0x00,0x00,
    0x00,0x08,0x10,0x00,0x00,0xe8,0x09,0x00,0x87,0x73,0x00,0x01,
    0x09,0x04,0x00,0x00,0x00,0x08,0x10,0x00,0x00,0xe8,0x03,0x00,
    0x87,0x73,0x00,0x01,0x0a,0x08,0x00,0x00,0x00,0x08,0x10,0x00,
    0x00,0xe8,0x01,0x00,0x87,0x73,0x00,0x01,0x0b,0x0c,0x00,0x00,
    0x00,0x08,0x10,0x00,0x00,0xe8,0x01,0x00,0x83,0x79,0x14,0x01,
    0x00,0x00,0x00,0x00,0x00,0x08,0x10,0x00,0x00,0xa8,0x0e,0x00,
    0x83,0x79,0x05,0x01,0x00,0x04,0x00,0x00,0x00,0x08,0x10,0x00,
    0x00,0x68,0x01,0x00,0x83,0x79,0x07,0x01,0x00,0x08,0x00,0x00,
    0x00,0x08,0x10,0x00,0x00,0x68,0x01,0x00,0x83,0x79,0x18,0x01,
    0x00,0x0c,0x00,0x00,0x00,0x08,0x10,0x00,0x00,0x62,0x01,0x00,
    0x35,0x78,0x11,0x11,0xc0,0x00,0x00,0x00,0x00,0x00,0x8e,0x07,
    0x00,0xe2,0x0f,0x00,0x05,0x78,0x16,0x00,0x00,0x00,0x00,0x00,
    0x00,0xff,0x01,0x00,0x00,0xe2,0x0f,0x00,0x82,0x7c,0x04,0x00,
    0xff,0x00,0x00,0x00,0x00,0x00,0x00,0x08,0x00,0xe2,0x0f,0x00,
    0x21,0x72,0x15,0x15,0x14,0x00,0x00,0x00,0x00,0x00,0x00,0x00,
    0x00,0xce,0xff,0x01,0x35,0x7c,0x0a,0x11,0x04,0x00,0x00,0x00,
    0x00,0x00,0x8e,0x0f,0x00,0xe2,0x0f,0x00,0x82,0x7c,0x05,0x00,
    0xff,0x00,0x00,0x00,0x00,0x00,0x00,0x08,0x00,0xe4,0x0f,0x00,
    0x35,0x7c,0x0c,0x12,0x04,0x00,0x00,0x00,0x00,0x02,0x8e,0x0f,
    0x00,0xe4,0x0f,0x00,0x0c,0x7c,0x00,0x0a,0x08,0x00,0x00,0x00,
    0x70,0x62,0xf0,0x0b,0x00,0xc6,0x0f,0x00,0x11,0x7c,0x08,0x0c,
    0x0a,0x00,0x00,0x00,0xff,0x08,0x82,0x0f,0x00,0xc8,0x0f,0x00,
    0x11,0x7c,0x09,0x0c,0x0b,0x00,0x00,0x00,0x0d,0x0c,0x8f,0x08,
    0x00,0xcc,0x0f,0x00,0x81,0x89,0x07,0x08,0x06,0x80,0x01,0x00,
    0x00,0x95,0x1e,0x0c,0x00,0xa2,0x0e,0x02,0x02,0x72,0x05,0x00,
    0xff,0x00,0x00,0x00,0x00,0x0f,0x00,0x00,0x00,0xe2,0x0f,0x00,
    0x45,0x79,0x00,0x00,0x80,0x02,0x00,0x00,0x00,0x02,0x80,0x03,
    0x00,0xe2,0x0f,0x00,0x30,0x82,0x05,0xff,0x07,0x00,0x00,0x20,
    0x00,0x41,0x00,0x00,0x00,0xe2,0x4f,0x00,0x02,0x72,0x07,0x00,
    0xff,0x00,0x00,0x00,0x00,0x0f,0x00,0x00,0x00,0xc8,0x0f,0x00,
    0x0b,0x72,0x00,0x05,0xff,0x00,0x00,0x00,0x00,0xd0,0xf0,0x03,
    0x00,0xda,0x0f,0x00,0x47,0x89,0x88,0x00,0x00,0x00,0x00,0x00,
    0x00,0x00,0x80,0x03,0x00,0xea,0x0f,0x00,0x0b,0x78,0x00,0x05,
    0x00,0x00,0x80,0x3e,0x00,0xe2,0xf0,0x03,0x00,0xe2,0x0f,0x00,
    0x19,0x78,0x0b,0xff,0x1c,0x00,0x00,0x00,0x05,0x16,0x01,0x00,
    0x00,0xd8,0x0f,0x00,0x47,0x89,0x78,0x00,0x00,0x00,0x00,0x00,
    0x00,0x00,0x80,0x03,0x00,0xea,0x0f,0x00,0x0b,0x78,0x00,0x05,
    0x00,0x00,0x40,0x3f,0x00,0xe2,0xf0,0x03,0x00,0xda,0x0f,0x00,
    0x47,0x89,0x64,0x00,0x00,0x00,0x00,0x00,0x00,0x00,0x80,0x03,
    0x00,0xea,0x0f,0x00,0x0b,0x78,0x00,0x05,0x00,0x00,0xa0,0x3f,
    0x00,0xe2,0xf0,0x03,0x00,0xda,0x0f,0x00,0x47,0x89,0x50,0x00,
    0x00,0x00,0x00,0x00,0x00,0x00,0x80,0x03,0x00,0xea,0x0f,0x00,
    0x0b,0x78,0x00,0x05,0x00,0x00,0xe0,0x3f,0x00,0xe2,0xf0,0x03,
    0x00,0xda,0x0f,0x00,0x47,0x89,0x3c,0x00,0x00,0x00,0x00,0x00,
    0x00,0x00,0x80,0x03,0x00,0xea,0x0f,0x00,0x0b,0x78,0x00,0x05,
    0x00,0x00,0x20,0x40,0x00,0xe2,0xf0,0x03,0x00,0xda,0x0f,0x00,
    0x47,0x89,0x28,0x00,0x00,0x00,0x00,0x00,0x00,0x00,0x80,0x03,
    0x00,0xea,0x0f,0x00,0x0b,0x78,0x00,0x05,0x00,0x00,0x60,0x40,
    0x00,0xe2,0xf0,0x03,0x00,0xda,0x0f,0x00,0x47,0x89,0x14,0x00,
    0x00,0x00,0x00,0x00,0x00,0x00,0x80,0x03,0x00,0xea,0x0f,0x00,
    0x0b,0x78,0x00,0x05,0x00,0x00,0xa0,0x40,0x00,0xe2,0xf0,0x03,
    0x00,0xe2,0x0f,0x00,0x02,0x78,0x0c,0x00,0x08,0x00,0x00,0x00,
    0x00,0x0f,0x00,0x00,0x00,0xd8,0x0f,0x00,0x12,0x08,0x07,0x0b,
    0x07,0x00,0x00,0x00,0xff,0xfc,0x8e,0x07,0x00,0xe4,0x0f,0x04,
    0x12,0x88,0x07,0x0b,0x06,0x00,0x00,0x00,0x0c,0xec,0x8e,0x07,
    0x00,0xe2,0x0f,0x00,0x47,0x79,0x40,0x00,0x00,0x00,0x00,0x00,
    0x00,0x00,0x80,0x03,0x00,0xec,0x0f,0x00,0x02,0x78,0x0c,0x00,
    0x08,0x00,0x00,0x00,0x00,0x0f,0x00,0x00,0x00,0xca,0x0f,0x00,
    0x12,0x78,0x07,0x0b,0x05,0x00,0x00,0x00,0x0c,0xec,0x8e,0x07,
    0x00,0xe2,0x0f,0x00,0x47,0x79,0x34,0x00,0x00,0x00,0x00,0x00,
    0x00,0x00,0x80,0x03,0x00,0xec,0x0f,0x00,0x02,0x78,0x0c,0x00,
    0x08,0x00,0x00,0x00,0x00,0x0f,0x00,0x00,0x00,0xca,0x0f,0x00,
    0x12,0x78,0x07,0x0b,0x04,0x00,0x00,0x00,0x0c,0xec,0x8e,0x07,
    0x00,0xe2,0x0f,0x00,0x47,0x79,0x28,0x00,0x00,0x00,0x00,0x00,
    0x00,0x00,0x80,0x03,0x00,0xec,0x0f,0x00,0x02,0x78,0x0c,0x00,
    0x08,0x00,0x00,0x00,0x00,0x0f,0x00,0x00,0x00,0xca,0x0f,0x00,
    0x12,0x78,0x07,0x0b,0x03,0x00,0x00,0x00,0x0c,0xec,0x8e,0x07,
    0x00,0xe2,0x0f,0x00,0x47,0x79,0x1c,0x00,0x00,0x00,0x00,0x00,
    0x00,0x00,0x80,0x03,0x00,0xec,0x0f,0x00,0x02,0x78,0x0c,0x00,
    0x08,0x00,0x00,0x00,0x00,0x0f,0x00,0x00,0x00,0xca,0x0f,0x00,
    0x12,0x78,0x07,0x0b,0x02,0x00,0x00,0x00,0x0c,0xec,0x8e,0x07,
    0x00,0xe2,0x0f,0x00,0x47,0x79,0x10,0x00,0x00,0x00,0x00,0x00,
    0x00,0x00,0x80,0x03,0x00,0xec,0x0f,0x00,0x02,0x78,0x0c,0x00,
    0x08,0x00,0x00,0x00,0x00,0x0f,0x00,0x00,0x00,0xca,0x0f,0x00,
    0x12,0x78,0x07,0x0b,0x01,0x00,0x00,0x00,0x0c,0xec,0x8e,0x07,
    0x00,0xe2,0x0f,0x00,0x47,0x79,0x04,0x00,0x00,0x00,0x00,0x00,
    0x00,0x00,0x80,0x03,0x00,0xec,0x0f,0x00,0x12,0x78,0x07,0x0b,
    0x08,0x00,0x00,0x00,0xff,0xc0,0x8e,0x07,0x00,0xce,0x0f,0x00,
    0x18,0x79,0x00,0x00,0x00,0x00,0x00,0x00,0x00,0x00,0x00,0x00,
    0x00,0xe2,0x0f,0x00,0x41,0x79,0x00,0x00,0x00,0x00,0x00,0x00,
    0x00,0x02,0x80,0x03,0x00,0xea,0x0f,0x00,0x35,0x78,0x05,0x0a,
    0x20,0x00,0x00,0x00,0x00,0x00,0x8e,0x07,0x00,0xca,0x0f,0x00,
    0x0c,0x7c,0x00,0x05,0x08,0x00,0x00,0x00,0x70,0x62,0xf0,0x0b,
    0x00,0xda,0x0f,0x00,0x81,0x89,0x08,0x08,0x06,0xc0,0x01,0x00,
    0x00,0x95,0x1e,0x0c,0x00,0xa2,0x0e,0x00,0x02,0x72,0x05,0x00,
    0xff,0x00,0x00,0x00,0x00,0x0f,0x00,0x00,0x00,0xe2,0x0f,0x00,
    0x99,0x78,0x05,0x04,0x02,0x00,0x00,0x00,0xff,0x06,0x00,0x08,
    0x00,0xe2,0x0f,0x00,0x45,0x79,0x00,0x00,0xa0,0x02,0x00,0x00,
    0x00,0x02,0x80,0x03,0x00,0xe2,0x0f,0x00,0x02,0x72,0x0a,0x00,
    0xff,0x00,0x00,0x00,0x00,0x0f,0x00,0x00,0x00,0xc8,0x0f,0x00,
    0x19,0x7c,0x07,0x07,0x05,0x00,0x00,0x00,0xff,0x06,0x00,0x08,
    0x00,0xc8,0x0f,0x00,0x12,0x72,0x16,0x07,0x16,0x00,0x00,0x00,
    0xff,0xfc,0x8e,0x07,0x00,0xe2,0x0f,0x00,0x30,0x82,0x05,0xff,
    0x08,0x00,0x00,0x20,0x00,0x41,0x00,0x00,0x00,0xca,0x4f,0x00,
    0x0b,0x72,0x00,0x05,0xff,0x00,0x00,0x00,0x00,0xd0,0xf0,0x03,
    0x00,0xda,0x0f,0x00,0x47,0x89,0x88,0x00,0x00,0x00,0x00,0x00,
    0x00,0x00,0x80,0x03,0x00,0xea,0x0f,0x00,0x0b,0x78,0x00,0x05,
    0x00,0x00,0x80,0x3e,0x00,0xe2,0xf0,0x03,0x00,0xe2,0x0f,0x00,
    0x19,0x78,0x07,0xff,0x1c,0x00,0x00,0x00,0x05,0x16,0x01,0x00,
    0x00,0xd8,0x0f,0x00,0x47,0x89,0x78,0x00,0x00,0x00,0x00,0x00,
    0x00,0x00,0x80,0x03,0x00,0xea,0x0f,0x00,0x0b,0x78,0x00,0x05,
    0x00,0x00,0x40,0x3f,0x00,0xe2,0xf0,0x03,0x00,0xda,0x0f,0x00,
    0x47,0x89,0x64,0x00,0x00,0x00,0x00,0x00,0x00,0x00,0x80,0x03,
    0x00,0xea,0x0f,0x00,0x0b,0x78,0x00,0x05,0x00,0x00,0xa0,0x3f,
    0x00,0xe2,0xf0,0x03,0x00,0xda,0x0f,0x00,0x47,0x89,0x50,0x00,
    0x00,0x00,0x00,0x00,0x00,0x00,0x80,0x03,0x00,0xea,0x0f,0x00,
    0x0b,0x78,0x00,0x05,0x00,0x00,0xe0,0x3f,0x00,0xe2,0xf0,0x03,
    0x00,0xda,0x0f,0x00,0x47,0x89,0x3c,0x00,0x00,0x00,0x00,0x00,
    0x00,0x00,0x80,0x03,0x00,0xea,0x0f,0x00,0x0b,0x78,0x00,0x05,
    0x00,0x00,0x20,0x40,0x00,0xe2,0xf0,0x03,0x00,0xda,0x0f,0x00,
    0x47,0x89,0x28,0x00,0x00,0x00,0x00,0x00,0x00,0x00,0x80,0x03,
    0x00,0xea,0x0f,0x00,0x0b,0x78,0x00,0x05,0x00,0x00,0x60,0x40,
    0x00,0xe2,0xf0,0x03,0x00,0xda,0x0f,0x00,0x47,0x89,0x14,0x00,
    0x00,0x00,0x00,0x00,0x00,0x00,0x80,0x03,0x00,0xea,0x0f,0x00,
    0x0b,0x78,0x00,0x05,0x00,0x00,0xa0,0x40,0x00,0xe2,0xf0,0x03,
    0x00,0xe2,0x0f,0x00,0x02,0x78,0x08,0x00,0x08,0x00,0x00,0x00,
    0x00,0x0f,0x00,0x00,0x00,0xd8,0x0f,0x00,0x12,0x08,0x0a,0x07,
    0x07,0x00,0x00,0x00,0xff,0xfc,0x8e,0x07,0x00,0xe4,0x0f,0x04,
    0x12,0x88,0x0a,0x07,0x06,0x00,0x00,0x00,0x08,0xec,0x8e,0x07,
    0x00,0xe2,0x0f,0x00,0x47,0x79,0x40,0x00,0x00,0x00,0x00,0x00,
    0x00,0x00,0x80,0x03,0x00,0xec,0x0f,0x00,0x02,0x78,0x0a,0x00,
    0x08,0x00,0x00,0x00,0x00,0x0f,0x00,0x00,0x00,0xca,0x0f,0x00,
    0x12,0x78,0x0a,0x07,0x05,0x00,0x00,0x00,0x0a,0xec,0x8e,0x07,
    0x00,0xe2,0x0f,0x00,0x47,0x79,0x34,0x00,0x00,0x00,0x00,0x00,
    0x00,0x00,0x80,0x03,0x00,0xec,0x0f,0x00,0x02,0x78,0x0a,0x00,
    0x08,0x00,0x00,0x00,0x00,0x0f,0x00,0x00,0x00,0xca,0x0f,0x00,
    0x12,0x78,0x0a,0x07,0x04,0x00,0x00,0x00,0x0a,0xec,0x8e,0x07,
    0x00,0xe2,0x0f,0x00,0x47,0x79,0x28,0x00,0x00,0x00,0x00,0x00,
    0x00,0x00,0x80,0x03,0x00,0xec,0x0f,0x00,0x02,0x78,0x0a,0x00,
    0x08,0x00,0x00,0x00,0x00,0x0f,0x00,0x00,0x00,0xca,0x0f,0x00,
    0x12,0x78,0x0a,0x07,0x03,0x00,0x00,0x00,0x0a,0xec,0x8e,0x07,
    0x00,0xe2,0x0f,0x00,0x47,0x79,0x1c,0x00,0x00,0x00,0x00,0x00,
    0x00,0x00,0x80,0x03,0x00,0xec,0x0f,0x00,0x02,0x78,0x0a,0x00,
    0x08,0x00,0x00,0x00,0x00,0x0f,0x00,0x00,0x00,0xca,0x0f,0x00,
    0x12,0x78,0x0a,0x07,0x02,0x00,0x00,0x00,0x0a,0xec,0x8e,0x07,
    0x00,0xe2,0x0f,0x00,0x47,0x79,0x10,0x00,0x00,0x00,0x00,0x00,
    0x00,0x00,0x80,0x03,0x00,0xec,0x0f,0x00,0x02,0x78,0x0a,0x00,
    0x08,0x00,0x00,0x00,0x00,0x0f,0x00,0x00,0x00,0xca,0x0f,0x00,
    0x12,0x78,0x0a,0x07,0x01,0x00,0x00,0x00,0x0a,0xec,0x8e,0x07,
    0x00,0xe2,0x0f,0x00,0x47,0x79,0x04,0x00,0x00,0x00,0x00,0x00,
    0x00,0x00,0x80,0x03,0x00,0xec,0x0f,0x00,0x12,0x78,0x0a,0x07,
    0x08,0x00,0x00,0x00,0xff,0xc0,0x8e,0x07,0x00,0xce,0x0f,0x00,
    0x18,0x79,0x00,0x00,0x00,0x00,0x00,0x00,0x00,0x00,0x00,0x00,
    0x00,0xe2,0x0f,0x00,0x41,0x79,0x00,0x00,0x00,0x00,0x00,0x00,
    0x00,0x02,0x80,0x03,0x00,0xea,0x0f,0x00,0x90,0x78,0x04,0x04,
    0x01,0x00,0x00,0x00,0xff,0xe0,0xff,0x0f,0x00,0xe2,0x0f,0x00,
    0x19,0x7c,0x0a,0x0a,0x05,0x00,0x00,0x00,0xff,0x06,0x00,0x08,
    0x00,0xc6,0x0f,0x00,0x8c,0x78,0x00,0x04,0x08,0x00,0x00,0x00,
    0x70,0x50,0xf0,0x0b,0x00,0xe2,0x0f,0x00,0x12,0x72,0x17,0x0a,
    0x17,0x00,0x00,0x00,0xff,0xfc,0x8e,0x07,0x00,0xd0,0x0f,0x00,
    0x47,0x75,0x68,0x00,0xf9,0xff,0xff,0xff,0xff,0xff,0x83,0x0b,
    0x00,0xea,0x0f,0x00,0x87,0x73,0x00,0x01,0xff,0x00,0x00,0x00,
    0x00,0x08,0x10,0x00,0x00,0xe8,0x01,0x00,0x81,0x79,0x0c,0x02,
    0x06,0x0c,0x00,0x00,0x00,0x99,0x1e,0x0c,0x00,0xa2,0x0e,0x00,
    0x02,0x78,0x0d,0x00,0x38,0x38,0x38,0x38,0x00,0x0f,0x00,0x00,
    0x00,0xe2,0x0f,0x00,0x02,0x72,0x05,0x00,0x04,0x00,0x00,0x00,
    0x00,0x0f,0x00,0x00,0x00,0xe2,0x0f,0x00,0x02,0x72,0x07,0x00,
    0x06,0x00,0x00,0x00,0x00,0x0f,0x00,0x00,0x00,0xe2,0x0f,0x00,
    0x87,0x73,0x00,0x01,0xff,0x04,0x00,0x00,0x00,0x08,0x10,0x00,
    0x00,0xe2,0x01,0x00,0xac,0x77,0x04,0xff,0x00,0x74,0x00,0x00,
    0x00,0x08,0x00,0x08,0x00,0x66,0x0e,0x00,0x87,0x73,0x00,0x01,
    0xff,0x08,0x00,0x00,0x00,0x08,0x10,0x00,0x00,0xe8,0x01,0x00,
    0x87,0x73,0x00,0x01,0xff,0x0c,0x00,0x00,0x00,0x08,0x10,0x00,
    0x00,0xe8,0x01,0x00,0x83,0x79,0x08,0x01,0x00,0x00,0x00,0x00,
    0x00,0x08,0x10,0x00,0x00,0xa8,0x0e,0x00,0x83,0x79,0x09,0x01,
    0x00,0x04,0x00,0x00,0x00,0x08,0x10,0x00,0x00,0xa8,0x0e,0x00,
    0x83,0x79,0x0a,0x01,0x00,0x08,0x00,0x00,0x00,0x08,0x10,0x00,
    0x00,0xa8,0x0e,0x00,0x83,0x79,0x0b,0x01,0x00,0x0c,0x00,0x00,
    0x00,0x08,0x10,0x00,0x00,0xa4,0x0e,0x00,0x7f,0x74,0x08,0x04,
    0x16,0x0c,0xd0,0x70,0x08,0x3e,0x04,0x00,0x00,0xe4,0x4f,0x00,
    0x81,0x79,0x04,0x02,0x06,0x95,0x00,0x00,0x00,0x91,0x1e,0x0c,
    0x00,0xa8,0x0e,0x00,0x81,0x79,0x05,0x02,0x06,0x98,0x00,0x00,
    0x00,0x99,0x1e,0x0c,0x00,0xf6,0x0e,0x00,0x90,0xf2,0xff,0xff,
    0xff,0x00,0x00,0x00,0xff,0xe0,0xff,0x0f,0x00,0xf6,0x0f,0x00,
    0x87,0x73,0x00,0x01,0x08,0x00,0x00,0x00,0x00,0x08,0x10,0x00,
    0x00,0xe8,0x01,0x00,0x87,0x73,0x00,0x01,0x09,0x04,0x00,0x00,
    0x00,0x08,0x10,0x00,0x00,0xe8,0x01,0x00,0x87,0x73,0x00,0x01,
    0x0a,0x08,0x00,0x00,0x00,0x08,0x10,0x00,0x00,0xe8,0x01,0x00,
    0x87,0x73,0x00,0x01,0x0b,0x0c,0x00,0x00,0x00,0x08,0x10,0x00,
    0x00,0xe8,0x01,0x00,0x83,0x79,0x14,0x01,0x00,0x00,0x00,0x00,
    0x00,0x08,0x10,0x00,0x00,0x28,0x0f,0x00,0x83,0x79,0x06,0x01,
    0x00,0x04,0x00,0x00,0x00,0x08,0x10,0x00,0x00,0x68,0x01,0x00,
    0x83,0x79,0x07,0x01,0x00,0x08,0x00,0x00,0x00,0x08,0x10,0x00,
    0x00,0x68,0x01,0x00,0x83,0x79,0x0c,0x01,0x00,0x0c,0x00,0x00,
    0x00,0x08,0x10,0x00,0x00,0x62,0x01,0x00,0x35,0x78,0x00,0x00,
    0x01,0x00,0x00,0x00,0x00,0x00,0x8e,0x07,0x00,0xca,0x0f,0x00,
    0x0c,0x7c,0x00,0x00,0x04,0x00,0x00,0x00,0x70,0x50,0xf4,0x0b,
    0x00,0xe2,0x2f,0x00,0x0c,0x78,0x00,0x04,0x08,0x00,0x00,0x00,
    0x70,0x50,0xf0,0x03,0x00,0xf6,0x4f,0x00,0x90,0xf2,0xff,0xff,
    0xff,0x00,0x00,0x00,0xff,0xe0,0xff,0x0f,0x00,0xe4,0x0f,0x00,
    0x20,0x88,0x05,0x05,0x00,0x00,0x80,0x3d,0x00,0x00,0x40,0x00,
    0x00,0xca,0x8f,0x00,0x0b,0x72,0x00,0x05,0xff,0x00,0x00,0x00,
    0x00,0xd0,0xf0,0x03,0x00,0xe2,0x0f,0x04,0x0b,0x78,0x00,0x05,
    0x00,0x00,0x80,0x3f,0x00,0xd0,0xf2,0x03,0x00,0xe2,0x0f,0x00,
    0x21,0x72,0x14,0x15,0x14,0x00,0x00,0x00,0x00,0x00,0x00,0x00,
    0x00,0xc8,0x0f,0x01,0x20,0x72,0x05,0x14,0x05,0x00,0x00,0x00,
    0x00,0x00,0x40,0x00,0x00,0xce,0x0f,0x00,0x08,0x02,0x14,0x05,
    0x14,0x00,0x00,0x00,0x00,0x00,0x80,0x00,0x00,0xe2,0x0f,0x00,
    0x47,0x29,0x68,0x00,0xdc,0xff,0xff,0xff,0xff,0xff,0x83,0x03,
    0x00,0xec,0x0f,0x00,0x0c,0x72,0x00,0x0f,0xff,0x00,0x00,0x00,
    0x70,0x50,0xf0,0x03,0x00,0xda,0x2f,0x00,0x4d,0x09,0x00,0x00,
    0x00,0x00,0x00,0x00,0x00,0x00,0x80,0x03,0x00,0xea,0x4f,0x00,
    0x82,0x7b,0x02,0xff,0x00,0xe4,0x00,0x00,0x00,0x0a,0x00,0x00,
    0x00,0x64,0x0e,0x00,0x25,0x78,0x0e,0x0e,0x04,0x00,0x00,0x00,
    0x02,0x00,0x8e,0x07,0x00,0xca,0x2f,0x00,0x86,0x79,0x00,0x0e,
    0x14,0x00,0x00,0x00,0x06,0x19,0x10,0x0c,0x00,0xe2,0x0f,0x00,
    0x4d,0x79,0x00,0x00,0x00,0x00,0x00,0x00,0x00,0x00,0x80,0x03,
    0x00,0xea,0x0f,0x00,0x47,0x79,0xfc,0x00,0xfc,0xff,0xff,0xff,
    0xff,0xff,0x83,0x03,0x00,0xc0,0x0f,0x00,0x18,0x79,0x00,0x00,
    0x00,0x00,0x00,0x00,0x00,0x00,0x00,0x00,0x00,0xc0,0x0f,0x00,
    0x18,0x79,0x00,0x00,0x00,0x00,0x00,0x00,0x00,0x00,0x00,0x00,
    0x00,0xc0,0x0f,0x00,0x18,0x79,0x00,0x00,0x00,0x00,0x00,0x00,
    0x00,0x00,0x00,0x00,0x00,0xc0,0x0f,0x00,0x18,0x79,0x00,0x00,
    0x00,0x00,0x00,0x00,0x00,0x00,0x00,0x00,0x00,0xc0,0x0f,0x00,
    0x18,0x79,0x00,0x00,0x00,0x00,0x00,0x00,0x00,0x00,0x00,0x00,
    0x00,0xc0,0x0f,0x00,0x18,0x79,0x00,0x00,0x00,0x00,0x00,0x00,
    0x00,0x00,0x00,0x00,0x00,0xc0,0x0f,0x00,0x18,0x79,0x00,0x00,
    0x00,0x00,0x00,0x00,0x00,0x00,0x00,0x00,0x00,0xc0,0x0f,0x00,
    0x18,0x79,0x00,0x00,0x00,0x00,0x00,0x00,0x00,0x00,0x00,0x00,
    0x00,0xc0,0x0f,0x00,0x18,0x79,0x00,0x00,0x00,0x00,0x00,0x00,
    0x00,0x00,0x00,0x00,0x00,0xc0,0x0f,0x00,0x18,0x79,0x00,0x00,
    0x00,0x00,0x00,0x00,0x00,0x00,0x00,0x00,0x00,0xc0,0x0f,0x00,
    0x18,0x79,0x00,0x00,0x00,0x00,0x00,0x00,0x00,0x00,0x00,0x00,
    0x00,0xc0,0x0f,0x00,0x00,0x00,0x00,0x00,0x00,0x00,0x00,0x00,
    0x00,0x00,0x00,0x00,0x00,0x00,0x00,0x00,0x00,0x00,0x00,0x00,
    0x00,0x00,0x00,0x00,0x00,0x00,0x00,0x00,0x00,0x00,0x00,0x00,
    0x00,0x00,0x00,0x00,0x00,0x00,0x00,0x00,0x00,0x00,0x00,0x00,
    0x00,0x00,0x00,0x00,0x00,0x00,0x00,0x00,0x00,0x00,0x00,0x00,
    0x00,0x00,0x00,0x00,0x00,0x00,0x00,0x00,0x00,0x00,0x00,0x00,
    0x00,0x00,0x00,0x00,0x00,0x00,0x00,0x00,0x00,0x00,0x00,0x00,
    0x00,0x00,0x00,0x00,0x00,0x00,0x00,0x00,0x00,0x00,0x00,0x00,
    0x00,0x00,0x00,0x00,0x00,0x00,0x00,0x00,0x00,0x00,0x00,0x00,
    0x00,0x00,0x00,0x00,0x00,0x00,0x00,0x00,0x00,0x00,0x00,0x00,
    0x00,0x00,0x00,0x00,0x00,0x00,0x00,0x00,0x00,0x00,0x00,0x00,
    0x00,0x00,0x00,0x00,0x00,0x00,0x00,0x00,0x00,0x00,0x00,0x00,
    0x00,0x00,0x00,0x00,0x00,0x00,0x00,0x00,0x00,0x00,0x00,0x00,
    0x00,0x00,0x00,0x00,0x00,0x00,0x00,0x00,0x00,0x00,0x00,0x00,
    0x00,0x00,0x00,0x00,0x00,0x00,0x00,0x00,0x00,0x00,0x00,0x00,
    0x00,0x00,0x00,0x00,0x00,0x00,0x00,0x00,0x00,0x00,0x00,0x00,
    0x00,0x00,0x00,0x00,0x00,0x00,0x00,0x00,0x00,0x00,0x00,0x00,
    0x00,0x00,0x00,0x00,0x00,0x00,0x00,0x00,0x00,0x00,0x00,0x00,
    0x00,0x00,0x00,0x00,0x00,0x00,0x00,0x00,0x00,0x00,0x00,0x00,
    0x00,0x00,0x00,0x00,0x00,0x00,0x00,0x00,0x00,0x00,0x00,0x00,
    0x00,0x00,0x00,0x00,0x00,0x00,0x00,0x00,0x00,0x00,0x00,0x00,
    0x00,0x00,0x00,0x00,0x00,0x00,0x00,0x00,0x00,0x00,0x00,0x00,
    0x00,0x00,0x00,0x00,0x00,0x00,0x00,0x00,0x00,0x00,0x00,0x00,
    0x00,0x00,0x00,0x00,0x00,0x00,0x00,0x00,0x00,0x00,0x00,0x00,
    0x00,0x00,0x00,0x00,0x00,0x00,0x00,0x00,0x00,0x00,0x00,0x00,
    0x00,0x00,0x00,0x00,0x00,0x00,0x00,0x00,0x00,0x00,0x00,0x00,
    0x00,0x00,0x00,0x00,0x00,0x00,0x00,0x00,0x00,0x00,0x00,0x00,
    0x00,0x00,0x00,0x00,0x00,0x00,0x00,0x00,0x00,0x00,0x00,0x00,
    0x00,0x00,0x00,0x00,0x00,0x00,0x00,0x00,0x00,0x00,0x00,0x00,
    0x00,0x00,0x00,0x00,0x00,0x00,0x00,0x00,0x00,0x00,0x00,0x00,
    0x00,0x00,0x00,0x00,0x00,0x00,0x00,0x00,0x00,0x00,0x00,0x00,
    0x00,0x00,0x00,0x00,0x00,0x00,0x00,0x00,0x00,0x00,0x00,0x00,
    0x00,0x00,0x00,0x00,0x00,0x00,0x00,0x00,0x00,0x00,0x00,0x00,
    0x00,0x00,0x00,0x00,0x00,0x00,0x00,0x00,0x00,0x00,0x00,0x00,
    0x00,0x00,0x00,0x00,0x00,0x00,0x00,0x00,0x00,0x00,0x00,0x00,
    0x00,0x00,0x00,0x00,0x00,0x00,0x00,0x00,0x00,0x00,0x00,0x00,
    0x00,0x00,0x00,0x00,0x00,0x00,0x00,0x00,0x00,0x00,0x00,0x00,
    0x00,0x00,0x00,0x00,0x00,0x00,0x00,0x00,0x00,0x00,0x00,0x00,
    0x00,0x00,0x00,0x00,0x00,0x00,0x00,0x00,0x00,0x00,0x00,0x00,
    0x00,0x00,0x00,0x00,0x00,0x00,0x00,0x00,0x00,0x00,0x00,0x00,
    0x00,0x00,0x00,0x00,0x00,0x00,0x00,0x00,0x00,0x00,0x00,0x00,
    0x00,0x00,0x00,0x00,0x00,0x00,0x00,0x00,0x00,0x00,0x00,0x00,
    0x00,0x00,0x00,0x00,0x00,0x00,0x00,0x00,0x00,0x00,0x00,0x00,
    0x00,0x00,0x00,0x00,0x00,0x00,0x00,0x00,0x00,0x00,0x00,0x00,
    0x00,0x00,0x00,0x00,0x00,0x00,0x00,0x00,0x00,0x00,0x00,0x00,
    0x00,0x00,0x00,0x00,0x00,0x00,0x00,0x00,0x00,0x00,0x00,0x00,
    0x00,0x00,0x00,0x00,0x00,0x00,0x00,0x00,0x00,0x00,0x00,0x00,
    0x00,0x00,0x00,0x00,0x00,0x00,0x00,0x00,0x00,0x00,0x00,0x00,
    0x00,0x00,0x00,0x00,0x00,0x00,0x00,0x00,0x00,0x00,0x00,0x00,
    0x00,0x00,0x00,0x00,0x00,0x00,0x00,0x00,0x00,0x00,0x00,0x00,
    0x00,0x00,0x00,0x00,0x00,0x00,0x00,0x00,0x00,0x00,0x00,0x00,
    0x00,0x00,0x00,0x00,0x00,0x00,0x00,0x00,0x00,0x00,0x00,0x00,
    0x00,0x00,0x00,0x00,0x00,0x00,0x00,0x00,0x00,0x00,0x00,0x00,
    0x00,0x00,0x00,0x00,0x00,0x00,0x00,0x00,0x00,0x00,0x00,0x00,
    0x00,0x00,0x00,0x00,0x00,0x00,0x00,0x00,0x00,0x00,0x00,0x00,
    0x00,0x00,0x00,0x00,0x00,0x00,0x00,0x00,0x00,0x00,0x00,0x00,
    0x00,0x00,0x00,0x00,0x00,0x00,0x00,0x00,0x00,0x00,0x00,0x00,
    0x00,0x00,0x00,0x00,0x00,0x00,0x00,0x00,0x00,0x00,0x00,0x00,
    0x00,0x00,0x00,0x00,0x00,0x00,0x00,0x00,0x00,0x00,0x00,0x00,
    0x00,0x00,0x00,0x00,0x00,0x00,0x00,0x00,0x00,0x00,0x00,0x00,
    0x00,0x00,0x00,0x00,0x00,0x00,0x00,0x00,0x00,0x00,0x00,0x00,
    0x00,0x00,0x00,0x00,0x00,0x00,0x00,0x00,0x00,0x00,0x00,0x00,
    0x00,0x00,0x00,0x00,0x00,0x00,0x00,0x00,0x00,0x00,0x00,0x00,
    0x00,0x00,0x00,0x00,0x00,0x00,0x00,0x00,0x00,0x00,0x00,0x00,
    0x00,0x00,0x00,0x00,0x00,0x00,0x00,0x00,0x00,0x00,0x00,0x00,
    0x00,0x00,0x00,0x00,0x00,0x00,0x00,0x00,0x00,0x00,0x00,0x00,
    0x00,0x00,0x00,0x00,0x00,0x00,0x00,0x00,0x00,0x00,0x00,0x00,
    0x00,0x00,0x00,0x00,0x00,0x00,0x00,0x00,0x00,0x00,0x00,0x00,
    0x00,0x00,0x00,0x00,0x00,0x00,0x00,0x00,0x00,0x00,0x00,0x00,
    0x00,0x00,0x00,0x00,0x00,0x00,0x00,0x00,0x00,0x00,0x00,0x00,
    0x00,0x00,0x00,0x00,0x00,0x00,0x00,0x00,0x00,0x00,0x00,0x00,
    0x00,0x00,0x00,0x00,0x00,0x00,0x00,0x00,0x00,0x00,0x00,0x00,
    0x00,0x00,0x00,0x00,0x00,0x00,0x00,0x00,0x00,0x00,0x00,0x00,
    0x00,0x00,0x00,0x00,0x00,0x00,0x00,0x00,0x00,0x00,0x00,0x00,
    0x00,0x00,0x00,0x00,0x00,0x00,0x00,0x00,0x00,0x00,0x00,0x00,
    0x00,0x00,0x00,0x00,0x00,0x00,0x00,0x00,0x00,0x00,0x00,0x00,
    0x00,0x00,0x00,0x00,0x00,0x00,0x00,0x00,0x00,0x00,0x00,0x00,
    0x00,0x00,0x00,0x00,0x00,0x00,0x00,0x00,0x00,0x00,0x00,0x00,
    0x00,0x00,0x00,0x00,0x00,0x00,0x00,0x00,0x00,0x00,0x00,0x00,
    0x00,0x00,0x00,0x00,0x00,0x00,0x00,0x00,0x00,0x00,0x00,0x00,
    0x00,0x00,0x00,0x00,0x00,0x00,0x00,0x00,0x00,0x00,0x00,0x00,
    0x00,0x00,0x00,0x00,0x00,0x00,0x00,0x00,0x00,0x00,0x00,0x00,
    0x00,0x00,0x00,0x00,0x00,0x00,0x00,0x00,0x00,0x00,0x00,0x00,
    0x00,0x00,0x00,0x00,0x00,0x00,0x00,0x00,0x00,0x00,0x00,0x00,
    0x00,0x00,0x00,0x00,0x00,0x00,0x00,0x00,0x00,0x00,0x00,0x00,
    0x00,0x00,0x00,0x00,0x00,0x00,0x00,0x00,0x00,0x00,0x00,0x00,
    0x00,0x00,0x00,0x00,0x00,0x00,0x00,0x00,0x00,0x00,0x00,0x00,
    0x00,0x00,0x00,0x00,0x00,0x00,0x00,0x00,0x00,0x00,0x00,0x00,
    0x00,0x00,0x00,0x00,0x00,0x00,0x00,0x00,0x00,0x00,0x00,0x00,
    0x00,0x00,0x00,0x00,0x00,0x00,0x00,0x00,0x00,0x00,0x00,0x00,
    0x00,0x00,0x00,0x00,0x00,0x00,0x00,0x00,0x00,0x00,0x00,0x00,
    0x00,0x00,0x00,0x00,0x00,0x00,0x00,0x00,0x00,0x00,0x00,0x00,
    0x00,0x00,0x00,0x00,0x00,0x00,0x00,0x00,0x00,0x00,0x00,0x00,
    0x00,0x00,0x00,0x00,0x00,0x00,0x00,0x00,0x00,0x00,0x00,0x00,
    0x00,0x00,0x00,0x00,0x00,0x00,0x00,0x00,0x00,0x00,0x00,0x00,
    0x00,0x00,0x00,0x00,0x00,0x00,0x00,0x00,0x00,0x00,0x00,0x00,
    0x00,0x00,0x00,0x00,0x00,0x00,0x00,0x00,0x00,0x00,0x00,0x00,
    0x00,0x00,0x00,0x00,0x00,0x00,0x00,0x00,0x00,0x00,0x00,0x00,
    0x00,0x00,0x00,0x00,0x00,0x00,0x00,0x00,0x00,0x00,0x00,0x00,
    0x00,0x00,0x00,0x00,0x00,0x00,0x00,0x00,0x00,0x00,0x00,0x00,
    0x00,0x00,0x00,0x00,0x00,0x00,0x00,0x00,0x00,0x00,0x00,0x00,
    0x00,0x00,0x00,0x00,0x00,0x00,0x00,0x00,0x00,0x00,0x00,0x00,
    0x00,0x00,0x00,0x00,0x00,0x00,0x00,0x00,0x00,0x00,0x00,0x00,
    0x00,0x00,0x00,0x00,0x00,0x00,0x00,0x00,0x00,0x00,0x00,0x00,
    0x00,0x00,0x00,0x00,0x00,0x00,0x00,0x00,0x00,0x00,0x00,0x00,
    0x00,0x00,0x00,0x00,0x00,0x00,0x00,0x00,0x00,0x00,0x00,0x00,
    0x00,0x00,0x00,0x00,0x00,0x00,0x00,0x00,0x00,0x00,0x00,0x00,
    0x00,0x00,0x00,0x00,0x00,0x00,0x00,0x00,0x00,0x00,0x00,0x00,
    0x00,0x00,0x00,0x00,0x00,0x00,0x00,0x00,0x00,0x00,0x00,0x00,
    0x00,0x00,0x00,0x00,0x00,0x00,0x00,0x00,0x00,0x00,0x00,0x00,
    0x00,0x00,0x00,0x00,0x00,0x00,0x00,0x00,0x00,0x00,0x00,0x00,
    0x00,0x00,0x00,0x00,0x00,0x00,0x00,0x00,0x00,0x00,0x00,0x00,
    0x00,0x00,0x00,0x00,0x00,0x00,0x00,0x00,0x00,0x00,0x00,0x00,
    0x00,0x00,0x00,0x00,0x00,0x00,0x00,0x00,0x00,0x00,0x00,0x00,
    0x00,0x00,0x00,0x00,0x00,0x00,0x00,0x00,0x00,0x00,0x00,0x00,
    0x00,0x00,0x00,0x00,0x00,0x00,0x00,0x00,0x00,0x00,0x00,0x00,
    0x00,0x00,0x00,0x00,0x00,0x00,0x00,0x00,0x00,0x00,0x00,0x00,
    0x00,0x00,0x00,0x00,0x00,0x00,0x00,0x00,0x00,0x00,0x00,0x00,
    0x00,0x00,0x00,0x00,0x00,0x00,0x00,0x00,0x00,0x00,0x00,0x00,
    0x00,0x00,0x00,0x00,0x00,0x00,0x00,0x00,0x00,0x00,0x00,0x00,
    0x00,0x00,0x00,0x00,0x00,0x00,0x00,0x00,0x00,0x00,0x00,0x00,
    0x00,0x00,0x00,0x00,0x00,0x00,0x00,0x00,0x00,0x00,0x00,0x00,
    0x00,0x00,0x00,0x00,0x00,0x00,0x00,0x00,0x00,0x00,0x00,0x00,
    0x00,0x00,0x00,0x00,0x00,0x00,0x00,0x00,0x00,0x00,0x00,0x00,
    0x00,0x00,0x00,0x00,0x00,0x00,0x00,0x00,0x00,0x00,0x00,0x00,
    0x00,0x00,0x00,0x00,0x00,0x00,0x00,0x00,0x00,0x00,0x00,0x00,
    0x00,0x00,0x00,0x00,0x00,0x00,0x00,0x00,0x00,0x00,0x00,0x00,
    0x00,0x00,0x00,0x00,0x00,0x00,0x00,0x00,0x00,0x00,0x00,0x00,
    0x00,0x00,0x00,0x00,0x00,0x00,0x00,0x00,0x00,0x00,0x00,0x00,
    0x00,0x00,0x00,0x00,0x00,0x00,0x00,0x00,0x00,0x00,0x00,0x00,
    0x00,0x00,0x00,0x00,0x00,0x00,0x00,0x00,0x00,0x00,0x00,0x00,
    0x00,0x00,0x00,0x00,0x00,0x00,0x00,0x00,0x00,0x00,0x00,0x00,
    0x00,0x00,0x00,0x00,0x00,0x00,0x00,0x00,0x00,0x00,0x00,0x00,
    0x00,0x00,0x00,0x00,0x00,0x00,0x00,0x00,0x00,0x00,0x00,0x00,
    0x00,0x00,0x00,0x00,0x00,0x00,0x00,0x00,0x00,0x00,0x00,0x00,
    0x00,0x00,0x00,0x00,0x00,0x00,0x00,0x00,0x00,0x00,0x00,0x00,
    0x00,0x00,0x00,0x00,0x00,0x00,0x00,0x00,0x00,0x00,0x00,0x00,
    0x00,0x00,0x00,0x00,0x00,0x00,0x00,0x00,0x00,0x00,0x00,0x00,
    0x00,0x00,0x00,0x00,0x00,0x00,0x00,0x00,0x00,0x00,0x00,0x00,
    0x00,0x00,0x00,0x00,0x00,0x00,0x00,0x00,0x00,0x00,0x00,0x00,
    0x00,0x00,0x00,0x00,0x00,0x00,0x00,0x00,0x00,0x00,0x00,0x00,
    0x00,0x00,0x00,0x00,0x00,0x00,0x00,0x00,0x00,0x00,0x00,0x00,
    0x00,0x00,0x00,0x00,0x00,0x00,0x00,0x00,0x00,0x00,0x00,0x00,
    0x00,0x00,0x00,0x00,0x00,0x00,0x00,0x00,0x00,0x00,0x00,0x00,
    0x00,0x00,0x00,0x00,0x00,0x00,0x00,0x00,0x00,0x00,0x00,0x00,
    0x00,0x00,0x00,0x00,0x00,0x00,0x00,0x00,0x00,0x00,0x00,0x00,
    0x00,0x00,0x00,0x00,0x00,0x00,0x00,0x00,0x00,0x00,0x00,0x00,
    0x00,0x00,0x00,0x00,0x00,0x00,0x00,0x00,0x00,0x00,0x00,0x00,
    0x00,0x00,0x00,0x00,0x00,0x00,0x00,0x00,0x00,0x00,0x00,0x00,
    0x00,0x00,0x00,0x00,0x00,0x00,0x00,0x00,0x00,0x00,0x00,0x00,
    0x00,0x00,0x00,0x00,0x00,0x00,0x00,0x00,0x00,0x00,0x00,0x00,
    0x00,0x00,0x00,0x00,0x00,0x00,0x00,0x00,0x00,0x00,0x00,0x00,
    0x00,0x00,0x00,0x00,0x00,0x00,0x00,0x00,0x00,0x00,0x00,0x00,
    0x00,0x00,0x00,0x00,0x00,0x00,0x00,0x00,0x00,0x00,0x00,0x00,
    0x00,0x00,0x00,0x00,0x00,0x00,0x00,0x00,0x00,0x00,0x00,0x00,
    0x00,0x00,0x00,0x00,0x00,0x00,0x00,0x00,0x00,0x00,0x00,0x00,
    0x00,0x00,0x00,0x00,0x00,0x00,0x00,0x00,0x00,0x00,0x00,0x00,
    0x00,0x00,0x00,0x00,0x00,0x00,0x00,0x00,0x00,0x00,0x00,0x00,
    0x00,0x00,0x00,0x00,0x00,0x00,0x00,0x00,0x00,0x00,0x00,0x00,
    0x00,0x00,0x00,0x00,0x00,0x00,0x00,0x00,0x00,0x00,0x00,0x00,
    0x00,0x00,0x00,0x00,0x00,0x00,0x00,0x00,0x00,0x00,0x00,0x00,
    0x00,0x00,0x00,0x00,0x00,0x00,0x00,0x00,0x00,0x00,0x00,0x00,
    0x00,0x00,0x00,0x00,0x00,0x00,0x00,0x00,0x00,0x00,0x00,0x00,
    0x00,0x00,0x00,0x00,0x00,0x00,0x00,0x00,0x00,0x00,0x00,0x00,
    0x00,0x00,0x00,0x00,0x00,0x00,0x00,0x00,0x00,0x00,0x00,0x00,
    0x00,0x00,0x00,0x00,0x00,0x00,0x00,0x00,0x00,0x00,0x00,0x00,
    0x00,0x00,0x00,0x00,0x00,0x00,0x00,0x00,0x00,0x00,0x00,0x00,
    0x00,0x00,0x00,0x00,0x00,0x00,0x00,0x00,0x00,0x00,0x00,0x00,
    0x00,0x00,0x00,0x00,0x00,0x00,0x00,0x00,0x00,0x00,0x00,0x00,
    0x00,0x00,0x00,0x00,0x00,0x00,0x00,0x00,0x00,0x00,0x00,0x00,
    0x00,0x00,0x00,0x00,0x00,0x00,0x00,0x00,0x00,0x00,0x00,0x00,
    0x00,0x00,0x00,0x00,0x00,0x00,0x00,0x00,0x00,0x00,0x00,0x00,
    0x00,0x00,0x00,0x00,0x00,0x00,0x00,0x00,0x00,0x00,0x00,0x00,
    0x00,0x00,0x00,0x00,0x00,0x00,0x00,0x00,0x00,0x00,0x00,0x00,
    0x00,0x00,0x00,0x00,0x00,0x00,0x00,0x00,0x00,0x00,0x00,0x00,
    0x00,0x00,0x00,0x00,0x00,0x00,0x00,0x00,0x00,0x00,0x00,0x00,
    0x00,0x00,0x00,0x00,0x00,0x00,0x00,0x00,0x00,0x00,0x00,0x00,
    0x00,0x00,0x00,0x00,0x00,0x00,0x00,0x00,0x00,0x00,0x00,0x00,
    0x00,0x00,0x00,0x00,0x00,0x00,0x00,0x00,0x00,0x00,0x00,0x00,
    0x00,0x00,0x00,0x00,0x00,0x00,0x00,0x00,0x00,0x00,0x00,0x00,
    0x00,0x00,0x00,0x00,0x00,0x00,0x00,0x00,0x00,0x00,0x00,0x00,
    0x00,0x00,0x00,0x00,0x00,0x00,0x00,0x00,0x00,0x00,0x00,0x00,
    0x00,0x00,0x00,0x00,0x00,0x00,0x00,0x00,0x00,0x00,0x00,0x00,
    0x00,0x00,0x00,0x00,0x00,0x00,0x00,0x00,0x00,0x00,0x00,0x00,
    0x00,0x00,0x00,0x00,0x00,0x00,0x00,0x00,0x00,0x00,0x00,0x00,
    0x00,0x00,0x00,0x00,0x00,0x00,0x00,0x00,0x00,0x00,0x00,0x00,
    0x00,0x00,0x00,0x00,0x00,0x00,0x00,0x00,0x00,0x00,0x00,0x00,
    0x00,0x00,0x00,0x00,0x00,0x00,0x00,0x00,0x00,0x00,0x00,0x00,
    0x00,0x00,0x00,0x00,0x00,0x00,0x00,0x00,0x00,0x00,0x00,0x00,
    0x00,0x00,0x00,0x00,0x00,0x00,0x00,0x00,0x00,0x00,0x00,0x00,
    0x00,0x00,0x00,0x00,0x00,0x00,0x00,0x00,0x00,0x00,0x00,0x00,
    0x00,0x00,0x00,0x00,0x00,0x00,0x00,0x00,0x00,0x00,0x00,0x00,
    0x00,0x00,0x00,0x00,0x00,0x00,0x00,0x00,0x00,0x00,0x00,0x00,
    0x00,0x00,0x00,0x00,0x00,0x00,0x00,0x00,0x00,0x00,0x00,0x00,
    0x00,0x00,0x00,0x00,0x00,0x00,0x00,0x00,0x00,0x00,0x00,0x00,
    0x00,0x00,0x00,0x00,0x00,0x00,0x00,0x00,0x00,0x00,0x00,0x00,
    0x00,0x00,0x00,0x00,0x00,0x00,0x00,0x00,0x00,0x00,0x00,0x00,
    0x00,0x00,0x00,0x00,0x00,0x00,0x00,0x00,0x00,0x00,0x00,0x00,
    0x00,0x00,0x00,0x00,0x00,0x00,0x00,0x00,0x00,0x00,0x00,0x00,
    0x00,0x00,0x00,0x00,0x00,0x00,0x00,0x00,0x00,0x00,0x00,0x00,
    0x00,0x00,0x00,0x00,0x00,0x00,0x00,0x00,0x00,0x00,0x00,0x00,
    0x00,0x00,0x00,0x00,0x00,0x00,0x00,0x00,0x00,0x00,0x00,0x00,
    0x00,0x00,0x00,0x00,0x00,0x00,0x00,0x00,0x00,0x00,0x00,0x00,
    0x00,0x00,0x00,0x00,0x00,0x00,0x00,0x00,0x00,0x00,0x00,0x00,
    0x00,0x00,0x00,0x00,0x00,0x00,0x00,0x00,0x00,0x00,0x00,0x00,
    0x00,0x00,0x00,0x00,0x00,0x00,0x00,0x00,0x00,0x00,0x00,0x00,
    0x00,0x00,0x00,0x00,0x00,0x00,0x00,0x00,0x00,0x00,0x00,0x00,
    0x00,0x00,0x00,0x00,0x00,0x00,0x00,0x00,0x00,0x00,0x00,0x00,
    0x00,0x00,0x00,0x00,0x00,0x00,0x00,0x00,0x00,0x00,0x00,0x00,
    0x00,0x00,0x00,0x00,0x00,0x00,0x00,0x00,0x00,0x00,0x00,0x00,
    0x00,0x00,0x00,0x00,0x00,0x00,0x00,0x00,0x00,0x00,0x00,0x00,
    0x00,0x00,0x00,0x00,0x00,0x00,0x00,0x00,0x00,0x00,0x00,0x00,
    0x00,0x00,0x00,0x00,0x00,0x00,0x00,0x00,0x00,0x00,0x00,0x00,
    0x00,0x00,0x00,0x00,0x00,0x00,0x00,0x00,0x00,0x00,0x00,0x00,
    0x00,0x00,0x00,0x00,0x00,0x00,0x00,0x00,0x00,0x00,0x00,0x00,
    0x00,0x00,0x00,0x00,0x00,0x00,0x00,0x00,0x00,0x00,0x00,0x00,
    0x00,0x00,0x00,0x00,0x00,0x00,0x00,0x00,0x00,0x00,0x00,0x00,
    0x00,0x00,0x00,0x00,0x00,0x00,0x00,0x00,0x00,0x00,0x00,0x00,
    0x00,0x00,0x00,0x00,0x00,0x00,0x00,0x00,0x00,0x00,0x00,0x00,
    0x00,0x00,0x00,0x00,0x00,0x00,0x00,0x00,0x00,0x00,0x00,0x00,
    0x00,0x00,0x00,0x00,0x00,0x00,0x00,0x00,0x00,0x00,0x00,0x00,
    0x00,0x00,0x00,0x00,0x00,0x00,0x00,0x00,0x00,0x00,0x00,0x00,
    0x00,0x00,0x00,0x00,0x00,0x00,0x00,0x00,0x00,0x00,0x00,0x00,
    0x00,0x00,0x00,0x00,0x00,0x00,0x00,0x00,0x00,0x00,0x00,0x00,
    0x00,0x00,0x00,0x00,0x00,0x00,0x00,0x00,0x00,0x00,0x00,0x00,
    0x00,0x00,0x00,0x00,0x00,0x00,0x00,0x00,0x00,0x00,0x00,0x00,
    0x00,0x00,0x00,0x00,0x00,0x00,0x00,0x00,0x00,0x00,0x00,0x00,
    0x00,0x00,0x00,0x00,0x00,0x00,0x00,0x00,0x00,0x00,0x00,0x00,
    0x00,0x00,0x00,0x00,0x00,0x00,0x00,0x00,0x00,0x00,0x00,0x00,
    0x00,0x00,0x00,0x00,0x00,0x00,0x00,0x00,0x00,0x00,0x00,0x00,
    0x00,0x00,0x00,0x00,0x00,0x00,0x00,0x00,0x00,0x00,0x00,0x00,
    0x00,0x00,0x00,0x00,0x00,0x00,0x00,0x00,0x00,0x00,0x00,0x00,
    0x00,0x00,0x00,0x00,0x00,0x00,0x00,0x00,0x00,0x00,0x00,0x00,
    0x00,0x00,0x00,0x00,0x00,0x00,0x00,0x00,0x00,0x00,0x00,0x00,
    0x00,0x00,0x00,0x00,0x00,0x00,0x00,0x00,0x00,0x00,0x00,0x00,
    0x00,0x00,0x00,0x00,0x00,0x00,0x00,0x00,0x00,0x00,0x00,0x00,
    0x00,0x00,0x00,0x00,0x00,0x00,0x00,0x00,0x00,0x00,0x00,0x00,
    0x00,0x00,0x00,0x00,0x00,0x00,0x00,0x00,0x00,0x00,0x00,0x00,
    0x00,0x00,0x00,0x00,0x00,0x00,0x00,0x00,0x00,0x00,0x00,0x00,
    0x00,0x00,0x00,0x00,0x00,0x00,0x00,0x00,0x00,0x00,0x00,0x00,
    0x00,0x00,0x00,0x00,0x00,0x00,0x00,0x00,0x00,0x00,0x00,0x00,
    0x00,0x00,0x00,0x00,0x00,0x00,0x00,0x00,0x00,0x00,0x00,0x00,
    0x00,0x00,0x00,0x00,0x00,0x00,0x00,0x00,0x00,0x00,0x00,0x00,
    0x00,0x00,0x00,0x00,0x00,0x00,0x00,0x00,0x00,0x00,0x00,0x00,
    0x00,0x00,0x00,0x00,0x00,0x00,0x00,0x00,0x00,0x00,0x00,0x00,
    0x00,0x00,0x00,0x00,0x00,0x00,0x00,0x00,0x00,0x00,0x00,0x00,
    0x00,0x00,0x00,0x00,0x00,0x00,0x00,0x00,0x00,0x00,0x00,0x00,
    0x00,0x00,0x00,0x00,0x00,0x00,0x00,0x00,0x00,0x00,0x00,0x00,
    0x00,0x00,0x00,0x00,0x00,0x00,0x00,0x00,0x00,0x00,0x00,0x00,
    0x00,0x00,0x00,0x00,0x00,0x00,0x00,0x00,0x00,0x00,0x00,0x00,
    0x00,0x00,0x00,0x00,0x00,0x00,0x00,0x00,0x00,0x00,0x00,0x00,
    0x00,0x00,0x00,0x00,0x00,0x00,0x00,0x00,0x00,0x00,0x00,0x00,
    0x00,0x00,0x00,0x00,0x00,0x00,0x00,0x00,0x00,0x00,0x00,0x00,
    0x00,0x00,0x00,0x00,0x00,0x00,0x00,0x00,0x00,0x00,0x00,0x00,
    0x00,0x00,0x00,0x00,0x00,0x00,0x00,0x00,0x00,0x00,0x00,0x00,
    0x00,0x00,0x00,0x00,0x00,0x00,0x00,0x00,0x00,0x00,0x00,0x00,
    0x00,0x00,0x00,0x00,0x00,0x00,0x00,0x00,0x00,0x00,0x00,0x00,
    0x00,0x00,0x00,0x00,0x00,0x00,0x00,0x00,0x00,0x00,0x00,0x00,
    0x00,0x00,0x00,0x00,0x00,0x00,0x00,0x00,0x00,0x00,0x00,0x00,
    0x00,0x00,0x00,0x00,0x00,0x00,0x00,0x00,0x00,0x00,0x00,0x00,
    0x00,0x00,0x00,0x00,0x00,0x00,0x00,0x00,0x00,0x00,0x00,0x00,
    0x00,0x00,0x00,0x00,0x00,0x00,0x00,0x00,0x00,0x00,0x00,0x00,
    0x00,0x00,0x00,0x00,0x00,0x00,0x00,0x00,0x00,0x00,0x00,0x00,
    0x00,0x00,0x00,0x00,0x00,0x00,0x00,0x00,0x00,0x00,0x00,0x00,
    0x00,0x00,0x00,0x00,0x00,0x00,0x00,0x00,0x00,0x00,0x00,0x00,
    0x00,0x00,0x00,0x00,0x00,0x00,0x00,0x00,0x00,0x00,0x00,0x00,
    0x00,0x00,0x00,0x00,0x00,0x00,0x00,0x00,0x00,0x00,0x00,0x00,
    0x00,0x00,0x00,0x00,0x00,0x00,0x00,0x00,0x00,0x00,0x00,0x00,
    0x00,0x00,0x00,0x00,0x00,0x00,0x00,0x00,0x00,0x00,0x00,0x00,
    0x00,0x00,0x00,0x00,0x00,0x00,0x00,0x00,0x00,0x00,0x00,0x00,
    0x00,0x00,0x00,0x00,0x00,0x00,0x00,0x00,0x00,0x00,0x00,0x00,
    0x00,0x00,0x00,0x00,0x00,0x00,0x00,0x00,0x00,0x00,0x00,0x00,
    0x00,0x00,0x00,0x00,0x00,0x00,0x00,0x00,0x00,0x00,0x00,0x00,
    0x00,0x00,0x00,0x00,0x00,0x00,0x00,0x00,0x00,0x00,0x00,0x00,
    0x00,0x00,0x00,0x00,0x00,0x00,0x00,0x00,0x00,0x00,0x00,0x00,
    0x00,0x00,0x00,0x00,0x00,0x00,0x00,0x00,0x00,0x00,0x00,0x00,
    0x00,0x00,0x00,0x00,0x00,0x00,0x00,0x00,0x00,0x00,0x00,0x00,
    0x00,0x00,0x00,0x00,0x00,0x00,0x00,0x00,0x00,0x00,0x00,0x00,
    0x00,0x00,0x00,0x00,0x00,0x00,0x00,0x00,0x00,0x00,0x00,0x00,
    0x00,0x00,0x00,0x00,0x00,0x00,0x00,0x00,0x00,0x00,0x00,0x00,
    0x00,0x00,0x00,0x00,0x00,0x00,0x00,0x00,0x00,0x00,0x00,0x00,
    0x00,0x00,0x00,0x00,0x00,0x00,0x00,0x00,0x00,0x00,0x00,0x00,
    0x00,0x00,0x00,0x00,0x00,0x00,0x00,0x00,0x00,0x00,0x00,0x00,
    0x00,0x00,0x00,0x00,0x00,0x00,0x00,0x00,0x00,0x00,0x00,0x00,
    0x00,0x00,0x00,0x00,0x00,0x00,0x00,0x00,0x00,0x00,0x00,0x00,
    0x00,0x00,0x00,0x00,0x00,0x00,0x00,0x00,0x00,0x00,0x00,0x00,
    0x00,0x00,0x00,0x00,0x00,0x00,0x00,0x00,0x00,0x00,0x00,0x00,
    0x00,0x00,0x00,0x00,0x00,0x00,0x00,0x00,0x00,0x00,0x00,0x00,
    0x00,0x00,0x00,0x00,0x00,0x00,0x00,0x00,0x00,0x00,0x00,0x00,
    0x00,0x00,0x00,0x00,0x00,0x00,0x00,0x00,0x00,0x00,0x00,0x00,
    0x00,0x00,0x00,0x00,0x00,0x00,0x00,0x00,0x00,0x00,0x00,0x00,
    0x00,0x00,0x00,0x00,0x00,0x00,0x00,0x00,0x00,0x00,0x00,0x00,
    0x00,0x00,0x00,0x00,0x00,0x00,0x00,0x00,0x00,0x00,0x00,0x00,
    0x00,0x00,0x00,0x00,0x00,0x00,0x00,0x00,0x00,0x00,0x00,0x00,
    0x00,0x00,0x00,0x00,0x00,0x00,0x00,0x00,0x00,0x00,0x00,0x00,
    0x00,0x00,0x00,0x00,0x00,0x00,0x00,0x00,0x00,0x00,0x00,0x00,
    0x00,0x00,0x00,0x00,0x00,0x00,0x00,0x00,0x00,0x00,0x00,0x00,
    0x00,0x00,0x00,0x00,0x00,0x00,0x00,0x00,0x00,0x00,0x00,0x00,
    0x00,0x00,0x00,0x00,0x00,0x00,0x00,0x00,0x00,0x00,0x00,0x00,
    0x00,0x00,0x00,0x00,0x00,0x00,0x00,0x00,0x00,0x00,0x00,0x00,
    0x00,0x00,0x00,0x00,0x00,0x00,0x00,0x00,0x00,0x00,0x00,0x00,
    0x00,0x00,0x00,0x00,0x00,0x00,0x00,0x00,0x00,0x00,0x00,0x00,
    0x00,0x00,0x00,0x00,0x00,0x00,0x00,0x00,0x00,0x00,0x00,0x00,
    0x00,0x00,0x00,0x00,0x00,0x00,0x00,0x00,0x00,0x00,0x00,0x00,
    0x00,0x00,0x00,0x00,0x00,0x00,0x00,0x00,0x00,0x00,0x00,0x00,
    0x00,0x00,0x00,0x00,0x00,0x00,0x00,0x00,0x00,0x00,0x00,0x00,
    0x00,0x00,0x00,0x00,0x00,0x00,0x00,0x00,0x00,0x00,0x00,0x00,
    0x00,0x00,0x00,0x00,0x00,0x00,0x00,0x00,0x00,0x00,0x00,0x00,
    0x00,0x00,0x00,0x00,0x00,0x00,0x00,0x00,0x00,0x00,0x00,0x00,
    0x00,0x00,0x00,0x00,0x00,0x00,0x00,0x00,0x00,0x00,0x00,0x00,
    0x00,0x00,0x00,0x00,0x00,0x00,0x00,0x00,0x00,0x00,0x00,0x00,
    0x00,0x00,0x00,0x00,0x00,0x00,0x00,0x00,0x00,0x00,0x00,0x00,
    0x00,0x00,0x00,0x00,0x00,0x00,0x00,0x00,0x00,0x00,0x00,0x00,
    0x00,0x00,0x00,0x00,0x00,0x00,0x00,0x00,0x00,0x00,0x00,0x00,
    0x00,0x00,0x00,0x00,0x00,0x00,0x00,0x00,0x00,0x00,0x00,0x00,
    0x00,0x00,0x00,0x00,0x00,0x00,0x00,0x00,0x00,0x00,0x00,0x00,
    0x00,0x00,0x00,0x00,0x00,0x00,0x00,0x00,0x00,0x00,0x00,0x00,
    0x00,0x00,0x00,0x00,0x00,0x00,0x00,0x00,0x00,0x00,0x00,0x00,
    0x00,0x00,0x00,0x00,0x00,0x00,0x00,0x00,0x00,0x00,0x00,0x00,
    0x00,0x00,0x00,0x00,0x00,0x00,0x00,0x00,0x00,0x00,0x00,0x00,
    0x00,0x00,0x00,0x00,0x00,0x00,0x00,0x00,0x00,0x00,0x00,0x00,
    0x00,0x00,0x00,0x00,0x00,0x00,0x00,0x00,0x00,0x00,0x00,0x00,
    0x00,0x00,0x00,0x00,0x00,0x00,0x00,0x00,0x00,0x00,0x00,0x00,
    0x00,0x00,0x00,0x00,0x00,0x00,0x00,0x00,0x00,0x00,0x00,0x00,
    0x00,0x00,0x00,0x00,0x00,0x00,0x00,0x00,0x00,0x00,0x00,0x00,
    0x00,0x00,0x00,0x00,0x00,0x00,0x00,0x00,0x00,0x00,0x00,0x00,
    0x00,0x00,0x00,0x00,0x00,0x00,0x00,0x00,0x00,0x00,0x00,0x00,
    0x00,0x00,0x00,0x00,0x00,0x00,0x00,0x00,0x00,0x00,0x00,0x00,
    0x00,0x00,0x00,0x00,0x00,0x00,0x00,0x00,0x00,0x00,0x00,0x00,
    0x00,0x00,0x00,0x00,0x00,0x00,0x00,0x00,0x00,0x00,0x00,0x00,
    0x00,0x00,0x00,0x00,0x00,0x00,0x00,0x00,0x00,0x00,0x00,0x00,
    0x00,0x00,0x00,0x00,0x00,0x00,0x00,0x00,0x00,0x00,0x00,0x00,
    0x00,0x00,0x00,0x00,0x00,0x00,0x00,0x00,0x00,0x00,0x00,0x00,
    0x00,0x00,0x00,0x00,0x00,0x00,0x00,0x00,0x00,0x00,0x00,0x00,
    0x00,0x00,0x00,0x00,0x00,0x00,0x00,0x00,0x00,0x00,0x00,0x00,
    0x00,0x00,0x00,0x00,0x00,0x00,0x00,0x00,0x00,0x00,0x00,0x00,
    0x00,0x00,0x00,0x00,0x00,0x00,0x00,0x00,0x00,0x00,0x00,0x00,
    0x00,0x00,0x00,0x00,0x00,0x00,0x00,0x00,0x00,0x00,0x00,0x00,
    0x00,0x00,0x00,0x00,0x00,0x00,0x00,0x00,0x00,0x00,0x00,0x00,
    0x00,0x00,0x00,0x00,0x00,0x00,0x00,0x00,0x00,0x00,0x00,0x00,
    0x00,0x00,0x00,0x00,0x00,0x00,0x00,0x00,0x00,0x00,0x00,0x00,
    0x00,0x00,0x00,0x00,0x00,0x00,0x00,0x00,0x00,0x00,0x00,0x00,
    0x00,0x00,0x00,0x00,0x00,0x00,0x00,0x00,0x00,0x00,0x00,0x00,
    0x00,0x00,0x00,0x00,0x00,0x00,0x00,0x00,0x00,0x00,0x00,0x00,
    0x00,0x00,0x00,0x00,0x00,0x00,0x00,0x00,0x00,0x00,0x00,0x00,
    0x00,0x00,0x00,0x00,0x00,0x00,0x00,0x00,0x00,0x00,0x00,0x00,
    0x00,0x00,0x00,0x00,0x00,0x00,0x00,0x00,0x00,0x00,0x00,0x00,
    0x00,0x00,0x00,0x00,0x00,0x00,0x00,0x00,0x00,0x00,0x00,0x00,
    0x00,0x00,0x00,0x00,0x00,0x00,0x00,0x00,0x00,0x00,0x00,0x00,
    0x00,0x00,0x00,0x00,0x00,0x00,0x00,0x00,0x00,0x00,0x00,0x00,
    0x00,0x00,0x00,0x00,0x00,0x00,0x00,0x00,0x00,0x00,0x00,0x00,
    0x00,0x00,0x00,0x00,0x00,0x00,0x00,0x00,0x00,0x00,0x00,0x00,
    0x00,0x00,0x00,0x00,0x00,0x00,0x00,0x00,0x00,0x00,0x00,0x00,
    0x00,0x00,0x00,0x00,0x00,0x00,0x00,0x00,0x00,0x00,0x00,0x00,
    0x00,0x00,0x00,0x00,0x00,0x00,0x00,0x00,0x00,0x00,0x00,0x00,
    0x00,0x00,0x00,0x00,0x00,0x00,0x00,0x00,0x00,0x00,0x00,0x00,
    0x00,0x00,0x00,0x00,0x00,0x00,0x00,0x00,0x00,0x00,0x00,0x00,
    0x00,0x00,0x00,0x00,0x00,0x00,0x00,0x00,0x00,0x00,0x00,0x00,
    0x00,0x00,0x00,0x00,0x00,0x00,0x00,0x00,0x00,0x00,0x00,0x00,
    0x00,0x00,0x00,0x00,0x00,0x00,0x00,0x00,0x00,0x00,0x00,0x00,
    0x00,0x00,0x00,0x00,0x00,0x00,0x00,0x00,0x00,0x00,0x00,0x00,
    0x00,0x00,0x00,0x00,0x00,0x00,0x00,0x00,0x00,0x00,0x00,0x00,
    0x00,0x00,0x00,0x00,0x00,0x00,0x00,0x00,0x00,0x00,0x00,0x00,
    0x00,0x00,0x00,0x00,0x00,0x00,0x00,0x00,0x00,0x00,0x00,0x00,
    0x00,0x00,0x00,0x00,0x00,0x00,0x00,0x00,0x00,0x00,0x00,0x00,
    0x00,0x00,0x00,0x00,0x00,0x00,0x00,0x00,0x00,0x00,0x00,0x00,
    0x00,0x00,0x00,0x00,0x00,0x00,0x00,0x00,0x00,0x00,0x00,0x00,
    0x00,0x00,0x00,0x00,0x00,0x00,0x00,0x00,0x00,0x00,0x00,0x00,
    0x00,0x00,0x00,0x00,0x00,0x00,0x00,0x00,0x00,0x00,0x00,0x00,
    0x00,0x00,0x00,0x00,0x00,0x00,0x00,0x00,0x00,0x00,0x00,0x00,
    0x00,0x00,0x00,0x00,0x00,0x00,0x00,0x00,0x00,0x00,0x00,0x00,
    0x00,0x00,0x00,0x00,0x00,0x00,0x00,0x00,0x00,0x00,0x00,0x00,
    0x00,0x00,0x00,0x00,0x00,0x00,0x00,0x00,0x00,0x00,0x00,0x00,
    0x00,0x00,0x00,0x00,0x00,0x00,0x00,0x00,0x00,0x00,0x00,0x00,
    0x00,0x00,0x00,0x00,0x00,0x00,0x00,0x00,0x00,0x00,0x00,0x00,
    0x00,0x00,0x00,0x00,0x00,0x00,0x00,0x00,0x00,0x00,0x00,0x00,
    0x00,0x00,0x00,0x00,0x00,0x00,0x00,0x00,0x00,0x00,0x00,0x00,
    0x00,0x00,0x00,0x00,0x00,0x00,0x00,0x00,0x00,0x00,0x00,0x00,
    0x00,0x00,0x00,0x00,0x00,0x00,0x00,0x00,0x00,0x00,0x00,0x00,
    0x00,0x00,0x00,0x00,0x00,0x00,0x00,0x00,0x00,0x00,0x00,0x00,
    0x00,0x00,0x00,0x00,0x00,0x00,0x00,0x00,0x00,0x00,0x00,0x00,
    0x00,0x00,0x00,0x00,0x00,0x00,0x00,0x00,0x00,0x00,0x00,0x00,
    0x00,0x00,0x00,0x00,0x00,0x00,0x00,0x00,0x00,0x00,0x00,0x00,
    0x00,0x00,0x00,0x00,0x00,0x00,0x00,0x00,0x00,0x00,0x00,0x00,
    0x00,0x00,0x00,0x00,0x00,0x00,0x00,0x00,0x00,0x00,0x00,0x00,
    0x00,0x00,0x00,0x00,0x00,0x00,0x00,0x00,0x00,0x00,0x00,0x00,
    0x00,0x00,0x00,0x00,0x00,0x00,0x00,0x00,0x00,0x00,0x00,0x00,
    0x00,0x00,0x00,0x00,0x00,0x00,0x00,0x00,0x00,0x00,0x00,0x00,
    0x00,0x00,0x00,0x00,0x00,0x00,0x00,0x00,0x00,0x00,0x00,0x00,
    0x00,0x00,0x00,0x00,0x00,0x00,0x00,0x00,0x00,0x00,0x00,0x00,
    0x00,0x00,0x00,0x00,0x00,0x00,0x00,0x00,0x00,0x00,0x00,0x00,
    0x00,0x00,0x00,0x00,0x00,0x00,0x00,0x00,0x00,0x00,0x00,0x00,
    0x00,0x00,0x00,0x00,0x00,0x00,0x00,0x00,0x00,0x00,0x00,0x00,
    0x00,0x00,0x00,0x00,0x00,0x00,0x00,0x00,0x00,0x00,0x00,0x00,
    0x00,0x00,0x00,0x00,0x00,0x00,0x00,0x00,0x00,0x00,0x00,0x00,
    0x00,0x00,0x00,0x00,0x00,0x00,0x00,0x00,0x00,0x00,0x00,0x00,
    0x00,0x00,0x00,0x00,0x00,0x00,0x00,0x00,0x00,0x00,0x00,0x00,
    0x00,0x00,0x00,0x00,0x00,0x00,0x00,0x00,0x00,0x00,0x00,0x00,
    0x00,0x00,0x00,0x00,0x00,0x00,0x00,0x00,0x00,0x00,0x00,0x00,
    0x00,0x00,0x00,0x00,0x00,0x00,0x00,0x00,0x00,0x00,0x00,0x00,
    0x00,0x00,0x00,0x00,0x00,0x00,0x00,0x00,0x00,0x00,0x00,0x00,
    0x00,0x00,0x00,0x00,0x00,0x00,0x00,0x00,0x00,0x00,0x00,0x00,
    0x00,0x00,0x00,0x00,0x00,0x00,0x00,0x00,0x00,0x00,0x00,0x00,
    0x00,0x00,0x00,0x00,0x00,0x00,0x00,0x00,0x00,0x00,0x00,0x00,
    0x00,0x00,0x00,0x00,0x00,0x00,0x00,0x00,0x00,0x00,0x00,0x00,
    0x00,0x00,0x00,0x00,0x00,0x00,0x00,0x00,0x00,0x00,0x00,0x00,
    0x00,0x00,0x00,0x00,0x00,0x00,0x00,0x00,0x00,0x00,0x00,0x00,
    0x00,0x00,0x00,0x00,0x00,0x00,0x00,0x00,0x00,0x00,0x00,0x00,
    0x00,0x00,0x00,0x00,0x00,0x00,0x00,0x00,0x00,0x00,0x00,0x00,
    0x00,0x00,0x00,0x00,0x00,0x00,0x00,0x00,0x00,0x00,0x00,0x00,
    0x00,0x00,0x00,0x00,0x00,0x00,0x00,0x00,0x00,0x00,0x00,0x00,
    0x00,0x00,0x00,0x00,0x00,0x00,0x00,0x00,0x00,0x00,0x00,0x00,
    0x00,0x00,0x00,0x00,0x00,0x00,0x00,0x00,0x00,0x00,0x00,0x00,
    0x00,0x00,0x00,0x00,0x00,0x00,0x00,0x00,0x00,0x00,0x00,0x00,
    0x00,0x00,0x00,0x00,0x00,0x00,0x00,0x00,0x00,0x00,0x00,0x00,
    0x00,0x00,0x00,0x00,0x00,0x00,0x00,0x00,0x00,0x00,0x00,0x00,
    0x00,0x00,0x00,0x00,0x00,0x00,0x00,0x00,0x00,0x00,0x00,0x00,
    0x00,0x00,0x00,0x00,0x00,0x00,0x00,0x00,0x00,0x00,0x00,0x00,
    0x00,0x00,0x00,0x00,0x00,0x00,0x00,0x00,0x00,0x00,0x00,0x00,
    0x00,0x00,0x00,0x00,0x00,0x00,0x00,0x00,0x00,0x00,0x00,0x00,
    0x00,0x00,0x00,0x00,0x00,0x00,0x00,0x00,0x00,0x00,0x00,0x00,
    0x00,0x00,0x00,0x00,0x00,0x00,0x00,0x00,0x00,0x00,0x00,0x00,
    0x00,0x00,0x00,0x00,0x00,0x00,0x00,0x00,0x00,0x00,0x00,0x00,
    0x00,0x00,0x00,0x00,0x00,0x00,0x00,0x00,0x00,0x00,0x00,0x00,
    0x00,0x00,0x00,0x00,0x00,0x00,0x00,0x00,0x00,0x00,0x00,0x00,
    0x00,0x00,0x00,0x00,0x00,0x00,0x00,0x00,0x00,0x00,0x00,0x00,
    0x00,0x00,0x00,0x00,0x00,0x00,0x00,0x00,0x00,0x00,0x00,0x00,
    0x00,0x00,0x00,0x00,0x00,0x00,0x00,0x00,0x00,0x00,0x00,0x00,
    0x00,0x00,0x00,0x00,0x00,0x00,0x00,0x00,0x00,0x00,0x00,0x00,
    0x00,0x00,0x00,0x00,0x00,0x00,0x00,0x00,0x00,0x00,0x00,0x00,
    0x00,0x00,0x00,0x00,0x00,0x00,0x00,0x00,0x00,0x00,0x00,0x00,
    0x00,0x00,0x00,0x00,0x00,0x00,0x00,0x00,0x00,0x00,0x00,0x00,
    0x00,0x00,0x00,0x00,0x00,0x00,0x00,0x00,0x00,0x00,0x00,0x00,
    0x00,0x00,0x00,0x00,0x00,0x00,0x00,0x00,0x00,0x00,0x00,0x00,
    0x00,0x00,0x00,0x00,0x00,0x00,0x00,0x00,0x00,0x00,0x00,0x00,
    0x00,0x00,0x00,0x00,0x00,0x00,0x00,0x00,0x00,0x00,0x00,0x00,
    0x00,0x00,0x00,0x00,0x00,0x00,0x00,0x00,0x00,0x00,0x00,0x00,
    0x00,0x00,0x00,0x00,0x00,0x00,0x00,0x00,0x00,0x00,0x00,0x00,
    0x00,0x00,0x00,0x00,0x00,0x00,0x00,0x00,0x00,0x00,0x00,0x00,
    0x00,0x00,0x00,0x00,0x00,0x00,0x00,0x00,0x00,0x00,0x00,0x00,
    0x00,0x00,0x00,0x00,0x00,0x00,0x00,0x00,0x00,0x00,0x00,0x00,
    0x00,0x00,0x00,0x00,0x00,0x00,0x00,0x00,0x00,0x00,0x00,0x00,
    0x00,0x00,0x00,0x00,0x00,0x00,0x00,0x00,0x00,0x00,0x00,0x00,
    0x00,0x00,0x00,0x00,0x00,0x00,0x00,0x00,0x00,0x00,0x00,0x00,
    0x00,0x00,0x00,0x00,0x00,0x00,0x00,0x00,0x00,0x00,0x00,0x00,
    0x00,0x00,0x00,0x00,0x00,0x00,0x00,0x00,0x00,0x00,0x00,0x00,
    0x00,0x00,0x00,0x00,0x00,0x00,0x00,0x00,0x00,0x00,0x00,0x00,
    0x00,0x00,0x00,0x00,0x00,0x00,0x00,0x00,0x00,0x00,0x00,0x00,
    0x00,0x00,0x00,0x00,0x00,0x00,0x00,0x00,0x00,0x00,0x00,0x00,
    0x00,0x00,0x00,0x00,0x00,0x00,0x00,0x00,0x00,0x00,0x00,0x00,
    0x00,0x00,0x00,0x00,0x00,0x00,0x00,0x00,0x00,0x00,0x00,0x00,
    0x00,0x00,0x00,0x00,0x00,0x00,0x00,0x00,0x00,0x00,0x00,0x00,
    0x00,0x00,0x00,0x00,0x00,0x00,0x00,0x00,0x00,0x00,0x00,0x00,
    0x00,0x00,0x00,0x00,0x00,0x00,0x00,0x00,0x00,0x00,0x00,0x00,
    0x00,0x00,0x00,0x00,0x00,0x00,0x00,0x00,0x00,0x00,0x00,0x00,
    0x00,0x00,0x00,0x00,0x00,0x00,0x00,0x00,0x00,0x00,0x00,0x00,
    0x00,0x00,0x00,0x00,0x00,0x00,0x00,0x00,0x00,0x00,0x00,0x00,
    0x00,0x00,0x00,0x00,0x00,0x00,0x00,0x00,0x00,0x00,0x00,0x00,
    0x00,0x00,0x00,0x00,0x00,0x00,0x00,0x00,0x00,0x00,0x00,0x00,
    0x00,0x00,0x00,0x00,0x00,0x00,0x00,0x00,0x00,0x00,0x00,0x00,
    0x00,0x00,0x00,0x00,0x00,0x00,0x00,0x00,0x00,0x00,0x00,0x00,
    0x00,0x00,0x00,0x00,0x00,0x00,0x00,0x00,0x00,0x00,0x00,0x00,
    0x00,0x00,0x00,0x00,0x00,0x00,0x00,0x00,0x00,0x00,0x00,0x00,
    0x00,0x00,0x00,0x00,0x00,0x00,0x00,0x00,0x00,0x00,0x00,0x00,
    0x00,0x00,0x00,0x00,0x00,0x00,0x00,0x00,0x00,0x00,0x00,0x00,
    0x00,0x00,0x00,0x00,0x00,0x00,0x00,0x00,0x00,0x00,0x00,0x00,
    0x00,0x00,0x00,0x00,0x00,0x00,0x00,0x00,0x00,0x00,0x00,0x00,
    0x00,0x00,0x00,0x00,0x00,0x00,0x00,0x00,0x00,0x00,0x00,0x00,
    0x00,0x00,0x00,0x00,0x00,0x00,0x00,0x00,0x00,0x00,0x00,0x00,
    0x00,0x00,0x00,0x00,0x00,0x00,0x00,0x00,0x00,0x00,0x00,0x00,
    0x00,0x00,0x00,0x00,0x00,0x00,0x00,0x00,0x00,0x00,0x00,0x00,
    0x00,0x00,0x00,0x00,0x00,0x00,0x00,0x00,0x00,0x00,0x00,0x00,
    0x00,0x00,0x00,0x00,0x00,0x00,0x00,0x00,0x00,0x00,0x00,0x00,
    0x00,0x00,0x00,0x00,0x00,0x00,0x00,0x00,0x00,0x00,0x00,0x00,
    0x00,0x00,0x00,0x00,0x00,0x00,0x00,0x00,0x00,0x00,0x00,0x00,
    0x00,0x00,0x00,0x00,0x00,0x00,0x00,0x00,0x00,0x00,0x00,0x00,
    0x00,0x00,0x00,0x00,0x00,0x00,0x00,0x00,0x00,0x00,0x00,0x00,
    0x00,0x00,0x00,0x00,0x00,0x00,0x00,0x00,0x00,0x00,0x00,0x00,
    0x00,0x00,0x00,0x00,0x00,0x00,0x00,0x00,0x00,0x00,0x00,0x00,
    0x00,0x00,0x00,0x00,0x00,0x00,0x00,0x00,0x00,0x00,0x00,0x00,
    0x00,0x00,0x00,0x00,0x00,0x00,0x00,0x00,0x00,0x00,0x00,0x00,
    0x00,0x00,0x00,0x00,0x00,0x00,0x00,0x00,0x00,0x00,0x00,0x00,
    0x00,0x00,0x00,0x00,0x00,0x00,0x00,0x00,0x00,0x00,0x00,0x00,
    0x00,0x00,0x00,0x00,0x00,0x00,0x00,0x00,0x00,0x00,0x00,0x00,
    0x00,0x00,0x00,0x00,0x00,0x00,0x00,0x00,0x00,0x00,0x00,0x00,
    0x00,0x00,0x00,0x00,0x00,0x00,0x00,0x00,0x00,0x00,0x00,0x00,
    0x00,0x00,0x00,0x00,0x00,0x00,0x00,0x00,0x00,0x00,0x00,0x00,
    0x00,0x00,0x00,0x00,0x00,0x00,0x00,0x00,0x00,0x00,0x00,0x00,
    0x00,0x00,0x00,0x00,0x00,0x00,0x00,0x00,0x00,0x00,0x00,0x00,
    0x00,0x00,0x00,0x00,0x00,0x00,0x00,0x00,0x00,0x00,0x00,0x00,
    0x00,0x00,0x00,0x00,0x00,0x00,0x00,0x00,0x00,0x00,0x00,0x00,
    0x00,0x00,0x00,0x00,0x00,0x00,0x00,0x00,0x00,0x00,0x00,0x00,
    0x00,0x00,0x00,0x00,0x00,0x00,0x00,0x00,0x00,0x00,0x00,0x00,
    0x00,0x00,0x00,0x00,0x00,0x00,0x00,0x00,0x00,0x00,0x00,0x00,
    0x00,0x00,0x00,0x00,0x00,0x00,0x00,0x00,0x00,0x00,0x00,0x00,
    0x00,0x00,0x00,0x00,0x00,0x00,0x00,0x00,0x00,0x00,0x00,0x00,
    0x00,0x00,0x00,0x00,0x00,0x00,0x00,0x00,0x00,0x00,0x00,0x00,
    0x00,0x00,0x00,0x00,0x00,0x00,0x00,0x00,0x00,0x00,0x00,0x00,
    0x00,0x00,0x00,0x00,0x00,0x00,0x00,0x00,0x00,0x00,0x00,0x00,
    0x00,0x00,0x00,0x00,0x00,0x00,0x00,0x00,0x00,0x00,0x00,0x00,
    0x00,0x00,0x00,0x00,0x00,0x00,0x00,0x00,0x00,0x00,0x00,0x00,
    0x00,0x00,0x00,0x00,0x00,0x00,0x00,0x00,0x00,0x00,0x00,0x00,
    0x00,0x00,0x00,0x00,0x00,0x00,0x00,0x00,0x00,0x00,0x00,0x00,
    0x00,0x00,0x00,0x00,0x00,0x00,0x00,0x00,0x00,0x00,0x00,0x00,
    0x00,0x00,0x00,0x00,0x00,0x00,0x00,0x00,0x00,0x00,0x00,0x00,
    0x00,0x00,0x00,0x00,0x00,0x00,0x00,0x00,0x00,0x00,0x00,0x00,
    0x00,0x00,0x00,0x00,0x00,0x00,0x00,0x00,0x00,0x00,0x00,0x00,
    0x00,0x00,0x00,0x00,0x00,0x00,0x00,0x00,0x00,0x00,0x00,0x00,
    0x00,0x00,0x00,0x00,0x00,0x00,0x00,0x00,0x00,0x00,0x00,0x00,
    0x00,0x00,0x00,0x00,0x00,0x00,0x00,0x00,0x00,0x00,0x00,0x00,
    0x00,0x00,0x00,0x00,0x00,0x00,0x00,0x00,0x00,0x00,0x00,0x00,
    0x00,0x00,0x00,0x00,0x00,0x00,0x00,0x00,0x00,0x00,0x00,0x00,
    0x00,0x00,0x00,0x00,0x00,0x00,0x00,0x00,0x00,0x00,0x00,0x00,
    0x00,0x00,0x00,0x00,0x00,0x00,0x00,0x00,0x00,0x00,0x00,0x00,
    0x00,0x00,0x00,0x00,0x00,0x00,0x00,0x00,0x00,0x00,0x00,0x00,
    0x00,0x00,0x00,0x00,0x00,0x00,0x00,0x00,0x00,0x00,0x00,0x00,
    0x00,0x00,0x00,0x00,0x00,0x00,0x00,0x00,0x00,0x00,0x00,0x00,
    0x00,0x00,0x00,0x00,0x00,0x00,0x00,0x00,0x00,0x00,0x00,0x00,
    0x00,0x00,0x00,0x00,0x00,0x00,0x00,0x00,0x00,0x00,0x00,0x00,
    0x00,0x00,0x00,0x00,0x00,0x00,0x00,0x00,0x00,0x00,0x00,0x00,
    0x00,0x00,0x00,0x00,0x00,0x00,0x00,0x00,0x00,0x00,0x00,0x00,
    0x00,0x00,0x00,0x00,0x00,0x00,0x00,0x00,0x00,0x00,0x00,0x00,
    0x00,0x00,0x00,0x00,0x00,0x00,0x00,0x00,0x00,0x00,0x00,0x00,
    0x00,0x00,0x00,0x00,0x00,0x00,0x00,0x00,0x00,0x00,0x00,0x00,
    0x00,0x00,0x00,0x00,0x00,0x00,0x00,0x00,0x00,0x00,0x00,0x00,
    0x00,0x00,0x00,0x00,0x00,0x00,0x00,0x00,0x00,0x00,0x00,0x00,
    0x00,0x00,0x00,0x00,0x00,0x00,0x00,0x00,0x00,0x00,0x00,0x00,
    0x00,0x00,0x00,0x00,0x00,0x00,0x00,0x00,0x00,0x00,0x00,0x00,
    0x00,0x00,0x00,0x00,0x00,0x00,0x00,0x00,0x00,0x00,0x00,0x00,
    0x00,0x00,0x00,0x00,0x00,0x00,0x00,0x00,0x00,0x00,0x00,0x00,
    0x00,0x00,0x00,0x00,0x00,0x00,0x00,0x00,0x00,0x00,0x00,0x00,
    0x00,0x00,0x00,0x00,0x00,0x00,0x00,0x00,0x00,0x00,0x00,0x00,
    0x00,0x00,0x00,0x00,0x00,0x00,0x00,0x00,0x00,0x00,0x00,0x00,
    0x00,0x00,0x00,0x00,0x00,0x00,0x00,0x00,0x00,0x00,0x00,0x00,
    0x00,0x00,0x00,0x00,0x00,0x00,0x00,0x00,0x00,0x00,0x00,0x00,
    0x00,0x00,0x00,0x00,0x00,0x00,0x00,0x00,0x00,0x00,0x00,0x00,
    0x00,0x00,0x00,0x00,0x00,0x00,0x00,0x00,0x00,0x00,0x00,0x00,
    0x00,0x00,0x00,0x00,0x00,0x00,0x00,0x00,0x00,0x00,0x00,0x00,
    0x00,0x00,0x00,0x00,0x00,0x00,0x00,0x00,0x00,0x00,0x00,0x00,
    0x00,0x00,0x00,0x00,0x00,0x00,0x00,0x00,0x00,0x00,0x00,0x00,
    0x00,0x00,0x00,0x00,0x00,0x00,0x00,0x00,0x00,0x00,0x00,0x00,
    0x00,0x00,0x00,0x00,0x00,0x00,0x00,0x00,0x00,0x00,0x00,0x00,
    0x00,0x00,0x00,0x00,0x00,0x00,0x00,0x00,0x00,0x00,0x00,0x00,
    0x00,0x00,0x00,0x00,0x00,0x00,0x00,0x00,0x00,0x00,0x00,0x00,
    0x00,0x00,0x00,0x00,0x00,0x00,0x00,0x00,0x00,0x00,0x00,0x00,
    0x00,0x00,0x00,0x00,0x00,0x00,0x00,0x00,0x00,0x00,0x00,0x00,
    0x00,0x00,0x00,0x00,0x00,0x00,0x00,0x00,0x00,0x00,0x00,0x00,
    0x00,0x00,0x00,0x00,0x00,0x00,0x00,0x00,0x00,0x00,0x00,0x00,
    0x00,0x00,0x00,0x00,0x00,0x00,0x00,0x00,0x00,0x00,0x00,0x00,
    0x00,0x00,0x00,0x00,0x00,0x00,0x00,0x00,0x00,0x00,0x00,0x00,
    0x00,0x00,0x00,0x00,0x00,0x00,0x00,0x00,0x00,0x00,0x00,0x00,
    0x00,0x00,0x00,0x00,0x00,0x00,0x00,0x00,0x00,0x00,0x00,0x00,
    0x00,0x00,0x00,0x00,0x00,0x00,0x00,0x00,0x00,0x00,0x00,0x00,
    0x00,0x00,0x00,0x00,0x00,0x00,0x00,0x00,0x00,0x00,0x00,0x00,
    0x00,0x00,0x00,0x00,0x00,0x00,0x00,0x00,0x00,0x00,0x00,0x00,
    0x00,0x00,0x00,0x00,0x00,0x00,0x00,0x00,0x00,0x00,0x00,0x00,
    0x00,0x00,0x00,0x00,0x00,0x00,0x00,0x00,0x00,0x00,0x00,0x00,
    0x00,0x00,0x00,0x00,0x00,0x00,0x00,0x00,0x00,0x00,0x00,0x00,
    0x00,0x00,0x00,0x00,0x00,0x00,0x00,0x00,0x00,0x00,0x00,0x00,
    0x00,0x00,0x00,0x00,0x00,0x00,0x00,0x00,0x00,0x00,0x00,0x00,
    0x00,0x00,0x00,0x00,0x00,0x00,0x00,0x00,0x00,0x00,0x00,0x00,
    0x00,0x00,0x00,0x00,0x00,0x00,0x00,0x00,0x00,0x00,0x00,0x00,
    0x00,0x00,0x00,0x00,0x00,0x00,0x00,0x00,0x00,0x00,0x00,0x00,
    0x00,0x00,0x00,0x00,0x00,0x00,0x00,0x00,0x00,0x00,0x00,0x00,
    0x00,0x00,0x00,0x00,0x00,0x00,0x00,0x00,0x00,0x00,0x00,0x00,
    0x00,0x00,0x00,0x00,0x00,0x00,0x00,0x00,0x00,0x00,0x00,0x00,
    0x00,0x00,0x00,0x00,0x00,0x00,0x00,0x00,0x00,0x00,0x00,0x00,
    0x00,0x00,0x00,0x00,0x00,0x00,0x00,0x00,0x00,0x00,0x00,0x00,
    0x00,0x00,0x00,0x00,0x00,0x00,0x00,0x00,0x00,0x00,0x00,0x00,
    0x00,0x00,0x00,0x00,0x00,0x00,0x00,0x00,0x00,0x00,0x00,0x00,
    0x00,0x00,0x00,0x00,0x00,0x00,0x00,0x00,0x00,0x00,0x00,0x00,
    0x00,0x00,0x00,0x00,0x00,0x00,0x00,0x00,0x00,0x00,0x00,0x00,
    0x00,0x00,0x00,0x00,0x00,0x00,0x00,0x00,0x00,0x00,0x00,0x00,
    0x00,0x00,0x00,0x00,0x00,0x00,0x00,0x00,0x00,0x00,0x00,0x00,
    0x00,0x00,0x00,0x00,0x00,0x00,0x00,0x00,0x00,0x00,0x00,0x00,
    0x00,0x00,0x00,0x00,0x00,0x00,0x00,0x00,0x00,0x00,0x00,0x00,
    0x00,0x00,0x00,0x00,0x00,0x00,0x00,0x00,0x00,0x00,0x00,0x00,
    0x00,0x00,0x00,0x00,0x00,0x00,0x00,0x00,0x00,0x00,0x00,0x00,
    0x00,0x00,0x00,0x00,0x00,0x00,0x00,0x00,0x00,0x00,0x00,0x00,
    0x00,0x00,0x00,0x00,0x00,0x00,0x00,0x00,0x00,0x00,0x00,0x00,
    0x00,0x00,0x00,0x00,0x00,0x00,0x00,0x00,0x00,0x00,0x00,0x00,
    0x00,0x00,0x00,0x00,0x00,0x00,0x00,0x00,0x00,0x00,0x00,0x00,
    0x00,0x00,0x00,0x00,0x00,0x00,0x00,0x00,0x00,0x00,0x00,0x00,
    0x00,0x00,0x00,0x00,0x00,0x00,0x00,0x00,0x00,0x00,0x00,0x00,
    0x00,0x00,0x00,0x00,0x00,0x00,0x00,0x00,0x00,0x00,0x00,0x00,
    0x00,0x00,0x00,0x00,0x00,0x00,0x00,0x00,0x00,0x00,0x00,0x00,
    0x00,0x00,0x00,0x00,0x00,0x00,0x00,0x00,0x00,0x00,0x00,0x00,
    0x00,0x00,0x00,0x00,0x00,0x00,0x00,0x00,0x00,0x00,0x00,0x00,
    0x00,0x00,0x00,0x00,0x00,0x00,0x00,0x00,0x00,0x00,0x00,0x00,
    0x00,0x00,0x00,0x00,0x00,0x00,0x00,0x00,0x00,0x00,0x00,0x00,
    0x00,0x00,0x00,0x00,0x00,0x00,0x00,0x00,0x00,0x00,0x00,0x00,
    0x00,0x00,0x00,0x00,0x00,0x00,0x00,0x00,0x00,0x00,0x00,0x00,
    0x00,0x00,0x00,0x00,0x00,0x00,0x00,0x00,0x00,0x00,0x00,0x00,
    0x00,0x00,0x00,0x00,0x00,0x00,0x00,0x00,0x00,0x00,0x00,0x00,
    0x00,0x00,0x00,0x00,0x00,0x00,0x00,0x00,0x00,0x00,0x00,0x00,
    0x00,0x00,0x00,0x00,0x00,0x00,0x00,0x00,0x00,0x00,0x00,0x00,
    0x00,0x00,0x00,0x00,0x00,0x00,0x00,0x00,0x00,0x00,0x00,0x00,
    0x00,0x00,0x00,0x00,0x00,0x00,0x00,0x00,0x00,0x00,0x00,0x00,
    0x00,0x00,0x00,0x00,0x00,0x00,0x00,0x00,0x00,0x00,0x00,0x00,
    0x00,0x00,0x00,0x00,0x00,0x00,0x00,0x00,0x00,0x00,0x00,0x00,
    0x00,0x00,0x00,0x00,0x00,0x00,0x00,0x00,0x00,0x00,0x00,0x00,
    0x00,0x00,0x00,0x00,0x00,0x00,0x00,0x00,0x00,0x00,0x00,0x00,
    0x00,0x00,0x00,0x00,0x00,0x00,0x00,0x00,0x00,0x00,0x00,0x00,
    0x00,0x00,0x00,0x00,0x00,0x00,0x00,0x00,0x00,0x00,0x00,0x00,
    0x00,0x00,0x00,0x00,0x00,0x00,0x00,0x00,0x00,0x00,0x00,0x00,
    0x00,0x00,0x00,0x00,0x00,0x00,0x00,0x00,0x00,0x00,0x00,0x00,
    0x00,0x00,0x00,0x00,0x00,0x00,0x00,0x00,0x00,0x00,0x00,0x00,
    0x00,0x00,0x00,0x00,0x00,0x00,0x00,0x00,0x00,0x00,0x00,0x00,
    0x00,0x00,0x00,0x00,0x00,0x00,0x00,0x00,0x00,0x00,0x00,0x00,
    0x00,0x00,0x00,0x00,0x00,0x00,0x00,0x00,0x00,0x00,0x00,0x00,
    0x00,0x00,0x00,0x00,0x00,0x00,0x00,0x00,0x00,0x00,0x00,0x00,
    0x00,0x00,0x00,0x00,0x00,0x00,0x00,0x00,0x00,0x00,0x00,0x00,
    0x00,0x00,0x00,0x00,0x00,0x00,0x00,0x00,0x00,0x00,0x00,0x00,
    0x00,0x00,0x00,0x00,0x00,0x00,0x00,0x00,0x00,0x00,0x00,0x00,
    0x00,0x00,0x00,0x00,0x00,0x00,0x00,0x00,0x00,0x00,0x00,0x00,
    0x00,0x00,0x00,0x00,0x00,0x00,0x00,0x00,0x00,0x00,0x00,0x00,
    0x00,0x00,0x00,0x00,0x00,0x00,0x00,0x00,0x00,0x00,0x00,0x00,
    0x00,0x00,0x00,0x00,0x00,0x00,0x00,0x00,0x00,0x00,0x00,0x00,
    0x00,0x00,0x00,0x00,0x00,0x00,0x00,0x00,0x00,0x00,0x00,0x00,
    0x00,0x00,0x00,0x00,0x00,0x00,0x00,0x00,0x00,0x00,0x00,0x00,
    0x00,0x00,0x00,0x00,0x00,0x00,0x00,0x00,0x00,0x00,0x00,0x00,
    0x00,0x00,0x00,0x00,0x00,0x00,0x00,0x00,0x00,0x00,0x00,0x00,
    0x00,0x00,0x00,0x00,0x00,0x00,0x00,0x00,0x00,0x00,0x00,0x00,
    0x00,0x00,0x00,0x00,0x00,0x00,0x00,0x00,0x00,0x00,0x00,0x00,
    0x00,0x00,0x00,0x00,0x00,0x00,0x00,0x00,0x00,0x00,0x00,0x00,
    0x00,0x00,0x00,0x00,0x00,0x00,0x00,0x00,0x00,0x00,0x00,0x00,
    0x00,0x00,0x00,0x00,0x00,0x00,0x00,0x00,0x00,0x00,0x00,0x00,
    0x00,0x00,0x00,0x00,0x00,0x00,0x00,0x00,0x00,0x00,0x00,0x00,
    0x00,0x00,0x00,0x00,0x00,0x00,0x00,0x00,0x00,0x00,0x00,0x00,
    0x00,0x00,0x00,0x00,0x00,0x00,0x00,0x00,0x00,0x00,0x00,0x00,
    0x00,0x00,0x00,0x00,0x00,0x00,0x00,0x00,0x00,0x00,0x00,0x00,
    0x00,0x00,0x00,0x00,0x00,0x00,0x00,0x00,0x00,0x00,0x00,0x00,
    0x00,0x00,0x00,0x00,0x00,0x00,0x00,0x00,0x00,0x00,0x00,0x00,
    0x00,0x00,0x00,0x00,0x00,0x00,0x00,0x00,0x00,0x00,0x00,0x00,
    0x00,0x00,0x00,0x00,0x00,0x00,0x00,0x00,0x00,0x00,0x00,0x00,
    0x00,0x00,0x00,0x00,0x00,0x00,0x00,0x00,0x00,0x00,0x00,0x00,
    0x00,0x00,0x00,0x00,0x00,0x00,0x00,0x00,0x00,0x00,0x00,0x00,
    0x00,0x00,0x00,0x00,0x00,0x00,0x00,0x00,0x00,0x00,0x00,0x00,
    0x00,0x00,0x00,0x00,0x00,0x00,0x00,0x00,0x00,0x00,0x00,0x00,
    0x00,0x00,0x00,0x00,0x00,0x00,0x00,0x00,0x00,0x00,0x00,0x00,
    0x00,0x00,0x00,0x00,0x00,0x00,0x00,0x00,0x00,0x00,0x00,0x00,
    0x00,0x00,0x00,0x00,0x00,0x00,0x00,0x00,0x00,0x00,0x00,0x00,
    0x00,0x00,0x00,0x00,0x00,0x00,0x00,0x00,0x00,0x00,0x00,0x00,
    0x00,0x00,0x00,0x00,0x00,0x00,0x00,0x00,0x00,0x00,0x00,0x00,
    0x00,0x00,0x00,0x00,0x00,0x00,0x00,0x00,0x00,0x00,0x00,0x00,
    0x00,0x00,0x00,0x00,0x00,0x00,0x00,0x00,0x00,0x00,0x00,0x00,
    0x00,0x00,0x00,0x00,0x00,0x00,0x00,0x00,0x00,0x00,0x00,0x00,
    0x00,0x00,0x00,0x00,0x00,0x00,0x00,0x00,0x00,0x00,0x00,0x00,
    0x00,0x00,0x00,0x00,0x00,0x00,0x00,0x00,0x00,0x00,0x00,0x00,
    0x00,0x00,0x00,0x00,0x00,0x00,0x00,0x00,0x00,0x00,0x00,0x00,
    0x00,0x00,0x00,0x00,0x00,0x00,0x00,0x00,0x00,0x00,0x00,0x00,
    0x00,0x00,0x00,0x00,0x00,0x00,0x00,0x00,0x00,0x00,0x00,0x00,
    0x00,0x00,0x00,0x00,0x00,0x00,0x00,0x00,0x00,0x00,0x00,0x00,
    0x00,0x00,0x00,0x00,0x00,0x00,0x00,0x00,0x00,0x00,0x00,0x00,
    0x00,0x00,0x00,0x00,0x00,0x00,0x00,0x00,0x00,0x00,0x00,0x00,
    0x00,0x00,0x00,0x00,0x00,0x00,0x00,0x00,0x00,0x00,0x00,0x00,
    0x00,0x00,0x00,0x00,0x00,0x00,0x00,0x00,0x00,0x00,0x00,0x00,
    0x00,0x00,0x00,0x00,0x00,0x00,0x00,0x00,0x00,0x00,0x00,0x00,
    0x00,0x00,0x00,0x00,0x00,0x00,0x00,0x00,0x00,0x00,0x00,0x00,
    0x00,0x00,0x00,0x00,0x00,0x00,0x00,0x00,0x00,0x00,0x00,0x00,
    0x00,0x00,0x00,0x00,0x00,0x00,0x00,0x00,0x00,0x00,0x00,0x00,
    0x00,0x00,0x00,0x00,0x00,0x00,0x00,0x00,0x00,0x00,0x00,0x00,
    0x00,0x00,0x00,0x00,0x00,0x00,0x00,0x00,0x00,0x00,0x00,0x00,
    0x00,0x00,0x00,0x00,0x00,0x00,0x00,0x00,0x00,0x00,0x00,0x00,
    0x00,0x00,0x00,0x00,0x00,0x00,0x00,0x00,0x00,0x00,0x00,0x00,
    0x00,0x00,0x00,0x00,0x00,0x00,0x00,0x00,0x00,0x00,0x00,0x00,
    0x00,0x00,0x00,0x00,0x00,0x00,0x00,0x00,0x00,0x00,0x00,0x00,
    0x00,0x00,0x00,0x00,0x00,0x00,0x00,0x00,0x00,0x00,0x00,0x00,
    0x00,0x00,0x00,0x00,0x00,0x00,0x00,0x00,0x00,0x00,0x00,0x00,
    0x00,0x00,0x00,0x00,0x00,0x00,0x00,0x00,0x00,0x00,0x00,0x00,
    0x00,0x00,0x00,0x00,0x00,0x00,0x00,0x00,0x00,0x00,0x00,0x00,
    0x00,0x00,0x00,0x00,0x00,0x00,0x00,0x00,0x00,0x00,0x00,0x00,
    0x00,0x00,0x00,0x00,0x00,0x00,0x00,0x00,0x00,0x00,0x00,0x00,
    0x00,0x00,0x00,0x00,0x00,0x00,0x00,0x00,0x00,0x00,0x00,0x00,
    0x00,0x00,0x00,0x00,0x00,0x00,0x00,0x00,0x00,0x00,0x00,0x00,
    0x00,0x00,0x00,0x00,0x00,0x00,0x00,0x00,0x00,0x00,0x00,0x00,
    0x00,0x00,0x00,0x00,0x00,0x00,0x00,0x00,0x00,0x00,0x00,0x00,
    0x00,0x00,0x00,0x00,0x00,0x00,0x00,0x00,0x00,0x00,0x00,0x00,
    0x00,0x00,0x00,0x00,0x00,0x00,0x00,0x00,0x00,0x00,0x00,0x00,
    0x00,0x00,0x00,0x00,0x00,0x00,0x00,0x00,0x00,0x00,0x00,0x00,
    0x00,0x00,0x00,0x00,0x00,0x00,0x00,0x00,0x00,0x00,0x00,0x00,
    0x00,0x00,0x00,0x00,0x00,0x00,0x00,0x00,0x00,0x00,0x00,0x00,
    0x00,0x00,0x00,0x00,0x00,0x00,0x00,0x00,0x00,0x00,0x00,0x00,
    0x00,0x00,0x00,0x00,0x00,0x00,0x00,0x00,0x00,0x00,0x00,0x00,
    0x00,0x00,0x00,0x00,0x00,0x00,0x00,0x00,0x00,0x00,0x00,0x00,
    0x00,0x00,0x00,0x00,0x00,0x00,0x00,0x00,0x00,0x00,0x00,0x00,
    0x00,0x00,0x00,0x00,0x00,0x00,0x00,0x00,0x00,0x00,0x00,0x00,
    0x00,0x00,0x00,0x00,0x00,0x00,0x00,0x00,0x00,0x00,0x00,0x00,
    0x00,0x00,0x00,0x00,0x00,0x00,0x00,0x00,0x00,0x00,0x00,0x00,
    0x00,0x00,0x00,0x00,0x00,0x00,0x00,0x00,0x00,0x00,0x00,0x00,
    0x00,0x00,0x00,0x00,0x00,0x00,0x00,0x00,0x00,0x00,0x00,0x00,
    0x00,0x00,0x00,0x00,0x00,0x00,0x00,0x00,0x00,0x00,0x00,0x00,
    0x00,0x00,0x00,0x00,0x00,0x00,0x00,0x00,0x00,0x00,0x00,0x00,
    0x00,0x00,0x00,0x00,0x00,0x00,0x00,0x00,0x00,0x00,0x00,0x00,
    0x00,0x00,0x00,0x00,0x00,0x00,0x00,0x00,0x00,0x00,0x00,0x00,
    0x00,0x00,0x00,0x00,0x00,0x00,0x00,0x00,0x00,0x00,0x00,0x00,
    0x00,0x00,0x00,0x00,0x00,0x00,0x00,0x00,0x00,0x00,0x00,0x00,
    0x00,0x00,0x00,0x00,0x00,0x00,0x00,0x00,0x16,0x00,0x00,0x00,
    0x01,0x00,0x00,0xc0,0x25,0x02,0x00,0x00,0x98,0xe6,0x97,0xd6,
    0xff,0xf9,0xbe,0x49,0xd9,0xf7,0x95,0xb9,0xb8,0xb2,0x17,0xfc,
    0xdc,0xcf,0x72,0x6b,0xb9,0xfa,0x79,0xb7,0xdc,0x6f,0xfd,0xb2,
    0x0f,0xf7,0xf7,0xff,0x5f,0xfa,0xf9,0xfc,0xff,0x7f,0x7f,0xfd,
    0xff,0xff,0xff,0xff,0xdb,0xff,0xff,0xff,0xff,0xfe,0xff,0xff,
    0xff,0xdf,0xff,0xff,0xff,0xff,0xbf,0xff,0xff,0xff,0xff,0xff,
    0xbe,0xdd,0x18,0xff,0x0a,0x00,0x00,0x00,0x01,0x0b,0x04,0x0a,
    0xf8,0x00,0x04,0x00,0x00,0x00,0x41,0x00,0x00,0x04,0x00,0x00,
    0x01,0x0b,0x04,0x0a,0xf8,0x00,0x04,0x00,0x00,0x00,0x01,0x00,
    0x04,0x02,0x00,0x00,0x02,0x22,0x08,0x06,0xfa,0x00,0x42,0x00,
    0x00,0x00,0x01,0x01,0x40,0x00,0x02,0x00,0x00,0x00,0x00,0x00,
    0x00,0x00,0x00,0x00,0x00,0x00,0x00,0x00,0x18,0x00,0x00,0x00,
    0x02,0x22,0x08,0x06,0xfa,0x00,0x42,0x00,0x00,0x00,0x01,0x01,
    0x40,0x00,0x02,0x00,0x00,0x00,0x00,0x00,0x00,0x00,0x00,0x00,
    0x00,0x00,0x00,0x00,0x20,0x00,0x00,0x00,0x01,0x0b,0x04,0x0a,
    0xf8,0x00,0x04,0x00,0x00,0x00,0x01,0x05,0x01,0x02,0x00,0x00,
    0x01,0x0b,0x0e,0x0a,0xfa,0x00,0x05,0x00,0x00,0x00,0x03,0x02,
    0x39,0x04,0x00,0x00,0x01,0x0b,0x06,0x0a,0xfa,0x00,0x04,0x00,
    0x00,0x00,0x41,0x01,0x2c,0x02,0x00,0x00,0x02,0x22,0x08,0x06,
    0xfa,0x00,0x52,0x00,0x00,0x00,0x83,0x01,0x40,0x00,0x02,0x00,
    0x00,0x00,0x00,0x00,0x00,0x00,0x00,0x00,0x00,0x00,0x00,0x00,
    0x00,0x00,0x00,0x00,0x42,0x0c,0x42,0x06,0x01,0x0b,0x0c,0x0a,
    0xf8,0x00,0x05,0x00,0x00,0x00,0x83,0x00,0xff,0x0f,0x00,0x00,
    0x42,0x0c,0x42,0x06,0x42,0x0c,0x42,0x06,0x42,0x0c,0x42,0x06,
    0x41,0x0c,0x54,0x04,0x02,0x22,0x08,0x06,0xfa,0x00,0x42,0x00,
    0x00,0x00,0x01,0x01,0x40,0x00,0x02,0x00,0x00,0x00,0x00,0x00,
    0x00,0x00,0x00,0x00,0x00,0x00,0x00,0x00,0x20,0x00,0x00,0x00,
    0x02,0x22,0x0e,0x06,0xf8,0x00,0x52,0x00,0x00,0x00,0x03,0x02,
    0x40,0x00,0x02,0x00,0x00,0x00,0x00,0x00,0x00,0x00,0x00,0x00,
    0x00,0x00,0x00,0x00,0x00,0x00,0x00,0x00,0x41,0x0c,0x40,0x04,
    0x01,0x0b,0x04,0x0a,0xf8,0x00,0x04,0x00,0x00,0x00,0x01,0x06,
    0x2c,0x02,0x00,0x00,0x41,0x0c,0x40,0x04,0x42,0x0c,0x42,0x06,
    0x02,0x0c,0x52,0x0e,0xf8,0x00,0x0a,0x00,0x00,0x00,0x83,0x02,
    0x01,0xf8,0x82,0x02,0x00,0x0b,0x00,0x00,0x00,0x00,0x00,0x00,
    0x12,0x00,0x00,0x00,0x00,0x00,0x00,0x00,0x41,0x00,0x00,0x0a,
    0x41,0x0c,0x40,0x04,0x42,0x0c,0x42,0x06,0x02,0x0c,0x52,0x0e,
    0xf8,0x00,0x0a,0x00,0x00,0x00,0x83,0x02,0x01,0xf8,0x82,0x02,
    0x00,0x0b,0x00,0x00,0x00,0x00,0x00,0x00,0x20,0x00,0x00,0x00,
    0x00,0x00,0x00,0x00,0x51,0x01,0x01,0x09,0x02,0x0a,0xf8,0x00,
    0x01,0x00,0x00,0x00,0x00,0x00,0x00,0x00,0x00,0x00,0x01,0x10,
    0x06,0x0a,0xf8,0x00,0x00,0x00,0x00,0x00,0x01,0x00,0x00,0xf8,
    0x00,0xf8,0x41,0x0c,0x50,0x04,0x01,0x0b,0x06,0x0a,0xfa,0x00,
    0x04,0x00,0x00,0x00,0x41,0x01,0x2c,0x02,0x00,0x00,0x01,0x10,
    0x06,0x0a,0xf8,0x00,0x00,0x01,0x00,0x00,0x01,0x00,0x00,0xf8,
    0x00,0xf8,0x42,0x0c,0x42,0x06,0x51,0x01,0x01,0x09,0x02,0x0a,
    0xf8,0x00,0x01,0x00,0x00,0x00,0x02,0x00,0x00,0x00,0x00,0x00,
    0x42,0x0c,0x42,0x06,0x01,0x0b,0x04,0x0a,0xf8,0x00,0x04,0x00,
    0x00,0x00,0x81,0x02,0x2c,0x02,0x00,0x00,0x01,0x10,0x06,0x0a,
    0xf8,0x00,0x00,0x01,0x00,0x00,0x01,0x00,0x00,0xf8,0x00,0xf8,
    0x41,0x00,0x00,0x0a,0x42,0x0c,0x42,0x06,0x42,0x0c,0x42,0x06,
    0x41,0x0c,0x50,0x04,0x41,0x0c,0x50,0x04,0x42,0x0c,0x42,0x06,
    0x41,0x0c,0x50,0x04,0x41,0x0c,0x50,0x04,0x41,0x0c,0x40,0x04,
    0x41,0x0c,0x40,0x04,0x41,0x0c,0x40,0x04,0x41,0x0c,0x40,0x04,
    0x42,0x0c,0x42,0x06,0x51,0x01,0x01,0x09,0x02,0x0a,0xf8,0x00,
    0x01,0x00,0x00,0x00,0x02,0x00,0x00,0x00,0x00,0x00,0x42,0x0c,
    0x42,0x06,0x42,0x0c,0x42,0x06,0x41,0x0c,0x50,0x04,0x41,0x0c,
    0x50,0x04,0x01,0x0b,0x06,0x0a,0xfa,0x00,0x04,0x00,0x00,0x00,
    0x41,0x01,0x2c,0x02,0x00,0x00,0x01,0x10,0x06,0x0a,0xf8,0x00,
    0x00,0x01,0x00,0x00,0x01,0x00,0x00,0xf8,0x00,0xf8,0x42,0x0c,
    0x42,0x06,0x51,0x01,0x01,0x09,0x02,0x0a,0xf8,0x00,0x01,0x00,
    0x00,0x00,0x02,0x00,0x00,0x00,0x00,0x00,0x01,0x0b,0x04,0x0a,
    0xf8,0x00,0x04,0x00,0x00,0x00,0xc1,0x02,0x2c,0x02,0x00,0x00,
    0x41,0x00,0x00,0x0a,0x41,0x0c,0x50,0x04,0x41,0x0c,0x40,0x04,
    0x42,0x0c,0x42,0x06,0x51,0x01,0x01,0x09,0x02,0x0a,0xf8,0x00,
    0x01,0x00,0x00,0x00,0x00,0x00,0x00,0x00,0x00,0x00,0x02,0x22,
    0x08,0x06,0xfa,0x00,0x42,0x00,0x00,0x00,0x81,0x01,0x40,0x00,
    0x02,0x00,0x00,0x00,0x00,0x00,0x00,0x00,0x00,0x00,0x00,0x00,
    0x00,0x00,0x1c,0x00,0x00,0x00,0x02,0x22,0x08,0x06,0xfa,0x00,
    0x52,0x00,0x00,0x00,0x83,0x02,0x40,0x00,0x02,0x00,0x00,0x00,
    0x00,0x00,0x00,0x00,0x00,0x00,0x00,0x00,0x00,0x00,0x08,0x00,
    0x00,0x00,0x02,0x22,0x0e,0x06,0xf8,0x00,0x42,0x00,0x00,0x00,
    0x81,0x05,0x40,0x00,0x02,0x00,0x00,0x00,0x00,0x00,0x00,0x00,
    0x00,0x00,0x00,0x00,0x00,0x00,0x1c,0x00,0x00,0x00,0x41,0x0c,
    0x40,0x04,0x02,0x22,0x0e,0x06,0xf8,0x00,0x52,0x00,0x00,0x00,
    0x03,0x02,0x40,0x00,0x02,0x00,0x00,0x00,0x00,0x00,0x00,0x00,
    0x00,0x00,0x00,0x00,0x00,0x00,0x08,0x00,0x00,0x00,0x51,0x01,
    0x01,0x09,0x02,0x0a,0xf8,0x00,0x01,0x00,0x00,0x00,0x04,0x00,
    0x00,0x00,0x00,0x00,0x42,0x0c,0x42,0x06,0x02,0x22,0x08,0x06,
    0xfa,0x00,0x52,0x00,0x00,0x00,0x03,0x01,0x40,0x00,0x02,0x00,
    0x00,0x00,0x00,0x00,0x00,0x00,0x00,0x00,0x00,0x00,0x00,0x00,
    0x08,0x00,0x00,0x00,0x42,0x0c,0x42,0x06,0x41,0x0c,0x50,0x04,
    0x51,0x01,0x01,0x09,0x02,0x0a,0xf8,0x00,0x01,0x00,0x00,0x00,
    0x04,0x00,0x00,0x00,0x00,0x00,0x42,0x0c,0x42,0x06,0x42,0x0c,
    0x42,0x06,0x51,0x01,0x01,0x09,0x02,0x0a,0xf8,0x00,0x01,0x00,
    0x00,0x00,0x04,0x00,0x00,0x00,0x00,0x00,0x42,0x0c,0x42,0x06,
    0x51,0x01,0x01,0x09,0x02,0x0a,0xf8,0x00,0x01,0x00,0x00,0x00,
    0x00,0x00,0x00,0x00,0x00,0x00,0x41,0x0c,0x40,0x04,0x42,0x0c,
    0x42,0x06,0x41,0x0c,0x50,0x04,0x42,0x0c,0x42,0x06,0x42,0x0c,
    0x42,0x06,0x02,0x22,0x0e,0x06,0x01,0x00,0x52,0x00,0x00,0x00,
    0x03,0x02,0x40,0x00,0x02,0x00,0x00,0x00,0x00,0x00,0x00,0x00,
    0x00,0x00,0x00,0x00,0x00,0x00,0x08,0x00,0x00,0x00,0x01,0x0b,
    0x06,0x0a,0xfa,0x00,0x04,0x00,0x00,0x00,0x41,0x01,0x2c,0x02,
    0x00,0x00,0x42,0x0c,0x42,0x06,0x51,0x01,0x01,0x09,0x02,0x0a,
    0xf8,0x00,0x01,0x00,0x00,0x00,0x02,0x00,0x00,0x00,0x00,0x00,
    0x01,0x47,0x5a,0x16,0xf8,0x00,0x04,0x00,0x00,0x00,0x00,0x00,
    0x01,0x00,0x00,0x00,0x01,0x0b,0x06,0x0a,0xfa,0x00,0x04,0x00,
    0x00,0x00,0x81,0x01,0x2c,0x02,0x00,0x00,0x42,0x0c,0x42,0x06,
    0x42,0x0c,0x42,0x06,0x42,0x0c,0x42,0x06,0x42,0x0c,0x42,0x06,
    0x42,0x0c,0x42,0x06,0x42,0x0c,0x42,0x06,0x42,0x0c,0x42,0x06,
    0x01,0x0b,0x0c,0x0a,0xf8,0x00,0x05,0x00,0x00,0x00,0x83,0x05,
    0xff,0x0f,0x00,0x00,0x41,0x0c,0x44,0x04,0x51,0x01,0x01,0x09,
    0x02,0x0a,0xf8,0x00,0x01,0x00,0x00,0x00,0x00,0x00,0x00,0x00,
    0x00,0x00,0x51,0x01,0x01,0x09,0x02,0x0a,0xf8,0x00,0x01,0x00,
    0x00,0x00,0x00,0x00,0x00,0x00,0x00,0x00,0x51,0x01,0x01,0x09,
    0x02,0x0a,0xf8,0x00,0x01,0x00,0x00,0x00,0x00,0x00,0x00,0x00,
    0x00,0x00,0x51,0x01,0x01,0x09,0x02,0x0a,0xf8,0x00,0x01,0x00,
    0x00,0x00,0x00,0x00,0x00,0x00,0x00,0x00,0x01,0x0b,0x04,0x0a,
    0xf8,0x00,0x04,0x00,0x00,0x00,0xc1,0x02,0x2c,0x02,0x00,0x00,
    0x41,0x00,0x00,0x0a,0x42,0x0c,0x42,0x06,0x02,0x5a,0x14,0x26,
    0xf8,0x00,0x00,0x01,0x00,0x00,0x00,0x00,0x07,0x02,0x06,0x02,
    0x00,0x82,0x05,0xc0,0xff,0x00,0xf8,0x00,0x06,0x40,0x06,0xc0,
    0xff,0x00,0x00,0x00,0xd0,0x00,0xd0,0x00,0x02,0x22,0x08,0x06,
    0xfa,0x00,0x42,0x00,0x00,0x00,0x01,0x01,0x40,0x00,0x02,0x00,
    0x00,0x00,0x00,0x00,0x00,0x00,0x00,0x00,0x00,0x00,0x00,0x00,
    0x20,0x00,0x00,0x00,0x42,0x0c,0x42,0x06,0x01,0x47,0x5a,0x16,
    0xf8,0x00,0x04,0x00,0x00,0x00,0x00,0x00,0x01,0x00,0x00,0x00,
    0x02,0x22,0x0e,0x06,0xf8,0x00,0x52,0x00,0x00,0x00,0x03,0x01,
    0x40,0x00,0x02,0x00,0x00,0x00,0x00,0x00,0x00,0x00,0x00,0x00,
    0x00,0x00,0x00,0x00,0x10,0x00,0x00,0x00,0x02,0x38,0x0e,0x32,
    0xf8,0x00,0x40,0x11,0x00,0x00,0x00,0x00,0x02,0x01,0x0a,0x00,
    0x00,0x02,0x02,0xc0,0x00,0x00,0x00,0x00,0x00,0x00,0x00,0x00,
    0x00,0x00,0x00,0x00,0x50,0x07,0x00,0x00,0x00,0x00,0x00,0x00,
    0x00,0x00,0x00,0x00,0x17,0x00,0x00,0x00,0x01,0x00,0x00,0xc0,
    0x4e,0x00,0x00,0x00,0x30,0x26,0x49,0x92,0x24,0x49,0x92,0xf9,
    0x87,0x14,0x00,0x00,0x01,0x0b,0x04,0x0a,0xf8,0x00,0x04,0x00,
    0x00,0x00,0x41,0x00,0x00,0x04,0x00,0x00,0x01,0x0b,0x04,0x0a,
    0xf8,0x00,0x04,0x00,0x00,0x00,0x41,0x01,0x04,0x02,0x00,0x00,
    0x02,0x22,0x08,0x06,0xfa,0x00,0x42,0x00,0x00,0x00,0x01,0x01,
    0x40,0x00,0x02,0x00,0x00,0x00,0x00,0x00,0x00,0x00,0x00,0x00,
    0x00,0x00,0x00,0x00,0x08,0x00,0x00,0x00,0x42,0x0c,0x42,0x06,
    0x02,0x38,0x20,0x06,0xf8,0x00,0x41,0x01,0x00,0x00,0x40,0x00,
    0x0a,0x00,0xc0,0xff,0x00,0x00,0x00,0x00,0x00,0x00,0x00,0x00,
    0x00,0x00,0x00,0x00,0x00,0x00,0x00,0x00,0x02,0x22,0x28,0x06,
    0xf8,0x00,0x41,0x01,0x00,0x00,0xc1,0x00,0x40,0x00,0x0a,0x00,
    0x00,0x00,0x00,0x00,0x00,0x00,0x00,0x00,0x00,0x00,0x00,0x00,
    0x00,0x00,0x00,0x00,0x01,0x0b,0x04,0x0a,0xf8,0x00,0x04,0x00,
    0x00,0x00,0xc1,0x01,0x01,0x02,0x00,0x00,0x02,0x38,0x20,0x06,
    0xf8,0x00,0x41,0x01,0x00,0x00,0x40,0x00,0x0a,0x00,0x80,0x00,
    0x00,0x00,0x00,0x00,0x00,0x00,0x00,0x00,0x00,0x00,0x00,0x00,
    0x00,0x00,0x00,0x00,0x02,0x22,0x28,0x06,0xf8,0x00,0x41,0x01,
    0x00,0x00,0xc1,0x00,0x40,0x00,0x0a,0x00,0x00,0x00,0x00,0x00,
    0x00,0x00,0x00,0x00,0x00,0x00,0x00,0x00,0x00,0x00,0x00,0x00,
    0x02,0x38,0x20,0x06,0xf8,0x00,0x41,0x01,0x00,0x00,0x40,0x00,
    0x0a,0x00,0x00,0x01,0x00,0x00,0x00,0x00,0x00,0x00,0x00,0x00,
    0x00,0x00,0x00,0x00,0x00,0x00,0x00,0x00,0x02,0x22,0x28,0x06,
    0xf8,0x00,0x41,0x01,0x00,0x00,0xc1,0x00,0x40,0x00,0x0a,0x00,
    0x00,0x00,0x00,0x00,0x00,0x00,0x00,0x00,0x00,0x00,0x00,0x00,
    0x00,0x00,0x00,0x00,0x02,0x38,0x20,0x06,0xf8,0x00,0x41,0x01,
    0x00,0x00,0x40,0x00,0x0a,0x00,0x80,0x01,0x00,0x00,0x00,0x00,
    0x00,0x00,0x00,0x00,0x00,0x00,0x00,0x00,0x00,0x00,0x00,0x00,
    0x02,0x22,0x28,0x06,0xf8,0x00,0x41,0x01,0x00,0x00,0xc1,0x00,
    0x40,0x00,0x0a,0x00,0x00,0x00,0x00,0x00,0x00,0x00,0x00,0x00,
    0x00,0x00,0x00,0x00,0x00,0x00,0x00,0x00,0x02,0x38,0x20,0x06,
    0xf8,0x00,0x41,0x01,0x00,0x00,0x40,0x00,0x0a,0x00,0x00,0x02,
    0x00,0x00,0x00,0x00,0x00,0x00,0x00,0x00,0x00,0x00,0x00,0x00,
    0x00,0x00,0x00,0x00,0x02,0x22,0x28,0x06,0xf8,0x00,0x41,0x01,
    0x00,0x00,0xc1,0x00,0x40,0x00,0x0a,0x00,0x00,0x00,0x00,0x00,
    0x00,0x00,0x00,0x00,0x00,0x00,0x00,0x00,0x00,0x00,0x00,0x00,
    0x02,0x38,0x20,0x06,0xf8,0x00,0x41,0x01,0x00,0x00,0x40,0x00,
    0x0a,0x00,0x80,0x00,0x00,0x00,0x00,0x00,0x00,0x00,0x00,0x00,
    0x00,0x00,0x00,0x00,0x00,0x00,0x00,0x00,0x02,0x22,0x28,0x06,
    0xf8,0x00,0x41,0x01,0x00,0x00,0xc1,0x00,0x40,0x00,0x0a,0x00,
    0x00,0x00,0x00,0x00,0x00,0x00,0x00,0x00,0x00,0x00,0x00,0x00,
    0x00,0x00,0x00,0x00,0x02,0x38,0x20,0x06,0xf8,0x00,0x41,0x01,
    0x00,0x00,0x40,0x00,0x0a,0x00,0x00,0x01,0x00,0x00,0x00,0x00,
    0x00,0x00,0x00,0x00,0x00,0x00,0x00,0x00,0x00,0x00,0x00,0x00,
    0x02,0x22,0x28,0x06,0xf8,0x00,0x41,0x01,0x00,0x00,0xc1,0x00,
    0x40,0x00,0x0a,0x00,0x00,0x00,0x00,0x00,0x00,0x00,0x00,0x00,
    0x00,0x00,0x00,0x00,0x00,0x00,0x00,0x00,0x02,0x38,0x20,0x06,
    0xf8,0x00,0x41,0x01,0x00,0x00,0x40,0x00,0x0a,0x00,0x80,0x01,
    0x00,0x00,0x00,0x00,0x00,0x00,0x00,0x00,0x00,0x00,0x00,0x00,
    0x00,0x00,0x00,0x00,0x02,0x22,0x28,0x06,0xf8,0x00,0x41,0x01,
    0x00,0x00,0xc1,0x00,0x40,0x00,0x0a,0x00,0x00,0x00,0x00,0x00,
    0x00,0x00,0x00,0x00,0x00,0x00,0x00,0x00,0x00,0x00,0x00,0x00,
    0x02,0x38,0x20,0x06,0xf8,0x00,0x41,0x01,0x00,0x00,0x40,0x00,
    0x0a,0x00,0x00,0x02,0x00,0x00,0x00,0x00,0x00,0x00,0x00,0x00,
    0x00,0x00,0x00,0x00,0x00,0x00,0x00,0x00,0x02,0x22,0x28,0x06,
    0xf8,0x00,0x41,0x01,0x00,0x00,0xc1,0x00,0x40,0x00,0x0a,0x00,
    0x00,0x00,0x00,0x00,0x00,0x00,0x00,0x00,0x00,0x00,0x00,0x00,
    0x00,0x00,0x00,0x00,0x02,0x38,0x20,0x06,0xf8,0x00,0x41,0x01,
    0x00,0x00,0x40,0x00,0x0a,0x00,0x80,0x00,0x00,0x00,0x00,0x00,
    0x00,0x00,0x00,0x00,0x00,0x00,0x00,0x00,0x00,0x00,0x00,0x00,
    0x02,0x22,0x28,0x06,0xf8,0x00,0x41,0x01,0x00,0x00,0xc1,0x00,
    0x40,0x00,0x0a,0x00,0x00,0x00,0x00,0x00,0x00,0x00,0x00,0x00,
    0x00,0x00,0x00,0x00,0x00,0x00,0x00,0x00,0x02,0x38,0x20,0x06,
    0xf8,0x00,0x41,0x01,0x00,0x00,0x40,0x00,0x0a,0x00,0x00,0x01,
    0x00,0x00,0x00,0x00,0x00,0x00,0x00,0x00,0x00,0x00,0x00,0x00,
    0x00,0x00,0x00,0x00,0x02,0x22,0x28,0x06,0xf8,0x00,0x41,0x01,
    0x00,0x00,0xc1,0x00,0x40,0x00,0x0a,0x00,0x00,0x00,0x00,0x00,
    0x00,0x00,0x00,0x00,0x00,0x00,0x00,0x00,0x00,0x00,0x00,0x00,
    0x02,0x38,0x20,0x06,0xf8,0x00,0x41,0x01,0x00,0x00,0x40,0x00,
    0x0a,0x00,0x80,0x01,0x00,0x00,0x00,0x00,0x00,0x00,0x00,0x00,
    0x00,0x00,0x00,0x00,0x00,0x00,0x00,0x00,0x02,0x22,0x28,0x06,
    0xf8,0x00,0x41,0x01,0x00,0x00,0xc1,0x00,0x40,0x00,0x0a,0x00,
    0x00,0x00,0x00,0x00,0x00,0x00,0x00,0x00,0x00,0x00,0x00,0x00,
    0x00,0x00,0x00,0x00,0x02,0x38,0x20,0x06,0xf8,0x00,0x41,0x01,
    0x00,0x00,0x40,0x00,0x0a,0x00,0x00,0x02,0x00,0x00,0x00,0x00,
    0x00,0x00,0x00,0x00,0x00,0x00,0x00,0x00,0x00,0x00,0x00,0x00,
    0x02,0x22,0x28,0x06,0xf8,0x00,0x41,0x01,0x00,0x00,0xc1,0x00,
    0x40,0x00,0x0a,0x00,0x00,0x00,0x00,0x00,0x00,0x00,0x00,0x00,
    0x00,0x00,0x00,0x00,0x00,0x00,0x00,0x00,0x02,0x38,0x20,0x06,
    0xf8,0x00,0x41,0x01,0x00,0x00,0x40,0x00,0x0a,0x00,0x80,0x00,
    0x00,0x00,0x00,0x00,0x00,0x00,0x00,0x00,0x00,0x00,0x00,0x00,
    0x00,0x00,0x00,0x00,0x02,0x22,0x28,0x06,0xf8,0x00,0x41,0x01,
    0x00,0x00,0xc1,0x00,0x40,0x00,0x0a,0x00,0x00,0x00,0x00,0x00,
    0x00,0x00,0x00,0x00,0x00,0x00,0x00,0x00,0x00,0x00,0x00,0x00,
    0x02,0x38,0x20,0x06,0xf8,0x00,0x41,0x01,0x00,0x00,0x40,0x00,
    0x0a,0x00,0x00,0x01,0x00,0x00,0x00,0x00,0x00,0x00,0x00,0x00,
    0x00,0x00,0x00,0x00,0x00,0x00,0x00,0x00,0x02,0x22,0x28,0x06,
    0xf8,0x00,0x41,0x01,0x00,0x00,0xc1,0x00,0x40,0x00,0x0a,0x00,
    0x00,0x00,0x00,0x00,0x00,0x00,0x00,0x00,0x00,0x00,0x00,0x00,
    0x00,0x00,0x00,0x00,0x02,0x38,0x20,0x06,0xf8,0x00,0x41,0x01,
    0x00,0x00,0x40,0x00,0x0a,0x00,0x80,0x01,0x00,0x00,0x00,0x00,
    0x00,0x00,0x00,0x00,0x00,0x00,0x00,0x00,0x00,0x00,0x00,0x00,
    0x02,0x22,0x28,0x06,0xf8,0x00,0x41,0x01,0x00,0x00,0xc1,0x00,
    0x40,0x00,0x0a,0x00,0x00,0x00,0x00,0x00,0x00,0x00,0x00,0x00,
    0x00,0x00,0x00,0x00,0x00,0x00,0x00,0x00,0x02,0x38,0x20,0x06,
    0xf8,0x00,0x41,0x01,0x00,0x00,0x40,0x00,0x0a,0x00,0x00,0x00,
    0x00,0x00,0x00,0x00,0x00,0x00,0x00,0x00,0x00,0x00,0x00,0x00,
    0x00,0x00,0x00,0x00,0x02,0x22,0x28,0x06,0xf8,0x00,0x41,0x01,
    0x00,0x00,0x01,0x02,0x40,0x00,0x0a,0x00,0x00,0x00,0x00,0x00,
    0x00,0x00,0x00,0x00,0x00,0x00,0x00,0x00,0x00,0x00,0x00,0x00,
    0x01,0x0b,0x0c,0x0a,0xf8,0x00,0x05,0x00,0x00,0x00,0x83,0x02,
    0xff,0x0f,0x00,0x00,0x02,0x5a,0x14,0x26,0xf8,0x00,0x00,0x01,
    0x00,0x00,0x00,0x00,0x07,0x02,0x06,0x03,0x00,0x82,0x00,0x06,
    0x02,0x00,0xf8,0x00,0x04,0x00,0x04,0xc0,0xff,0x00,0x00,0x00,
    0xd0,0x00,0xd0,0x00,0x02,0x22,0x0e,0x06,0xf8,0x00,0x52,0x00,
    0x00,0x00,0x83,0x00,0x40,0x00,0x02,0x00,0x00,0x00,0x00,0x00,
    0x00,0x00,0x00,0x00,0x00,0x00,0x00,0x00,0x00,0x00,0x00,0x00,
    0x01,0x0b,0x0e,0x0a,0xfa,0x00,0x05,0x00,0x00,0x00,0x03,0x01,
    0x39,0x04,0x00,0x00,0x02,0x38,0x0e,0x32,0xf8,0x00,0x40,0x11,
    0x00,0x00,0x00,0x00,0x82,0x00,0x0a,0x00,0x00,0x02,0x01,0x00,
    0x02,0x00,0x00,0x00,0x00,0x00,0x00,0x00,0x00,0x00,0x00,0x00,
    0xd0,0x05,0x00,0x00,0x00,0x00,0x00,0x00,0x00,0x00,0x00,0x00,
    0x00,0x00,0x00,0x00,0x18,0x00,0x00,0x00,0x01,0x00,0x00,0xc0,
    0x32,0x03,0x00,0x00,0x98,0xf6,0x01,0xf7,0xff,0x67,0x5e,0x7b,
    0xf7,0x9f,0xaf,0xbf,0xb7,0xcb,0xff,0xed,0xb7,0xff,0xee,0xbf,
    0xbb,0xef,0x7b,0x7b,0xf7,0x7b,0xef,0xde,0x7e,0xdf,0xee,0xfd,
    0xfe,0x7a,0xfd,0x5d,0xfe,0x7f,0xf3,0xbe,0xfe,0xfb,0xe7,0x7f,
    0x7b,0xbf,0x7b,0xfe,0xbe,0xef,0x73,0xfe,0xdf,0xf5,0xdf,0xdb,
    0xed,0xd7,0xf7,0xdf,0xaf,0xf3,0xf3,0xdb,0xff,0xcf,0xbf,0xbb,
    0xdf,0xed,0xbd,0xf7,0xb7,0x3f,0xdf,0xfe,0xed,0xf5,0xef,0xbe,
    0xf5,0xef,0xbd,0x5f,0xcf,0xe7,0xff,0xf5,0xaf,0xdf,0xcf,0xbf,
    0x77,0xdf,0xdf,0xed,0x5d,0xff,0xff,0xff,0xff,0x6f,0x01,0x00,
    0x01,0x0b,0x04,0x0a,0xf8,0x00,0x04,0x00,0x00,0x00,0x41,0x00,
    0x00,0x04,0x00,0x00,0x01,0x0b,0x04,0x0a,0xf8,0x00,0x04,0x00,
    0x00,0x00,0x01,0x00,0x04,0x02,0x00,0x00,0x02,0x22,0x08,0x06,
    0xfa,0x00,0x42,0x00,0x00,0x00,0x01,0x01,0x40,0x00,0x02,0x00,
    0x00,0x00,0x00,0x00,0x00,0x00,0x00,0x00,0x00,0x00,0x00,0x00,
    0x18,0x00,0x00,0x00,0x02,0x22,0x08,0x06,0xfa,0x00,0x42,0x00,
    0x00,0x00,0x01,0x01,0x40,0x00,0x02,0x00,0x00,0x00,0x00,0x00,
    0x00,0x00,0x00,0x00,0x00,0x00,0x00,0x00,0x20,0x00,0x00,0x00,
    0x01,0x0b,0x04,0x0a,0xf8,0x00,0x04,0x00,0x00,0x00,0x81,0x00,
    0x01,0x02,0x00,0x00,0x01,0x0b,0x0e,0x0a,0xfa,0x00,0x05,0x00,
    0x00,0x00,0x83,0x01,0x39,0x04,0x00,0x00,0x02,0x22,0x0e,0x06,
    0xf8,0x00,0x42,0x00,0x00,0x00,0x41,0x01,0x40,0x00,0x02,0x00,
    0x00,0x00,0x00,0x00,0x00,0x00,0x00,0x00,0x00,0x00,0x00,0x00,
    0x20,0x00,0x00,0x00,0x02,0x22,0x08,0x06,0xfa,0x00,0x42,0x00,
    0x00,0x00,0x01,0x02,0x40,0x00,0x02,0x00,0x00,0x00,0x00,0x00,
    0x00,0x00,0x00,0x00,0x00,0x00,0x00,0x00,0x1c,0x00,0x00,0x00,
    0x42,0x0c,0x42,0x06,0x02,0x22,0x0e,0x06,0xf8,0x00,0x52,0x00,
    0x00,0x00,0x03,0x05,0x40,0x00,0x02,0x00,0x00,0x00,0x00,0x00,
    0x00,0x00,0x00,0x00,0x00,0x00,0x00,0x00,0x00,0x00,0x00,0x00,
    0x42,0x0c,0x42,0x06,0x42,0x0c,0x42,0x06,0x42,0x0c,0x42,0x06,
    0x42,0x0c,0x42,0x06,0x02,0x22,0x0e,0x06,0xf8,0x00,0x52,0x00,
    0x00,0x00,0x83,0x05,0x40,0x00,0x02,0x00,0x00,0x00,0x00,0x00,
    0x00,0x00,0x00,0x00,0x00,0x00,0x00,0x00,0x08,0x00,0x00,0x00,
    0x41,0x0c,0x40,0x04,0x42,0x0c,0x42,0x06,0x41,0x0c,0x50,0x04,
    0x42,0x0c,0x42,0x06,0x41,0x0c,0x50,0x04,0x42,0x0c,0x42,0x06,
    0x42,0x0c,0x42,0x06,0x42,0x0c,0x42,0x06,0x42,0x0c,0x42,0x06,
    0x41,0x0c,0x50,0x04,0x42,0x0c,0x42,0x06,0x41,0x0c,0x50,0x04,
    0x42,0x0c,0x42,0x06,0x42,0x0c,0x42,0x06,0x41,0x0c,0x50,0x04,
    0x42,0x0c,0x42,0x06,0x41,0x0c,0x50,0x04,0x42,0x0c,0x42,0x06,
    0x42,0x0c,0x42,0x06,0x42,0x0c,0x42,0x06,0x42,0x0c,0x42,0x06,
    0x41,0x0c,0x50,0x04,0x41,0x0c,0x50,0x04,0x42,0x0c,0x42,0x06,
    0x42,0x0c,0x42,0x06,0x42,0x0c,0x42,0x06,0x42,0x0c,0x42,0x06,
    0x42,0x0c,0x42,0x06,0x42,0x0c,0x42,0x06,0x42,0x0c,0x42,0x06,
    0x42,0x0c,0x42,0x06,0x42,0x0c,0x42,0x06,0x42,0x0c,0x42,0x06,
    0x42,0x0c,0x42,0x06,0x42,0x0c,0x42,0x06,0x42,0x0c,0x42,0x06,
    0x42,0x0c,0x42,0x06,0x42,0x0c,0x42,0x06,0x42,0x0c,0x42,0x06,
    0x42,0x0c,0x42,0x06,0x42,0x0c,0x42,0x06,0x41,0x0c,0x50,0x04,
    0x42,0x0c,0x42,0x06,0x42,0x0c,0x42,0x06,0x42,0x0c,0x42,0x06,
    0x42,0x0c,0x42,0x06,0x41,0x0c,0x50,0x04,0x42,0x0c,0x42,0x06,
    0x41,0x0c,0x50,0x04,0x42,0x0c,0x42,0x06,0x42,0x0c,0x42,0x06,
    0x41,0x0c,0x50,0x04,0x42,0x0c,0x42,0x06,0x42,0x0c,0x42,0x06,
    0x41,0x0c,0x50,0x04,0x42,0x0c,0x42,0x06,0x42,0x0c,0x42,0x06,
    0x42,0x0c,0x42,0x06,0x41,0x0c,0x50,0x04,0x41,0x0c,0x50,0x04,
    0x42,0x0c,0x42,0x06,0x42,0x0c,0x42,0x06,0x42,0x0c,0x42,0x06,
    0x42,0x0c,0x42,0x06,0x42,0x0c,0x42,0x06,0x42,0x0c,0x42,0x06,
    0x42,0x0c,0x42,0x06,0x42,0x0c,0x42,0x06,0x42,0x0c,0x42,0x06,
    0x42,0x0c,0x42,0x06,0x42,0x0c,0x42,0x06,0x42,0x0c,0x42,0x06,
    0x42,0x0c,0x42,0x06,0x42,0x0c,0x42,0x06,0x42,0x0c,0x42,0x06,
    0x42,0x0c,0x42,0x06,0x42,0x0c,0x42,0x06,0x42,0x0c,0x42,0x06,
    0x41,0x0c,0x50,0x04,0x42,0x0c,0x42,0x06,0x42,0x0c,0x42,0x06,
    0x42,0x0c,0x42,0x06,0x42,0x0c,0x42,0x06,0x42,0x0c,0x42,0x06,
    0x41,0x0c,0x50,0x04,0x41,0x0c,0x50,0x04,0x42,0x0c,0x42,0x06,
    0x42,0x0c,0x42,0x06,0x42,0x0c,0x42,0x06,0x42,0x0c,0x42,0x06,
    0x42,0x0c,0x42,0x06,0x41,0x0c,0x50,0x04,0x42,0x0c,0x42,0x06,
    0x41,0x0c,0x50,0x04,0x42,0x0c,0x42,0x06,0x41,0x0c,0x50,0x04,
    0x41,0x0c,0x50,0x04,0x42,0x0c,0x42,0x06,0x42,0x0c,0x42,0x06,
    0x42,0x0c,0x42,0x06,0x42,0x0c,0x42,0x06,0x42,0x0c,0x42,0x06,
    0x42,0x0c,0x42,0x06,0x42,0x0c,0x42,0x06,0x42,0x0c,0x42,0x06,
    0x42,0x0c,0x42,0x06,0x42,0x0c,0x42,0x06,0x42,0x0c,0x42,0x06,
    0x42,0x0c,0x42,0x06,0x42,0x0c,0x42,0x06,0x42,0x0c,0x42,0x06,
    0x42,0x0c,0x42,0x06,0x42,0x0c,0x42,0x06,0x42,0x0c,0x42,0x06,
    0x42,0x0c,0x42,0x06,0x42,0x0c,0x42,0x06,0x41,0x0c,0x50,0x04,
    0x42,0x0c,0x42,0x06,0x42,0x0c,0x42,0x06,0x42,0x0c,0x42,0x06,
    0x41,0x0c,0x50,0x04,0x41,0x0c,0x50,0x04,0x42,0x0c,0x42,0x06,
    0x42,0x0c,0x42,0x06,0x42,0x0c,0x42,0x06,0x42,0x0c,0x42,0x06,
    0x41,0x0c,0x50,0x04,0x42,0x0c,0x42,0x06,0x41,0x0c,0x50,0x04,
    0x42,0x0c,0x42,0x06,0x42,0x0c,0x42,0x06,0x42,0x0c,0x42,0x06,
    0x41,0x0c,0x50,0x04,0x41,0x0c,0x50,0x04,0x42,0x0c,0x42,0x06,
    0x42,0x0c,0x42,0x06,0x42,0x0c,0x42,0x06,0x42,0x0c,0x42,0x06,
    0x42,0x0c,0x42,0x06,0x42,0x0c,0x42,0x06,0x42,0x0c,0x42,0x06,
    0x42,0x0c,0x42,0x06,0x42,0x0c,0x42,0x06,0x42,0x0c,0x42,0x06,
    0x42,0x0c,0x42,0x06,0x42,0x0c,0x42,0x06,0x42,0x0c,0x42,0x06,
    0x42,0x0c,0x42,0x06,0x42,0x0c,0x42,0x06,0x02,0x22,0x0e,0x06,
    0xf8,0x00,0x52,0x00,0x00,0x00,0x83,0x00,0x40,0x00,0x02,0x00,
    0x00,0x00,0x00,0x00,0x00,0x00,0x00,0x00,0x00,0x00,0x00,0x00,
    0x10,0x00,0x00,0x00,0x02,0x38,0x0e,0x32,0xf8,0x00,0x40,0x11,
    0x00,0x00,0x00,0x00,0x82,0x00,0x0a,0x00,0x00,0x82,0x01,0xc0,
    0x01,0x00,0x00,0x00,0x00,0x00,0x00,0x00,0x00,0x00,0x00,0x00,
    0xd0,0x07,0x00,0x00,0x19,0x00,0x00,0x00,0x01,0x00,0x00,0xc0,
    0x17,0x00,0x00,0x00,0xf0,0x3f,0x22,0x00,0x01,0x0b,0x04,0x0a,
    0xf8,0x00,0x04,0x00,0x00,0x00,0x41,0x00,0x00,0x04,0x00,0x00,
    0x01,0x0b,0x04,0x0a,0xf8,0x00,0x04,0x00,0x00,0x00,0x41,0x02,
    0x04,0x02,0x00,0x00,0x02,0x22,0x08,0x06,0xfa,0x00,0x42,0x00,
    0x00,0x00,0x01,0x01,0x40,0x00,0x02,0x00,0x00,0x00,0x00,0x00,
    0x00,0x00,0x00,0x00,0x00,0x00,0x00,0x00,0x18,0x00,0x00,0x00,
    0x01,0x0b,0x04,0x0a,0xf8,0x00,0x04,0x00,0x00,0x00,0x01,0x00,
    0x01,0x02,0x00,0x00,0x02,0x22,0x0e,0x06,0xf8,0x00,0x52,0x00,
    0x00,0x00,0x83,0x00,0x40,0x00,0x02,0x00,0x00,0x00,0x00,0x00,
    0x00,0x00,0x00,0x00,0x00,0x00,0x00,0x00,0x10,0x00,0x00,0x00,
    0x01,0x0b,0x0e,0x0a,0xfa,0x00,0x05,0x00,0x00,0x00,0x03,0x01,
    0x39,0x04,0x00,0x00,0x02,0x5a,0x14,0x26,0xf8,0x00,0x00,0x01,
    0x00,0x00,0x00,0x00,0x07,0x01,0x06,0x01,0x00,0x82,0x02,0xc0,
    0xff,0x00,0xf8,0x00,0x00,0x00,0x00,0xc0,0xff,0x00,0x00,0x00,
    0xd0,0x00,0xd0,0x00,0x02,0x38,0x0e,0x32,0xf8,0x00,0x40,0x11,
    0x00,0x00,0x00,0x00,0x82,0x00,0x0a,0x00,0x00,0x02,0x01,0x00,
    0x01,0x00,0x00,0x00,0x00,0x00,0x00,0x00,0x00,0x00,0x00,0x00,
    0x50,0x05,0x00,0x00,0x00,0x00,0x00,0x00,0x00,0x00,0x00,0x00,
    0x1a,0x00,0x00,0x00,0x01,0x00,0x00,0xc0,0x2c,0x00,0x00,0x00,
    0x18,0xf4,0xef,0xfb,0xdf,0x05,0x00,0x00,0x01,0x0b,0x04,0x0a,
    0xf8,0x00,0x04,0x00,0x00,0x00,0x41,0x00,0x00,0x04,0x00,0x00,
    0x01,0x0b,0x04,0x0a,0xf8,0x00,0x04,0x00,0x00,0x00,0xc1,0x02,
    0x04,0x02,0x00,0x00,0x02,0x22,0x08,0x06,0xfa,0x00,0x42,0x00,
    0x00,0x00,0x01,0x01,0x40,0x00,0x02,0x00,0x00,0x00,0x00,0x00,
    0x00,0x00,0x00,0x00,0x00,0x00,0x00,0x00,0x18,0x00,0x00,0x00,
    0x02,0x22,0x0e,0x06,0xf8,0x00,0x42,0x00,0x00,0x00,0x01,0x00,
    0x40,0x00,0x02,0x00,0x00,0x00,0x00,0x00,0x00,0x00,0x00,0x00,
    0x00,0x00,0x00,0x00,0x1c,0x00,0x00,0x00,0x01,0x0b,0x0e,0x0a,
    0xfa,0x00,0x05,0x00,0x00,0x00,0x03,0x01,0x39,0x04,0x00,0x00,
    0x01,0x0b,0x04,0x0a,0xf8,0x00,0x04,0x00,0x00,0x00,0x41,0x02,
    0x01,0x02,0x00,0x00,0x02,0x22,0x08,0x06,0xfa,0x00,0x42,0x00,
    0x00,0x00,0xc1,0x01,0x40,0x00,0x02,0x00,0x00,0x00,0x00,0x00,
    0x00,0x00,0x00,0x00,0x00,0x00,0x00,0x00,0x20,0x00,0x00,0x00,
    0x02,0x22,0x0e,0x06,0xf8,0x00,0x52,0x00,0x00,0x00,0x83,0x01,
    0x40,0x00,0x02,0x00,0x00,0x00,0x00,0x00,0x00,0x00,0x00,0x00,
    0x00,0x00,0x00,0x00,0x00,0x00,0x00,0x00,0x02,0x22,0x0e,0x06,
    0x00,0x00,0x52,0x00,0x00,0x00,0x83,0x00,0x40,0x00,0x02,0x00,
    0x00,0x00,0x00,0x00,0x00,0x00,0x00,0x00,0x00,0x00,0x00,0x00,
    0x08,0x00,0x00,0x00,0x41,0x0c,0x40,0x04,0x02,0x22,0x0e,0x06,
    0xf8,0x00,0x52,0x00,0x00,0x00,0x03,0x01,0x40,0x00,0x02,0x00,
    0x00,0x00,0x00,0x00,0x00,0x00,0x00,0x00,0x00,0x00,0x00,0x00,
    0x10,0x00,0x00,0x00,0x02,0x38,0x0e,0x32,0xf8,0x00,0x40,0x11,
    0x00,0x00,0x00,0x00,0x02,0x01,0x0a,0x00,0x00,0x02,0x01,0xc0,
    0x01,0x00,0x00,0x00,0x00,0x00,0x00,0x00,0x00,0x00,0x00,0x00,
    0x41,0x47,0x76,0x0a,0xd0,0x06,0x00,0x00,0x1b,0x00,0x00,0x00,
    0x01,0x00,0x00,0xc0,0xb9,0x04,0x00,0x00,0x70,0xda,0xf9,0xbf,
    0xdc,0xff,0x7d,0xdc,0xfe,0xff,0x69,0xd7,0xff,0xb9,0xfe,0xff,
    0x67,0x56,0xeb,0xff,0xe7,0xfa,0xff,0x9f,0x59,0xd7,0xff,0xcf,
    0xf5,0xff,0x3b,0xd3,0x9f,0xde,0x5d,0xdf,0xbf,0xde,0xf3,0xff,
    0xaf,0x4e,0xfb,0xff,0xff,0xbf,0xff,0xff,0xff,0xff,0x7f,0xff,
    0xff,0xff,0xff,0xff,0xff,0xff,0xff,0xff,0xff,0xff,0xff,0xff,
    0xff,0xff,0xff,0xff,0xff,0xff,0xff,0x7f,0xff,0xff,0xff,0xff,
    0xfe,0xff,0xff,0xff,0x7f,0xff,0xff,0xff,0xff,0xff,0xfe,0xff,
    0xff,0xff,0xff,0xfd,0xff,0xff,0xff,0xff,0xfb,0xff,0xff,0xff,
    0xff,0xf7,0xff,0xff,0xff,0xff,0xef,0xff,0xff,0xff,0xff,0xdf,
    0xff,0xff,0xff,0xff,0xbf,0xff,0xff,0xff,0xff,0x7f,0xff,0xff,
    0xff,0xff,0xff,0xfe,0xff,0xff,0xff,0xff,0xfd,0xff,0xff,0xff,
    0xff,0xfb,0xff,0xff,0xff,0xff,0xf7,0xff,0xff,0xff,0xff,0xcf,
    0xfb,0xf8,0xaf,0x00,0x01,0x0b,0x04,0x0a,0xf8,0x00,0x04,0x00,
    0x00,0x00,0x41,0x00,0x00,0x04,0x00,0x00,0x01,0x0b,0x04,0x0a,
    0xf8,0x00,0x04,0x00,0x00,0x00,0xc1,0x02,0x04,0x02,0x00,0x00,
    0x02,0x22,0x08,0x06,0xfa,0x00,0x42,0x00,0x00,0x00,0x01,0x01,
    0x40,0x00,0x02,0x00,0x00,0x00,0x00,0x00,0x00,0x00,0x00,0x00,
    0x00,0x00,0x00,0x00,0x18,0x00,0x00,0x00,0x42,0x0c,0x42,0x06,
    0x02,0x22,0x08,0x06,0xfa,0x00,0x42,0x00,0x00,0x00,0x01,0x01,
    0x40,0x00,0x02,0x00,0x00,0x00,0x00,0x00,0x00,0x00,0x00,0x00,
    0x00,0x00,0x00,0x00,0x20,0x00,0x00,0x00,0x01,0x0b,0x04,0x0a,
    0xf8,0x00,0x04,0x00,0x00,0x00,0x41,0x04,0x01,0x02,0x00,0x00,
    0x01,0x0b,0x0e,0x0a,0xfa,0x00,0x05,0x00,0x00,0x00,0x03,0x03,
    0x39,0x04,0x00,0x00,0x01,0x0b,0x06,0x0a,0xfa,0x00,0x04,0x00,
    0x00,0x00,0x81,0x02,0x44,0x04,0x00,0x00,0x42,0x0c,0x42,0x06,
    0x42,0x0c,0x42,0x06,0x02,0x22,0x0e,0x06,0xf8,0x00,0x42,0x00,
    0x00,0x00,0x01,0x00,0x40,0x00,0x02,0x00,0x00,0x00,0x00,0x00,
    0x00,0x00,0x00,0x00,0x00,0x00,0x00,0x00,0x20,0x00,0x00,0x00,
    0x02,0x22,0x08,0x06,0xfa,0x00,0x42,0x00,0x00,0x00,0xc1,0x02,
    0x40,0x00,0x02,0x00,0x00,0x00,0x00,0x00,0x00,0x00,0x00,0x00,
    0x00,0x00,0x00,0x00,0x1c,0x00,0x00,0x00,0x02,0x22,0x0e,0x06,
    0xf8,0x00,0x52,0x00,0x00,0x00,0x03,0x03,0x40,0x00,0x02,0x00,
    0x00,0x00,0x00,0x00,0x00,0x00,0x00,0x00,0x00,0x00,0x00,0x00,
    0x00,0x00,0x00,0x00,0x41,0x0c,0x40,0x04,0x02,0x38,0x20,0x06,
    0xf8,0x00,0x61,0x01,0x00,0x00,0x40,0x00,0x0a,0x00,0x06,0x01,
    0x00,0x00,0x00,0x00,0x00,0x00,0x00,0x00,0x00,0x00,0x00,0x00,
    0x00,0x00,0x00,0x00,0x41,0x0c,0x54,0x04,0x41,0x0c,0x44,0x04,
    0x41,0x0c,0x50,0x04,0x02,0x38,0x20,0x06,0xf8,0x00,0x41,0x01,
    0x00,0x00,0x40,0x00,0x0a,0x00,0xc0,0xff,0x00,0x00,0x00,0x00,
    0x00,0x00,0x00,0x00,0x00,0x00,0x00,0x00,0x1c,0x00,0x00,0x00,
    0x42,0x0c,0x42,0x06,0x02,0x22,0x28,0x06,0xf8,0x00,0x41,0x01,
    0x00,0x00,0xc1,0x01,0x40,0x00,0x0a,0x00,0x00,0x00,0x00,0x00,
    0x00,0x00,0x00,0x00,0x00,0x00,0x00,0x00,0x1c,0x00,0x00,0x00,
    0x42,0x0c,0x42,0x06,0x41,0x0c,0x44,0x04,0x02,0x38,0x20,0x06,
    0xf8,0x00,0x41,0x01,0x00,0x00,0x40,0x00,0x0a,0x00,0x80,0x01,
    0x00,0x00,0x00,0x00,0x00,0x00,0x00,0x00,0x00,0x00,0x00,0x00,
    0x1c,0x00,0x00,0x00,0x41,0x0c,0x54,0x04,0x41,0x0c,0x50,0x04,
    0x02,0x22,0x28,0x06,0xf8,0x00,0x41,0x01,0x00,0x00,0x81,0x06,
    0x40,0x00,0x0a,0x00,0x00,0x00,0x00,0x00,0x00,0x00,0x00,0x00,
    0x00,0x00,0x00,0x00,0x1c,0x00,0x00,0x00,0x42,0x0c,0x42,0x06,
    0x02,0x38,0x20,0x06,0xf8,0x00,0x41,0x01,0x00,0x00,0x40,0x00,
    0x0a,0x00,0x00,0x01,0x00,0x00,0x00,0x00,0x00,0x00,0x00,0x00,
    0x00,0x00,0x00,0x00,0x1c,0x00,0x00,0x00,0x42,0x0c,0x42,0x06,
    0x02,0x22,0x28,0x06,0xf8,0x00,0x41,0x01,0x00,0x00,0xc1,0x04,
    0x40,0x00,0x0a,0x00,0x00,0x00,0x00,0x00,0x00,0x00,0x00,0x00,
    0x00,0x00,0x00,0x00,0x1c,0x00,0x00,0x00,0x41,0x0c,0x44,0x04,
    0x41,0x0c,0x54,0x04,0x41,0x0c,0x50,0x04,0x02,0x38,0x20,0x06,
    0xf8,0x00,0x41,0x01,0x00,0x00,0x40,0x00,0x0a,0x00,0x00,0x01,
    0x00,0x00,0x00,0x00,0x00,0x00,0x00,0x00,0x00,0x00,0x00,0x00,
    0x1c,0x00,0x00,0x00,0x42,0x0c,0x42,0x06,0x41,0x0c,0x44,0x04,
    0x41,0x0c,0x54,0x04,0x41,0x0c,0x50,0x04,0x02,0x22,0x28,0x06,
    0xf8,0x00,0x41,0x01,0x00,0x00,0x81,0x06,0x40,0x00,0x0a,0x00,
    0x00,0x00,0x00,0x00,0x00,0x00,0x00,0x00,0x00,0x00,0x00,0x00,
    0x1c,0x00,0x00,0x00,0x42,0x0c,0x42,0x06,0x02,0x38,0x20,0x06,
    0xf8,0x00,0x41,0x01,0x00,0x00,0x40,0x00,0x0a,0x00,0x00,0x01,
    0x00,0x00,0x00,0x00,0x00,0x00,0x00,0x00,0x00,0x00,0x00,0x00,
    0x1c,0x00,0x00,0x00,0x42,0x0c,0x42,0x06,0x02,0x22,0x28,0x06,
    0xf8,0x00,0x41,0x01,0x00,0x00,0xc1,0x04,0x40,0x00,0x0a,0x00,
    0x00,0x00,0x00,0x00,0x00,0x00,0x00,0x00,0x00,0x00,0x00,0x00,
    0x1c,0x00,0x00,0x00,0x41,0x0c,0x44,0x04,0x41,0x0c,0x54,0x04,
    0x41,0x0c,0x50,0x04,0x02,0x38,0x20,0x06,0xf8,0x00,0x41,0x01,
    0x00,0x00,0x40,0x00,0x0a,0x00,0x00,0x01,0x00,0x00,0x00,0x00,
    0x00,0x00,0x00,0x00,0x00,0x00,0x00,0x00,0x1c,0x00,0x00,0x00,
    0x41,0x0c,0x44,0x04,0x41,0x0c,0x54,0x04,0x41,0x0c,0x50,0x04,
    0x02,0x22,0x28,0x06,0xf8,0x00,0x41,0x01,0x00,0x00,0x81,0x06,
    0x40,0x00,0x0a,0x00,0x00,0x00,0x00,0x00,0x00,0x00,0x00,0x00,
    0x00,0x00,0x00,0x00,0x1c,0x00,0x00,0x00,0x42,0x0c,0x42,0x06,
    0x02,0x38,0x20,0x06,0xf8,0x00,0x41,0x01,0x00,0x00,0x40,0x00,
    0x0a,0x00,0x00,0x01,0x00,0x00,0x00,0x00,0x00,0x00,0x00,0x00,
    0x00,0x00,0x00,0x00,0x1c,0x00,0x00,0x00,0x42,0x0c,0x42,0x06,
    0x41,0x0c,0x44,0x04,0x02,0x22,0x28,0x06,0xf8,0x00,0x41,0x01,
    0x00,0x00,0x41,0x05,0x40,0x00,0x0a,0x00,0x00,0x00,0x00,0x00,
    0x00,0x00,0x00,0x00,0x00,0x00,0x00,0x00,0x1c,0x00,0x00,0x00,
    0x41,0x0c,0x44,0x04,0x41,0x0c,0x54,0x04,0x41,0x0c,0x50,0x04,
    0x02,0x22,0x0e,0x06,0xf8,0x00,0x52,0x00,0x00,0x00,0x03,0x01,
    0x40,0x00,0x02,0x00,0x00,0x00,0x00,0x00,0x00,0x00,0x00,0x00,
    0x00,0x00,0x00,0x00,0x08,0x00,0x00,0x00,0x02,0x38,0x20,0x06,
    0xf8,0x00,0x41,0x01,0x00,0x00,0x40,0x00,0x0a,0x00,0x80,0x02,
    0x00,0x00,0x00,0x00,0x00,0x00,0x00,0x00,0x00,0x00,0x00,0x00,
    0x1c,0x00,0x00,0x00,0x41,0x0c,0x54,0x04,0x41,0x0c,0x50,0x04,
    0x42,0x0c,0x42,0x06,0x42,0x0c,0x42,0x06,0x42,0x0c,0x42,0x06,
    0x42,0x0c,0x42,0x06,0x42,0x0c,0x42,0x06,0x42,0x0c,0x42,0x06,
    0x42,0x0c,0x42,0x06,0x42,0x0c,0x42,0x06,0x42,0x0c,0x42,0x06,
    0x42,0x0c,0x42,0x06,0x42,0x0c,0x42,0x06,0x01,0x0b,0x0c,0x0a,
    0xf8,0x00,0x05,0x00,0x00,0x00,0x03,0x01,0xff,0x0f,0x00,0x00,
    0x42,0x0c,0x42,0x06,0x42,0x0c,0x42,0x06,0x42,0x0c,0x42,0x06,
    0x42,0x0c,0x42,0x06,0x02,0x22,0x28,0x06,0xf8,0x00,0x41,0x01,
    0x00,0x00,0xc1,0x08,0x40,0x00,0x0a,0x00,0x00,0x00,0x00,0x00,
    0x00,0x00,0x00,0x00,0x00,0x00,0x00,0x00,0x1c,0x00,0x00,0x00,
    0x02,0x38,0x20,0x06,0xf8,0x00,0x41,0x01,0x00,0x00,0x40,0x00,
    0x0a,0x00,0x80,0x05,0x00,0x00,0x00,0x00,0x00,0x00,0x00,0x00,
    0x00,0x00,0x00,0x00,0x1c,0x00,0x00,0x00,0x41,0x5d,0x00,0x0a,
    0x51,0x01,0x01,0x09,0x02,0x0a,0xf8,0x00,0x01,0x00,0x00,0x00,
    0x00,0x00,0x00,0x00,0x00,0x00,0x51,0x01,0x01,0x09,0x02,0x0a,
    0xf8,0x00,0x01,0x00,0x00,0x00,0x00,0x00,0x00,0x00,0x00,0x00,
    0x51,0x01,0x01,0x09,0x02,0x0a,0xf8,0x00,0x01,0x00,0x00,0x00,
    0x00,0x00,0x00,0x00,0x00,0x00,0x51,0x01,0x01,0x09,0x02,0x0a,
    0xf8,0x00,0x01,0x00,0x00,0x00,0x00,0x00,0x00,0x00,0x00,0x00,
    0x51,0x01,0x01,0x09,0x02,0x0a,0xf8,0x00,0x01,0x00,0x00,0x00,
    0x00,0x00,0x00,0x00,0x00,0x00,0x51,0x01,0x01,0x09,0x02,0x0a,
    0xf8,0x00,0x01,0x00,0x00,0x00,0x00,0x00,0x00,0x00,0x00,0x00,
    0x51,0x01,0x01,0x09,0x02,0x0a,0xf8,0x00,0x01,0x00,0x00,0x00,
    0x00,0x00,0x00,0x00,0x00,0x00,0x51,0x01,0x01,0x09,0x02,0x0a,
    0xf8,0x00,0x01,0x00,0x00,0x00,0x00,0x00,0x00,0x00,0x00,0x00,
    0x51,0x01,0x01,0x09,0x02,0x0a,0xf8,0x00,0x01,0x00,0x00,0x00,
    0x00,0x00,0x00,0x00,0x00,0x00,0x51,0x01,0x01,0x09,0x02,0x0a,
    0xf8,0x00,0x01,0x00,0x00,0x00,0x00,0x00,0x00,0x00,0x00,0x00,
    0x51,0x01,0x01,0x09,0x02,0x0a,0xf8,0x00,0x01,0x00,0x00,0x00,
    0x00,0x00,0x00,0x00,0x00,0x00,0x51,0x01,0x01,0x09,0x02,0x0a,
    0xf8,0x00,0x01,0x00,0x00,0x00,0x00,0x00,0x00,0x00,0x00,0x00,
    0x51,0x01,0x01,0x09,0x02,0x0a,0xf8,0x00,0x01,0x00,0x00,0x00,
    0x00,0x00,0x00,0x00,0x00,0x00,0x51,0x01,0x01,0x09,0x02,0x0a,
    0xf8,0x00,0x01,0x00,0x00,0x00,0x00,0x00,0x00,0x00,0x00,0x00,
    0x51,0x01,0x01,0x09,0x02,0x0a,0xf8,0x00,0x01,0x00,0x00,0x00,
    0x00,0x00,0x00,0x00,0x00,0x00,0x51,0x01,0x01,0x09,0x02,0x0a,
    0xf8,0x00,0x01,0x00,0x00,0x00,0x00,0x00,0x00,0x00,0x00,0x00,
    0x42,0x25,0x42,0x14,0x02,0x22,0x28,0x06,0xf8,0x00,0x41,0x01,
    0x00,0x00,0xc1,0x01,0x40,0x00,0x0a,0x00,0x00,0x00,0x00,0x00,
    0x00,0x00,0x00,0x00,0x00,0x00,0x00,0x00,0x1c,0x00,0x00,0x00,
    0x02,0x5a,0x14,0x26,0xf8,0x00,0x00,0x01,0x00,0x00,0x00,0x00,
    0x07,0x01,0x06,0x01,0x00,0x82,0x05,0xc0,0xff,0x00,0xf8,0x00,
    0x06,0x40,0x02,0xc0,0xff,0x00,0x00,0x00,0xd0,0x00,0xd0,0x00,
    0x02,0x22,0x0e,0x06,0xf8,0x00,0x52,0x00,0x00,0x00,0x03,0x01,
    0x40,0x00,0x02,0x00,0x00,0x00,0x00,0x00,0x00,0x00,0x00,0x00,
    0x00,0x00,0x00,0x00,0x10,0x00,0x00,0x00,0x02,0x38,0x0e,0x32,
    0xf8,0x00,0x40,0x11,0x00,0x00,0x00,0x00,0x02,0x01,0x0a,0x00,
    0x00,0x02,0x03,0xc0,0x00,0x00,0x00,0x00,0x00,0x00,0x00,0x00,
    0x00,0x00,0x00,0x00,0x50,0x08,0x00,0x00,0x00,0x00,0x00,0x00,
    0x00,0x00,0x00,0x00,0x00,0x00,0x00,0x00,0x1c,0x00,0x00,0x00,
    0x01,0x00,0x00,0xc0,0x2a,0x04,0x00,0x00,0x30,0xed,0x1c,0x50,
    0x5d,0xfe,0x3b,0x88,0x7c,0xce,0x31,0x7e,0xe6,0x38,0xe6,0xd3,
    0xcc,0x33,0x5e,0xe7,0x71,0x4c,0xe7,0xe4,0x33,0xce,0xe7,0x71,
    0xcc,0xe7,0x89,0x33,0xd6,0xf3,0xfc,0x7c,0xf9,0xff,0xff,0xff,
    0xe3,0xfb,0xff,0xff,0xff,0xa7,0xf7,0xff,0xff,0xff,0xff,0xe3,
    0xf7,0xff,0xff,0xff,0xff,0xd3,0xf7,0xff,0xff,0xff,0xff,0xe3,
    0xf7,0xff,0xff,0xff,0xff,0xd3,0xf7,0xff,0xff,0xff,0xff,0xe3,
    0xf7,0xff,0xff,0xff,0xff,0xd3,0xf7,0xff,0xff,0xff,0xff,0xe3,
    0xf7,0xff,0xff,0xff,0xff,0xd3,0xf7,0xff,0xff,0xff,0xff,0xe3,
    0xf7,0xff,0xff,0xff,0xff,0xd3,0xf7,0xff,0xff,0xff,0xff,0xe3,
    0xf7,0xff,0xff,0xff,0xff,0xd3,0xf7,0xff,0xff,0xff,0xff,0xe3,
    0xf3,0xff,0xff,0xff,0xff,0x39,0x40,0xf1,0x5f,0x01,0x00,0x00,
    0x01,0x0b,0x04,0x0a,0xf8,0x00,0x04,0x00,0x00,0x00,0x41,0x00,
    0x00,0x04,0x00,0x00,0x01,0x0b,0x04,0x0a,0xf8,0x00,0x04,0x00,
    0x00,0x00,0x01,0x04,0x04,0x02,0x00,0x00,0x02,0x22,0x08,0x06,
    0xfa,0x00,0x42,0x00,0x00,0x00,0x01,0x01,0x40,0x00,0x02,0x00,
    0x00,0x00,0x00,0x00,0x00,0x00,0x00,0x00,0x00,0x00,0x00,0x00,
    0x18,0x00,0x00,0x00,0x42,0x0c,0x42,0x06,0x02,0x22,0x08,0x06,
    0xfa,0x00,0x42,0x00,0x00,0x00,0x01,0x01,0x40,0x00,0x02,0x00,
    0x00,0x00,0x00,0x00,0x00,0x00,0x00,0x00,0x00,0x00,0x00,0x00,
    0x20,0x00,0x00,0x00,0x01,0x0b,0x04,0x0a,0xf8,0x00,0x04,0x00,
    0x00,0x00,0x01,0x00,0x01,0x02,0x00,0x00,0x01,0x0b,0x0e,0x0a,
    0xfa,0x00,0x05,0x00,0x00,0x00,0x83,0x01,0x39,0x04,0x00,0x00,
    0x01,0x0b,0x06,0x0a,0xfa,0x00,0x04,0x00,0x00,0x00,0x01,0x01,
    0x44,0x04,0x00,0x00,0x42,0x0c,0x42,0x06,0x42,0x0c,0x42,0x06,
    0x41,0x0c,0x44,0x04,0x42,0x0c,0x42,0x06,0x42,0x0c,0x42,0x06,
    0x42,0x0c,0x42,0x06,0x41,0x0c,0x44,0x04,0x41,0x0c,0x44,0x04,
    0x41,0x0c,0x44,0x04,0x02,0x22,0x0e,0x06,0xf8,0x00,0x42,0x00,
    0x00,0x00,0xc1,0x02,0x40,0x00,0x02,0x00,0x00,0x00,0x00,0x00,
    0x00,0x00,0x00,0x00,0x00,0x00,0x00,0x00,0x20,0x00,0x00,0x00,
    0x02,0x22,0x0e,0x06,0xf8,0x00,0x52,0x00,0x00,0x00,0x03,0x03,
    0x40,0x00,0x02,0x00,0x00,0x00,0x00,0x00,0x00,0x00,0x00,0x00,
    0x00,0x00,0x00,0x00,0x00,0x00,0x00,0x00,0x01,0x0b,0x04,0x0a,
    0xf8,0x00,0x04,0x00,0x00,0x00,0x81,0x03,0x01,0x02,0x00,0x00,
    0x02,0x22,0x08,0x06,0xfa,0x00,0x42,0x00,0x00,0x00,0x41,0x01,
    0x40,0x00,0x02,0x00,0x00,0x00,0x00,0x00,0x00,0x00,0x00,0x00,
    0x00,0x00,0x00,0x00,0x1c,0x00,0x00,0x00,0x41,0x0c,0x40,0x04,
    0x02,0x22,0x0e,0x06,0xf8,0x00,0x52,0x00,0x00,0x00,0x83,0x00,
    0x40,0x00,0x02,0x00,0x00,0x00,0x00,0x00,0x00,0x00,0x00,0x00,
    0x00,0x00,0x00,0x00,0x08,0x00,0x00,0x00,0x02,0x38,0x20,0x06,
    0xf8,0x00,0x61,0x01,0x00,0x00,0x40,0x00,0x0a,0x00,0x06,0x01,
    0x00,0x00,0x00,0x00,0x00,0x00,0x00,0x00,0x00,0x00,0x00,0x00,
    0x00,0x00,0x00,0x00,0x02,0x38,0x20,0x06,0xf8,0x00,0x41,0x01,
    0x00,0x00,0x40,0x04,0x0a,0x00,0xc0,0xff,0x00,0x00,0x00,0x00,
    0x00,0x00,0x00,0x00,0x00,0x00,0x00,0x00,0x00,0x00,0x00,0x00,
    0x42,0x0c,0x42,0x06,0x41,0x0c,0x50,0x04,0x41,0x0c,0x40,0x04,
    0x41,0x0c,0x50,0x04,0x02,0x38,0x20,0x06,0xf8,0x00,0x41,0x01,
    0x00,0x00,0xc0,0x04,0x0a,0x00,0xc0,0xff,0x00,0x00,0x00,0x00,
    0x00,0x00,0x00,0x00,0x00,0x00,0x00,0x00,0x00,0x00,0x00,0x00,
    0x02,0x38,0x20,0x06,0xf8,0x00,0x41,0x01,0x00,0x00,0x40,0x05,
    0x0a,0x00,0xc0,0xff,0x00,0x00,0x00,0x00,0x00,0x00,0x00,0x00,
    0x00,0x00,0x00,0x00,0x00,0x00,0x00,0x00,0x02,0x38,0x20,0x06,
    0xf8,0x00,0x41,0x01,0x00,0x00,0x40,0x00,0x0a,0x00,0xc0,0xff,
    0x00,0x00,0x00,0x00,0x00,0x00,0x00,0x00,0x00,0x00,0x00,0x00,
    0x1c,0x00,0x00,0x00,0x02,0x22,0x28,0x06,0xf8,0x00,0x41,0x01,
    0x00,0x00,0x41,0x01,0x40,0x04,0x0a,0x00,0x00,0x00,0x00,0x00,
    0x00,0x00,0x00,0x00,0x00,0x00,0x00,0x00,0x00,0x00,0x00,0x00,
    0x42,0x0c,0x42,0x06,0x02,0x38,0x20,0x06,0xf8,0x00,0x41,0x01,
    0x00,0x00,0x40,0x04,0x0a,0x00,0x00,0x01,0x00,0x00,0x00,0x00,
    0x00,0x00,0x00,0x00,0x00,0x00,0x00,0x00,0x00,0x00,0x00,0x00,
    0x02,0x22,0x28,0x06,0xf8,0x00,0x41,0x01,0x00,0x00,0x81,0x06,
    0xc0,0x04,0x0a,0x00,0x00,0x00,0x00,0x00,0x00,0x00,0x00,0x00,
    0x00,0x00,0x00,0x00,0x00,0x00,0x00,0x00,0x02,0x38,0x20,0x06,
    0xf8,0x00,0x41,0x01,0x00,0x00,0xc0,0x04,0x0a,0x00,0x00,0x08,
    0x00,0x00,0x00,0x00,0x00,0x00,0x00,0x00,0x00,0x00,0x00,0x00,
    0x00,0x00,0x00,0x00,0x02,0x22,0x28,0x06,0xf8,0x00,0x41,0x01,
    0x00,0x00,0xc1,0x05,0x40,0x05,0x0a,0x00,0x00,0x00,0x00,0x00,
    0x00,0x00,0x00,0x00,0x00,0x00,0x00,0x00,0x00,0x00,0x00,0x00,
    0x02,0x38,0x20,0x06,0xf8,0x00,0x41,0x01,0x00,0x00,0x40,0x05,
    0x0a,0x00,0x80,0x08,0x00,0x00,0x00,0x00,0x00,0x00,0x00,0x00,
    0x00,0x00,0x00,0x00,0x00,0x00,0x00,0x00,0x02,0x22,0x28,0x06,
    0xf8,0x00,0x41,0x01,0x00,0x00,0x01,0x07,0x40,0x00,0x0a,0x00,
    0x00,0x00,0x00,0x00,0x00,0x00,0x00,0x00,0x00,0x00,0x00,0x00,
    0x1c,0x00,0x00,0x00,0x01,0x0b,0x04,0x0a,0xf8,0x00,0x04,0x00,
    0x00,0x00,0x01,0x00,0x01,0x02,0x00,0x00,0x02,0x38,0x20,0x06,
    0xf8,0x00,0x41,0x01,0x00,0x00,0x40,0x00,0x0a,0x00,0x00,0x07,
    0x00,0x00,0x00,0x00,0x00,0x00,0x00,0x00,0x00,0x00,0x00,0x00,
    0x1c,0x00,0x00,0x00,0x02,0x22,0x28,0x06,0xf8,0x00,0x41,0x01,
    0x00,0x00,0x81,0x07,0x40,0x04,0x0a,0x00,0x00,0x00,0x00,0x00,
    0x00,0x00,0x00,0x00,0x00,0x00,0x00,0x00,0x00,0x00,0x00,0x00,
    0x42,0x0c,0x42,0x06,0x41,0x0c,0x50,0x04,0x41,0x0c,0x50,0x04,
    0x02,0x38,0x20,0x06,0xf8,0x00,0x41,0x01,0x00,0x00,0x40,0x04,
    0x0a,0x00,0x80,0x07,0x00,0x00,0x00,0x00,0x00,0x00,0x00,0x00,
    0x00,0x00,0x00,0x00,0x00,0x00,0x00,0x00,0x02,0x22,0x28,0x06,
    0xf8,0x00,0x41,0x01,0x00,0x00,0xc1,0x07,0xc0,0x04,0x0a,0x00,
    0x00,0x00,0x00,0x00,0x00,0x00,0x00,0x00,0x00,0x00,0x00,0x00,
    0x00,0x00,0x00,0x00,0x02,0x38,0x20,0x06,0xf8,0x00,0x41,0x01,
    0x00,0x00,0xc0,0x04,0x0a,0x00,0x00,0x08,0x00,0x00,0x00,0x00,
    0x00,0x00,0x00,0x00,0x00,0x00,0x00,0x00,0x00,0x00,0x00,0x00,
    0x02,0x22,0x28,0x06,0xf8,0x00,0x41,0x01,0x00,0x00,0x81,0x06,
    0x40,0x05,0x0a,0x00,0x00,0x00,0x00,0x00,0x00,0x00,0x00,0x00,
    0x00,0x00,0x00,0x00,0x00,0x00,0x00,0x00,0x42,0x0c,0x42,0x06,
    0x02,0x38,0x20,0x06,0xf8,0x00,0x41,0x01,0x00,0x00,0x40,0x05,
    0x0a,0x00,0x80,0x08,0x00,0x00,0x00,0x00,0x00,0x00,0x00,0x00,
    0x00,0x00,0x00,0x00,0x00,0x00,0x00,0x00,0x02,0x22,0x28,0x06,
    0xf8,0x00,0x41,0x01,0x00,0x00,0xc1,0x06,0x40,0x00,0x0a,0x00,
    0x00,0x00,0x00,0x00,0x00,0x00,0x00,0x00,0x00,0x00,0x00,0x00,
    0x1c,0x00,0x00,0x00,0x42,0x0c,0x42,0x06,0x02,0x38,0x20,0x06,
    0xf8,0x00,0x41,0x01,0x00,0x00,0x40,0x00,0x0a,0x00,0x00,0x01,
    0x00,0x00,0x00,0x00,0x00,0x00,0x00,0x00,0x00,0x00,0x00,0x00,
    0x1c,0x00,0x00,0x00,0x02,0x22,0x28,0x06,0xf8,0x00,0x41,0x01,
    0x00,0x00,0x01,0x07,0x40,0x04,0x0a,0x00,0x00,0x00,0x00,0x00,
    0x00,0x00,0x00,0x00,0x00,0x00,0x00,0x00,0x00,0x00,0x00,0x00,
    0x02,0x38,0x20,0x06,0xf8,0x00,0x41,0x01,0x00,0x00,0x40,0x04,
    0x0a,0x00,0x00,0x07,0x00,0x00,0x00,0x00,0x00,0x00,0x00,0x00,
    0x00,0x00,0x00,0x00,0x00,0x00,0x00,0x00,0x02,0x22,0x28,0x06,
    0xf8,0x00,0x41,0x01,0x00,0x00,0xc1,0x06,0xc0,0x04,0x0a,0x00,
    0x00,0x00,0x00,0x00,0x00,0x00,0x00,0x00,0x00,0x00,0x00,0x00,
    0x00,0x00,0x00,0x00,0x01,0x0b,0x0c,0x0a,0xf8,0x00,0x05,0x00,
    0x00,0x00,0x83,0x07,0xff,0x0f,0x00,0x00,0x02,0x38,0x20,0x06,
    0xf8,0x00,0x41,0x01,0x00,0x00,0xc0,0x04,0x0a,0x00,0x00,0x08,
    0x00,0x00,0x00,0x00,0x00,0x00,0x00,0x00,0x00,0x00,0x00,0x00,
    0x00,0x00,0x00,0x00,0x02,0x22,0x28,0x06,0xf8,0x00,0x41,0x01,
    0x00,0x00,0x01,0x01,0x40,0x05,0x0a,0x00,0x00,0x00,0x00,0x00,
    0x00,0x00,0x00,0x00,0x00,0x00,0x00,0x00,0x00,0x00,0x00,0x00,
    0x02,0x38,0x20,0x06,0xf8,0x00,0x41,0x01,0x00,0x00,0x40,0x05,
    0x0a,0x00,0x80,0x08,0x00,0x00,0x00,0x00,0x00,0x00,0x00,0x00,
    0x00,0x00,0x00,0x00,0x00,0x00,0x00,0x00,0x02,0x22,0x28,0x06,
    0xf8,0x00,0x41,0x01,0x00,0x00,0x41,0x01,0x40,0x00,0x0a,0x00,
    0x00,0x00,0x00,0x00,0x00,0x00,0x00,0x00,0x00,0x00,0x00,0x00,
    0x1c,0x00,0x00,0x00,0x41,0x0c,0x50,0x04,0x41,0x0c,0x50,0x04,
    0x02,0x38,0x20,0x06,0xf8,0x00,0x41,0x01,0x00,0x00,0x40,0x00,
    0x0a,0x00,0x80,0x07,0x00,0x00,0x00,0x00,0x00,0x00,0x00,0x00,
    0x00,0x00,0x00,0x00,0x1c,0x00,0x00,0x00,0x02,0x22,0x28,0x06,
    0xf8,0x00,0x41,0x01,0x00,0x00,0x01,0x07,0x40,0x04,0x0a,0x00,
    0x00,0x00,0x00,0x00,0x00,0x00,0x00,0x00,0x00,0x00,0x00,0x00,
    0x00,0x00,0x00,0x00,0x42,0x0c,0x42,0x06,0x41,0x0c,0x50,0x04,
    0x41,0x0c,0x50,0x04,0x02,0x38,0x20,0x06,0xf8,0x00,0x41,0x01,
    0x00,0x00,0x40,0x04,0x0a,0x00,0x00,0x07,0x00,0x00,0x00,0x00,
    0x00,0x00,0x00,0x00,0x00,0x00,0x00,0x00,0x00,0x00,0x00,0x00,
    0x02,0x22,0x28,0x06,0xf8,0x00,0x41,0x01,0x00,0x00,0x81,0x07,
    0xc0,0x04,0x0a,0x00,0x00,0x00,0x00,0x00,0x00,0x00,0x00,0x00,
    0x00,0x00,0x00,0x00,0x00,0x00,0x00,0x00,0x02,0x38,0x20,0x06,
    0xf8,0x00,0x41,0x01,0x00,0x00,0xc0,0x04,0x0a,0x00,0x80,0x07,
    0x00,0x00,0x00,0x00,0x00,0x00,0x00,0x00,0x00,0x00,0x00,0x00,
    0x00,0x00,0x00,0x00,0x02,0x22,0x28,0x06,0xf8,0x00,0x41,0x01,
    0x00,0x00,0x81,0x06,0x40,0x05,0x0a,0x00,0x00,0x00,0x00,0x00,
    0x00,0x00,0x00,0x00,0x00,0x00,0x00,0x00,0x00,0x00,0x00,0x00,
    0x42,0x0c,0x42,0x06,0x02,0x38,0x20,0x06,0xf8,0x00,0x41,0x01,
    0x00,0x00,0x40,0x05,0x0a,0x00,0x00,0x08,0x00,0x00,0x00,0x00,
    0x00,0x00,0x00,0x00,0x00,0x00,0x00,0x00,0x00,0x00,0x00,0x00,
    0x02,0x22,0x28,0x06,0xf8,0x00,0x41,0x01,0x00,0x00,0x81,0x08,
    0x40,0x00,0x0a,0x00,0x00,0x00,0x00,0x00,0x00,0x00,0x00,0x00,
    0x00,0x00,0x00,0x00,0x1c,0x00,0x00,0x00,0x42,0x0c,0x42,0x06,
    0x02,0x38,0x20,0x06,0xf8,0x00,0x41,0x01,0x00,0x00,0x40,0x00,
    0x0a,0x00,0x00,0x01,0x00,0x00,0x00,0x00,0x00,0x00,0x00,0x00,
    0x00,0x00,0x00,0x00,0x1c,0x00,0x00,0x00,0x02,0x22,0x28,0x06,
    0xf8,0x00,0x41,0x01,0x00,0x00,0x01,0x07,0x40,0x04,0x0a,0x00,
    0x00,0x00,0x00,0x00,0x00,0x00,0x00,0x00,0x00,0x00,0x00,0x00,
    0x00,0x00,0x00,0x00,0x01,0x0b,0x0c,0x0a,0xf8,0x00,0x05,0x00,
    0x00,0x00,0x03,0x01,0xff,0x0f,0x00,0x00,0x02,0x38,0x20,0x06,
    0xf8,0x00,0x41,0x01,0x00,0x00,0x40,0x04,0x0a,0x00,0x00,0x07,
    0x00,0x00,0x00,0x00,0x00,0x00,0x00,0x00,0x00,0x00,0x00,0x00,
    0x00,0x00,0x00,0x00,0x02,0x22,0x28,0x06,0xf8,0x00,0x41,0x01,
    0x00,0x00,0xc1,0x06,0xc0,0x04,0x0a,0x00,0x00,0x00,0x00,0x00,
    0x00,0x00,0x00,0x00,0x00,0x00,0x00,0x00,0x00,0x00,0x00,0x00,
    0x02,0x38,0x20,0x06,0xf8,0x00,0x41,0x01,0x00,0x00,0xc0,0x04,
    0x0a,0x00,0x80,0x07,0x00,0x00,0x00,0x00,0x00,0x00,0x00,0x00,
    0x00,0x00,0x00,0x00,0x00,0x00,0x00,0x00,0x02,0x22,0x28,0x06,
    0xf8,0x00,0x41,0x01,0x00,0x00,0x81,0x06,0x40,0x05,0x0a,0x00,
    0x00,0x00,0x00,0x00,0x00,0x00,0x00,0x00,0x00,0x00,0x00,0x00,
    0x00,0x00,0x00,0x00,0x02,0x38,0x20,0x06,0xf8,0x00,0x41,0x01,
    0x00,0x00,0x40,0x05,0x0a,0x00,0x00,0x08,0x00,0x00,0x00,0x00,
    0x00,0x00,0x00,0x00,0x00,0x00,0x00,0x00,0x00,0x00,0x00,0x00,
    0x02,0x22,0x28,0x06,0xf8,0x00,0x41,0x01,0x00,0x00,0xc1,0x07,
    0x40,0x00,0x0a,0x00,0x00,0x00,0x00,0x00,0x00,0x00,0x00,0x00,
    0x00,0x00,0x00,0x00,0x1c,0x00,0x00,0x00,0x41,0x0c,0x50,0x04,
    0x41,0x0c,0x50,0x04,0x02,0x38,0x20,0x06,0xf8,0x00,0x41,0x01,
    0x00,0x00,0x40,0x00,0x0a,0x00,0x00,0x07,0x00,0x00,0x00,0x00,
    0x00,0x00,0x00,0x00,0x00,0x00,0x00,0x00,0x1c,0x00,0x00,0x00,
    0x02,0x22,0x28,0x06,0xf8,0x00,0x41,0x01,0x00,0x00,0x01,0x08,
    0x40,0x04,0x0a,0x00,0x00,0x00,0x00,0x00,0x00,0x00,0x00,0x00,
    0x00,0x00,0x00,0x00,0x00,0x00,0x00,0x00,0x41,0x0c,0x40,0x04,
    0x41,0x0c,0x50,0x04,0x41,0x0c,0x50,0x04,0x02,0x38,0x20,0x06,
    0xf8,0x00,0x41,0x01,0x00,0x00,0x40,0x04,0x0a,0x00,0x00,0x08,
    0x00,0x00,0x00,0x00,0x00,0x00,0x00,0x00,0x00,0x00,0x00,0x00,
    0x00,0x00,0x00,0x00,0x02,0x22,0x28,0x06,0xf8,0x00,0x41,0x01,
    0x00,0x00,0xc1,0x07,0xc0,0x04,0x0a,0x00,0x00,0x00,0x00,0x00,
    0x00,0x00,0x00,0x00,0x00,0x00,0x00,0x00,0x00,0x00,0x00,0x00,
    0x02,0x38,0x20,0x06,0xf8,0x00,0x41,0x01,0x00,0x00,0xc0,0x04,
    0x0a,0x00,0x00,0x07,0x00,0x00,0x00,0x00,0x00,0x00,0x00,0x00,
    0x00,0x00,0x00,0x00,0x00,0x00,0x00,0x00,0x02,0x22,0x28,0x06,
    0xf8,0x00,0x41,0x01,0x00,0x00,0x81,0x07,0x40,0x05,0x0a,0x00,
    0x00,0x00,0x00,0x00,0x00,0x00,0x00,0x00,0x00,0x00,0x00,0x00,
    0x00,0x00,0x00,0x00,0x42,0x0c,0x42,0x06,0x02,0x38,0x20,0x06,
    0xf8,0x00,0x41,0x01,0x00,0x00,0x40,0x05,0x0a,0x00,0x80,0x07,
    0x00,0x00,0x00,0x00,0x00,0x00,0x00,0x00,0x00,0x00,0x00,0x00,
    0x00,0x00,0x00,0x00,0x02,0x22,0x28,0x06,0xf8,0x00,0x41,0x01,
    0x00,0x00,0x41,0x01,0x40,0x00,0x0a,0x00,0x00,0x00,0x00,0x00,
    0x00,0x00,0x00,0x00,0x00,0x00,0x00,0x00,0x1c,0x00,0x00,0x00,
    0x42,0x0c,0x42,0x06,0x02,0x38,0x20,0x06,0xf8,0x00,0x41,0x01,
    0x00,0x00,0x40,0x00,0x0a,0x00,0x00,0x01,0x00,0x00,0x00,0x00,
    0x00,0x00,0x00,0x00,0x00,0x00,0x00,0x00,0x1c,0x00,0x00,0x00,
    0x02,0x22,0x28,0x06,0xf8,0x00,0x41,0x01,0x00,0x00,0x81,0x06,
    0x40,0x04,0x0a,0x00,0x00,0x00,0x00,0x00,0x00,0x00,0x00,0x00,
    0x00,0x00,0x00,0x00,0x00,0x00,0x00,0x00,0x02,0x38,0x20,0x06,
    0xf8,0x00,0x41,0x01,0x00,0x00,0x40,0x04,0x0a,0x00,0x80,0x06,
    0x00,0x00,0x00,0x00,0x00,0x00,0x00,0x00,0x00,0x00,0x00,0x00,
    0x00,0x00,0x00,0x00,0x02,0x22,0x28,0x06,0xf8,0x00,0x41,0x01,
    0x00,0x00,0x41,0x06,0xc0,0x04,0x0a,0x00,0x00,0x00,0x00,0x00,
    0x00,0x00,0x00,0x00,0x00,0x00,0x00,0x00,0x00,0x00,0x00,0x00,
    0x02,0x38,0x20,0x06,0xf8,0x00,0x41,0x01,0x00,0x00,0xc0,0x04,
    0x0a,0x00,0x80,0x07,0x00,0x00,0x00,0x00,0x00,0x00,0x00,0x00,
    0x00,0x00,0x00,0x00,0x00,0x00,0x00,0x00,0x02,0x22,0x28,0x06,
    0xf8,0x00,0x41,0x01,0x00,0x00,0x01,0x01,0x40,0x05,0x0a,0x00,
    0x00,0x00,0x00,0x00,0x00,0x00,0x00,0x00,0x00,0x00,0x00,0x00,
    0x00,0x00,0x00,0x00,0x02,0x38,0x20,0x06,0xf8,0x00,0x41,0x01,
    0x00,0x00,0x40,0x05,0x0a,0x00,0x00,0x08,0x00,0x00,0x00,0x00,
    0x00,0x00,0x00,0x00,0x00,0x00,0x00,0x00,0x00,0x00,0x00,0x00,
    0x02,0x22,0x28,0x06,0xf8,0x00,0x41,0x01,0x00,0x00,0xc1,0x02,
    0x40,0x00,0x0a,0x00,0x00,0x00,0x00,0x00,0x00,0x00,0x00,0x00,
    0x00,0x00,0x00,0x00,0x1c,0x00,0x00,0x00,0x41,0x0c,0x40,0x04,
    0x41,0x0c,0x50,0x04,0x41,0x0c,0x50,0x04,0x02,0x38,0x20,0x06,
    0xf8,0x00,0x41,0x01,0x00,0x00,0x40,0x00,0x0a,0x00,0x80,0x02,
    0x00,0x00,0x00,0x00,0x00,0x00,0x00,0x00,0x00,0x00,0x00,0x00,
    0x1c,0x00,0x00,0x00,0x02,0x22,0x28,0x06,0xf8,0x00,0x41,0x01,
    0x00,0x00,0x81,0x06,0x40,0x04,0x0a,0x00,0x00,0x00,0x00,0x00,
    0x00,0x00,0x00,0x00,0x00,0x00,0x00,0x00,0x00,0x00,0x00,0x00,
    0x41,0x0c,0x40,0x04,0x41,0x0c,0x50,0x04,0x41,0x0c,0x50,0x04,
    0x02,0x38,0x20,0x06,0xf8,0x00,0x41,0x01,0x00,0x00,0x40,0x04,
    0x0a,0x00,0x80,0x06,0x00,0x00,0x00,0x00,0x00,0x00,0x00,0x00,
    0x00,0x00,0x00,0x00,0x00,0x00,0x00,0x00,0x02,0x22,0x28,0x06,
    0xf8,0x00,0x41,0x01,0x00,0x00,0x81,0x02,0xc0,0x04,0x0a,0x00,
    0x00,0x00,0x00,0x00,0x00,0x00,0x00,0x00,0x00,0x00,0x00,0x00,
    0x00,0x00,0x00,0x00,0x02,0x38,0x20,0x06,0xf8,0x00,0x41,0x01,
    0x00,0x00,0xc0,0x04,0x0a,0x00,0x00,0x07,0x00,0x00,0x00,0x00,
    0x00,0x00,0x00,0x00,0x00,0x00,0x00,0x00,0x00,0x00,0x00,0x00,
    0x02,0x22,0x28,0x06,0xf8,0x00,0x41,0x01,0x00,0x00,0x01,0x01,
    0x40,0x05,0x0a,0x00,0x00,0x00,0x00,0x00,0x00,0x00,0x00,0x00,
    0x00,0x00,0x00,0x00,0x00,0x00,0x00,0x00,0x02,0x38,0x20,0x06,
    0xf8,0x00,0x41,0x01,0x00,0x00,0x40,0x05,0x0a,0x00,0x80,0x06,
    0x00,0x00,0x00,0x00,0x00,0x00,0x00,0x00,0x00,0x00,0x00,0x00,
    0x00,0x00,0x00,0x00,0x02,0x22,0x28,0x06,0xf8,0x00,0x41,0x01,
    0x00,0x00,0x81,0x01,0x40,0x00,0x0a,0x00,0x00,0x00,0x00,0x00,
    0x00,0x00,0x00,0x00,0x00,0x00,0x00,0x00,0x1c,0x00,0x00,0x00,
    0x02,0x38,0x20,0x06,0xf8,0x00,0x41,0x01,0x00,0x00,0x40,0x00,
    0x0a,0x00,0x80,0x01,0x00,0x00,0x00,0x00,0x00,0x00,0x00,0x00,
    0x00,0x00,0x00,0x00,0x1c,0x00,0x00,0x00,0x02,0x38,0x20,0x06,
    0xf8,0x00,0x41,0x01,0x00,0x00,0x40,0x00,0x0a,0x00,0xc0,0xff,
    0x00,0x00,0x00,0x00,0x00,0x00,0x00,0x00,0x00,0x00,0x00,0x00,
    0x20,0x00,0x00,0x00,0x02,0x38,0x20,0x06,0xf8,0x00,0x41,0x01,
    0x00,0x00,0x40,0x00,0x0a,0x00,0xc0,0xff,0x00,0x00,0x00,0x00,
    0x00,0x00,0x00,0x00,0x00,0x00,0x00,0x00,0x24,0x00,0x00,0x00,
    0x51,0x01,0x01,0x09,0x02,0x0a,0xf8,0x00,0x01,0x00,0x00,0x00,
    0x00,0x00,0x00,0x00,0x00,0x00,0x42,0x0c,0x42,0x06,0x02,0x22,
    0x28,0x06,0xf8,0x00,0x41,0x01,0x00,0x00,0xc1,0x02,0x40,0x00,
    0x0a,0x00,0x00,0x00,0x00,0x00,0x00,0x00,0x00,0x00,0x00,0x00,
    0x00,0x00,0x20,0x00,0x00,0x00,0x02,0x38,0x20,0x06,0xf8,0x00,
    0x41,0x01,0x00,0x00,0x40,0x00,0x0a,0x00,0x80,0x02,0x00,0x00,
    0x00,0x00,0x00,0x00,0x00,0x00,0x00,0x00,0x00,0x00,0x20,0x00,
    0x00,0x00,0x51,0x01,0x01,0x09,0x02,0x0a,0xf8,0x00,0x01,0x00,
    0x00,0x00,0x00,0x00,0x00,0x00,0x00,0x00,0x42,0x0c,0x42,0x06,
    0x02,0x22,0x28,0x06,0xf8,0x00,0x41,0x01,0x00,0x00,0x81,0x01,
    0x40,0x00,0x0a,0x00,0x00,0x00,0x00,0x00,0x00,0x00,0x00,0x00,
    0x00,0x00,0x00,0x00,0x24,0x00,0x00,0x00,0x02,0x38,0x20,0x06,
    0xf8,0x00,0x41,0x01,0x00,0x00,0x40,0x00,0x0a,0x00,0x80,0x01,
    0x00,0x00,0x00,0x00,0x00,0x00,0x00,0x00,0x00,0x00,0x00,0x00,
    0x24,0x00,0x00,0x00,0x51,0x01,0x01,0x09,0x02,0x0a,0xf8,0x00,
    0x01,0x00,0x00,0x00,0x00,0x00,0x00,0x00,0x00,0x00,0x42,0x0c,
    0x42,0x06,0x02,0x22,0x28,0x06,0xf8,0x00,0x41,0x01,0x00,0x00,
    0xc1,0x02,0x40,0x00,0x0a,0x00,0x00,0x00,0x00,0x00,0x00,0x00,
    0x00,0x00,0x00,0x00,0x00,0x00,0x20,0x00,0x00,0x00,0x02,0x38,
    0x20,0x06,0xf8,0x00,0x41,0x01,0x00,0x00,0x40,0x00,0x0a,0x00,
    0x80,0x02,0x00,0x00,0x00,0x00,0x00,0x00,0x00,0x00,0x00,0x00,
    0x00,0x00,0x20,0x00,0x00,0x00,0x51,0x01,0x01,0x09,0x02,0x0a,
    0xf8,0x00,0x01,0x00,0x00,0x00,0x00,0x00,0x00,0x00,0x00,0x00,
    0x42,0x0c,0x42,0x06,0x02,0x22,0x28,0x06,0xf8,0x00,0x41,0x01,
    0x00,0x00,0x81,0x01,0x40,0x00,0x0a,0x00,0x00,0x00,0x00,0x00,
    0x00,0x00,0x00,0x00,0x00,0x00,0x00,0x00,0x24,0x00,0x00,0x00,
    0x02,0x38,0x20,0x06,0xf8,0x00,0x41,0x01,0x00,0x00,0x40,0x00,
    0x0a,0x00,0x80,0x01,0x00,0x00,0x00,0x00,0x00,0x00,0x00,0x00,
    0x00,0x00,0x00,0x00,0x24,0x00,0x00,0x00,0x51,0x01,0x01,0x09,
    0x02,0x0a,0xf8,0x00,0x01,0x00,0x00,0x00,0x00,0x00,0x00,0x00,
    0x00,0x00,0x42,0x0c,0x42,0x06,0x02,0x22,0x28,0x06,0xf8,0x00,
    0x41,0x01,0x00,0x00,0xc1,0x02,0x40,0x00,0x0a,0x00,0x00,0x00,
    0x00,0x00,0x00,0x00,0x00,0x00,0x00,0x00,0x00,0x00,0x20,0x00,
    0x00,0x00,0x02,0x38,0x20,0x06,0xf8,0x00,0x41,0x01,0x00,0x00,
    0x40,0x00,0x0a,0x00,0x80,0x02,0x00,0x00,0x00,0x00,0x00,0x00,
    0x00,0x00,0x00,0x00,0x00,0x00,0x20,0x00,0x00,0x00,0x51,0x01,
    0x01,0x09,0x02,0x0a,0xf8,0x00,0x01,0x00,0x00,0x00,0x00,0x00,
    0x00,0x00,0x00,0x00,0x42,0x0c,0x42,0x06,0x02,0x22,0x28,0x06,
    0xf8,0x00,0x41,0x01,0x00,0x00,0x81,0x01,0x40,0x00,0x0a,0x00,
    0x00,0x00,0x00,0x00,0x00,0x00,0x00,0x00,0x00,0x00,0x00,0x00,
    0x24,0x00,0x00,0x00,0x02,0x38,0x20,0x06,0xf8,0x00,0x41,0x01,
    0x00,0x00,0x40,0x00,0x0a,0x00,0x80,0x01,0x00,0x00,0x00,0x00,
    0x00,0x00,0x00,0x00,0x00,0x00,0x00,0x00,0x24,0x00,0x00,0x00,
    0x51,0x01,0x01,0x09,0x02,0x0a,0xf8,0x00,0x01,0x00,0x00,0x00,
    0x00,0x00,0x00,0x00,0x00,0x00,0x42,0x0c,0x42,0x06,0x02,0x22,
    0x28,0x06,0xf8,0x00,0x41,0x01,0x00,0x00,0xc1,0x02,0x40,0x00,
    0x0a,0x00,0x00,0x00,0x00,0x00,0x00,0x00,0x00,0x00,0x00,0x00,
    0x00,0x00,0x20,0x00,0x00,0x00,0x02,0x38,0x20,0x06,0xf8,0x00,
    0x41,0x01,0x00,0x00,0x40,0x00,0x0a,0x00,0x80,0x02,0x00,0x00,
    0x00,0x00,0x00,0x00,0x00,0x00,0x00,0x00,0x00,0x00,0x20,0x00,
    0x00,0x00,0x51,0x01,0x01,0x09,0x02,0x0a,0xf8,0x00,0x01,0x00,
    0x00,0x00,0x00,0x00,0x00,0x00,0x00,0x00,0x42,0x0c,0x42,0x06,
    0x02,0x22,0x28,0x06,0xf8,0x00,0x41,0x01,0x00,0x00,0x81,0x01,
    0x40,0x00,0x0a,0x00,0x00,0x00,0x00,0x00,0x00,0x00,0x00,0x00,
    0x00,0x00,0x00,0x00,0x24,0x00,0x00,0x00,0x02,0x38,0x20,0x06,
    0xf8,0x00,0x41,0x01,0x00,0x00,0x40,0x00,0x0a,0x00,0x80,0x01,
    0x00,0x00,0x00,0x00,0x00,0x00,0x00,0x00,0x00,0x00,0x00,0x00,
    0x24,0x00,0x00,0x00,0x51,0x01,0x01,0x09,0x02,0x0a,0xf8,0x00,
    0x01,0x00,0x00,0x00,0x00,0x00,0x00,0x00,0x00,0x00,0x42,0x0c,
    0x42,0x06,0x02,0x22,0x28,0x06,0xf8,0x00,0x41,0x01,0x00,0x00,
    0xc1,0x02,0x40,0x00,0x0a,0x00,0x00,0x00,0x00,0x00,0x00,0x00,
    0x00,0x00,0x00,0x00,0x00,0x00,0x20,0x00,0x00,0x00,0x02,0x38,
    0x20,0x06,0xf8,0x00,0x41,0x01,0x00,0x00,0x40,0x00,0x0a,0x00,
    0x80,0x02,0x00,0x00,0x00,0x00,0x00,0x00,0x00,0x00,0x00,0x00,
    0x00,0x00,0x20,0x00,0x00,0x00,0x51,0x01,0x01,0x09,0x02,0x0a,
    0xf8,0x00,0x01,0x00,0x00,0x00,0x00,0x00,0x00,0x00,0x00,0x00,
    0x42,0x0c,0x42,0x06,0x02,0x22,0x28,0x06,0xf8,0x00,0x41,0x01,
    0x00,0x00,0x81,0x01,0x40,0x00,0x0a,0x00,0x00,0x00,0x00,0x00,
    0x00,0x00,0x00,0x00,0x00,0x00,0x00,0x00,0x24,0x00,0x00,0x00,
    0x02,0x38,0x20,0x06,0xf8,0x00,0x41,0x01,0x00,0x00,0x40,0x00,
    0x0a,0x00,0x80,0x01,0x00,0x00,0x00,0x00,0x00,0x00,0x00,0x00,
    0x00,0x00,0x00,0x00,0x24,0x00,0x00,0x00,0x51,0x01,0x01,0x09,
    0x02,0x0a,0xf8,0x00,0x01,0x00,0x00,0x00,0x00,0x00,0x00,0x00,
    0x00,0x00,0x42,0x0c,0x42,0x06,0x02,0x22,0x28,0x06,0xf8,0x00,
    0x41,0x01,0x00,0x00,0xc1,0x02,0x40,0x00,0x0a,0x00,0x00,0x00,
    0x00,0x00,0x00,0x00,0x00,0x00,0x00,0x00,0x00,0x00,0x20,0x00,
    0x00,0x00,0x02,0x38,0x20,0x06,0xf8,0x00,0x41,0x01,0x00,0x00,
    0x40,0x00,0x0a,0x00,0x80,0x02,0x00,0x00,0x00,0x00,0x00,0x00,
    0x00,0x00,0x00,0x00,0x00,0x00,0x20,0x00,0x00,0x00,0x51,0x01,
    0x01,0x09,0x02,0x0a,0xf8,0x00,0x01,0x00,0x00,0x00,0x00,0x00,
    0x00,0x00,0x00,0x00,0x42,0x0c,0x42,0x06,0x02,0x22,0x28,0x06,
    0xf8,0x00,0x41,0x01,0x00,0x00,0x81,0x01,0x40,0x00,0x0a,0x00,
    0x00,0x00,0x00,0x00,0x00,0x00,0x00,0x00,0x00,0x00,0x00,0x00,
    0x24,0x00,0x00,0x00,0x02,0x38,0x20,0x06,0xf8,0x00,0x41,0x01,
    0x00,0x00,0x40,0x00,0x0a,0x00,0x80,0x01,0x00,0x00,0x00,0x00,
    0x00,0x00,0x00,0x00,0x00,0x00,0x00,0x00,0x24,0x00,0x00,0x00,
    0x51,0x01,0x01,0x09,0x02,0x0a,0xf8,0x00,0x01,0x00,0x00,0x00,
    0x00,0x00,0x00,0x00,0x00,0x00,0x42,0x0c,0x42,0x06,0x02,0x22,
    0x28,0x06,0xf8,0x00,0x41,0x01,0x00,0x00,0xc1,0x02,0x40,0x00,
    0x0a,0x00,0x00,0x00,0x00,0x00,0x00,0x00,0x00,0x00,0x00,0x00,
    0x00,0x00,0x20,0x00,0x00,0x00,0x02,0x38,0x20,0x06,0xf8,0x00,
    0x41,0x01,0x00,0x00,0x40,0x00,0x0a,0x00,0x80,0x02,0x00,0x00,
    0x00,0x00,0x00,0x00,0x00,0x00,0x00,0x00,0x00,0x00,0x20,0x00,
    0x00,0x00,0x51,0x01,0x01,0x09,0x02,0x0a,0xf8,0x00,0x01,0x00,
    0x00,0x00,0x00,0x00,0x00,0x00,0x00,0x00,0x42,0x0c,0x42,0x06,
    0x02,0x22,0x28,0x06,0xf8,0x00,0x41,0x01,0x00,0x00,0x81,0x01,
    0x40,0x00,0x0a,0x00,0x00,0x00,0x00,0x00,0x00,0x00,0x00,0x00,
    0x00,0x00,0x00,0x00,0x24,0x00,0x00,0x00,0x02,0x38,0x20,0x06,
    0xf8,0x00,0x41,0x01,0x00,0x00,0x40,0x00,0x0a,0x00,0x80,0x01,
    0x00,0x00,0x00,0x00,0x00,0x00,0x00,0x00,0x00,0x00,0x00,0x00,
    0x24,0x00,0x00,0x00,0x51,0x01,0x01,0x09,0x02,0x0a,0xf8,0x00,
    0x01,0x00,0x00,0x00,0x00,0x00,0x00,0x00,0x00,0x00,0x42,0x0c,
    0x42,0x06,0x02,0x22,0x28,0x06,0xf8,0x00,0x41,0x01,0x00,0x00,
    0xc1,0x01,0x40,0x00,0x0a,0x00,0x00,0x00,0x00,0x00,0x00,0x00,
    0x00,0x00,0x00,0x00,0x00,0x00,0x20,0x00,0x00,0x00,0x01,0x0b,
    0x0c,0x0a,0xf8,0x00,0x05,0x00,0x00,0x00,0x83,0x01,0xff,0x0f,
    0x00,0x00,0x02,0x38,0x20,0x06,0xf8,0x00,0x41,0x01,0x00,0x00,
    0x40,0x00,0x0a,0x00,0x80,0x02,0x00,0x00,0x00,0x00,0x00,0x00,
    0x00,0x00,0x00,0x00,0x00,0x00,0x20,0x00,0x00,0x00,0x51,0x01,
    0x01,0x09,0x02,0x0a,0xf8,0x00,0x01,0x00,0x00,0x00,0x00,0x00,
    0x00,0x00,0x00,0x00,0x02,0x22,0x28,0x06,0xf8,0x00,0x41,0x01,
    0x00,0x00,0x81,0x06,0x40,0x00,0x0a,0x00,0x00,0x00,0x00,0x00,
    0x00,0x00,0x00,0x00,0x00,0x00,0x00,0x00,0x24,0x00,0x00,0x00,
    0x02,0x38,0x20,0x06,0xf8,0x00,0x41,0x01,0x00,0x00,0x40,0x00,
    0x0a,0x00,0x80,0x06,0x00,0x00,0x00,0x00,0x00,0x00,0x00,0x00,
    0x00,0x00,0x00,0x00,0x24,0x00,0x00,0x00,0x02,0x22,0x28,0x06,
    0xf8,0x00,0x41,0x01,0x00,0x00,0x01,0x01,0x40,0x04,0x0a,0x00,
    0x00,0x00,0x00,0x00,0x00,0x00,0x00,0x00,0x00,0x00,0x00,0x00,
    0x00,0x00,0x00,0x00,0x02,0x22,0x28,0x06,0xf8,0x00,0x41,0x01,
    0x00,0x00,0x41,0x01,0xc0,0x04,0x0a,0x00,0x00,0x00,0x00,0x00,
    0x00,0x00,0x00,0x00,0x00,0x00,0x00,0x00,0x00,0x00,0x00,0x00,
    0x02,0x22,0x28,0x06,0xf8,0x00,0x41,0x01,0x00,0x00,0x81,0x01,
    0x40,0x05,0x0a,0x00,0x00,0x00,0x00,0x00,0x00,0x00,0x00,0x00,
    0x00,0x00,0x00,0x00,0x00,0x00,0x00,0x00,0x02,0x22,0x28,0x06,
    0xf8,0x00,0x41,0x01,0x00,0x00,0xc1,0x01,0x40,0x00,0x0a,0x00,
    0x00,0x00,0x00,0x00,0x00,0x00,0x00,0x00,0x00,0x00,0x00,0x00,
    0x1c,0x00,0x00,0x00,0x02,0x22,0x28,0x06,0xf8,0x00,0x41,0x01,
    0x00,0x00,0x81,0x02,0x40,0x00,0x0a,0x00,0x00,0x00,0x00,0x00,
    0x00,0x00,0x00,0x00,0x00,0x00,0x00,0x00,0x20,0x00,0x00,0x00,
    0x02,0x22,0x28,0x06,0xf8,0x00,0x41,0x01,0x00,0x00,0xc1,0x05,
    0xc0,0x05,0x0a,0x00,0x00,0x00,0x00,0x00,0x00,0x00,0x00,0x00,
    0x00,0x00,0x00,0x00,0x00,0x00,0x00,0x00,0x02,0x22,0x28,0x06,
    0xf8,0x00,0x41,0x01,0x00,0x00,0xc1,0x02,0x40,0x00,0x0a,0x00,
    0x00,0x00,0x00,0x00,0x00,0x00,0x00,0x00,0x00,0x00,0x00,0x00,
    0x24,0x00,0x00,0x00,0x42,0x0c,0x42,0x06,0x02,0x5a,0x14,0x26,
    0xf8,0x00,0x00,0x01,0x00,0x00,0x00,0x00,0x07,0x01,0x06,0x01,
    0x00,0x82,0x02,0xc0,0xff,0x00,0xf8,0xc0,0x05,0x00,0x07,0xc0,
    0xff,0x00,0x00,0x00,0xd0,0x00,0xd0,0x00,0x02,0x22,0x0e,0x06,
    0xf8,0x00,0x52,0x00,0x00,0x00,0x83,0x00,0x40,0x00,0x02,0x00,
    0x00,0x00,0x00,0x00,0x00,0x00,0x00,0x00,0x00,0x00,0x00,0x00,
    0x10,0x00,0x00,0x00,0x02,0x38,0x0e,0x32,0xf8,0x00,0x40,0x11,
    0x00,0x00,0x00,0x00,0x02,0x04,0x0a,0x00,0x00,0x82,0x01,0x40,
    0x02,0x00,0x00,0x00,0x00,0x00,0x00,0x00,0x00,0x00,0x00,0x00,
    0xd0,0x07,0x00,0x00,0x1d,0x00,0x00,0x00,0x01,0x00,0x00,0xc0,
    0x3d,0x02,0x00,0x00,0xc0,0xe9,0xbf,0xf9,0xfd,0xff,0xff,0xff,
    0x3f,0xff,0xff,0xff,0xff,0x7f,0xbb,0x5e,0x58,0x43,0x03,0xe0,
    0x99,0xfe,0xff,0xff,0xff,0xff,0x9f,0xff,0xff,0xff,0xff,0xff,
    0xef,0x7b,0x00,0x03,0xc0,0xf2,0xff,0xff,0xff,0xff,0xff,0xfc,
    0xff,0xff,0xff,0xff,0x7f,0xdf,0x03,0xd8,0x00,0x8c,0xfe,0xff,
    0xff,0xff,0xff,0x9f,0xff,0xff,0xff,0xff,0xff,0xef,0x7b,0x00,
    0x03,0xb0,0xff,0x0a,0x01,0x0b,0x04,0x0a,0xf8,0x00,0x04,0x00,
    0x00,0x00,0x41,0x00,0x00,0x04,0x00,0x00,0x01,0x0b,0x04,0x0a,
    0xf8,0x00,0x04,0x00,0x00,0x00,0xc1,0x00,0x02,0x02,0x00,0x00,
    0x01,0x0b,0x06,0x0a,0xfa,0x00,0x04,0x00,0x00,0x00,0x01,0x01,
    0x04,0x02,0x00,0x00,0x02,0x22,0x08,0x06,0xfa,0x00,0x42,0x00,
    0x00,0x00,0x41,0x01,0x40,0x00,0x02,0x00,0x00,0x00,0x00,0x00,
    0x00,0x00,0x00,0x00,0x00,0x00,0x00,0x00,0x18,0x00,0x00,0x00,
    0x42,0x0c,0x42,0x06,0x01,0x0b,0x04,0x0a,0xf8,0x00,0x04,0x00,
    0x00,0x00,0x01,0x03,0x02,0x04,0x00,0x00,0x02,0x22,0x08,0x06,
    0xfa,0x00,0x42,0x00,0x00,0x00,0x01,0x01,0x40,0x00,0x02,0x00,
    0x00,0x00,0x00,0x00,0x00,0x00,0x00,0x00,0x00,0x00,0x00,0x00,
    0x20,0x00,0x00,0x00,0x01,0x0b,0x04,0x0a,0xf8,0x00,0x04,0x00,
    0x00,0x00,0x41,0x03,0x01,0x02,0x00,0x00,0x01,0x0b,0x0e,0x0a,
    0xfa,0x00,0x05,0x00,0x00,0x00,0x83,0x01,0x39,0x04,0x00,0x00,
    0x02,0x22,0x0e,0x06,0xf8,0x00,0x52,0x00,0x00,0x00,0x83,0x00,
    0x40,0x00,0x02,0x00,0x00,0x00,0x00,0x00,0x00,0x00,0x00,0x00,
    0x00,0x00,0x00,0x00,0x08,0x00,0x00,0x00,0x01,0x0b,0x0c,0x0a,
    0xf8,0x00,0x05,0x00,0x00,0x00,0x03,0x06,0xff,0x0f,0x00,0x00,
    0x02,0x22,0x08,0x06,0xfa,0x00,0x42,0x00,0x00,0x00,0x01,0x02,
    0x40,0x00,0x02,0x00,0x00,0x00,0x00,0x00,0x00,0x00,0x00,0x00,
    0x00,0x00,0x00,0x00,0x1c,0x00,0x00,0x00,0x02,0x0c,0x52,0x0e,
    0xf8,0x00,0x0a,0x00,0x00,0x00,0x83,0x00,0x01,0xf8,0x82,0x00,
    0x00,0x0b,0x00,0x00,0x00,0x00,0x00,0x00,0x40,0x00,0x00,0x00,
    0x00,0x00,0x00,0x00,0x51,0x01,0x01,0x09,0x02,0x0a,0xf8,0x00,
    0x01,0x00,0x00,0x00,0x00,0x00,0x00,0x00,0x00,0x00,0x42,0x0c,
    0x42,0x06,0x51,0x01,0x01,0x09,0x02,0x0a,0xf8,0x00,0x01,0x00,
    0x00,0x00,0x00,0x00,0x00,0x00,0x00,0x00,0x02,0x0c,0x52,0x0e,
    0xf8,0x00,0x0a,0x00,0x00,0x00,0x83,0x00,0x01,0xf8,0x82,0x00,
    0x00,0x0b,0x00,0x00,0x00,0x00,0x00,0x00,0x02,0x00,0x00,0x00,
    0x00,0x00,0x00,0x00,0x42,0x0c,0x42,0x06,0x02,0x22,0x0e,0x06,
    0xf8,0x00,0x52,0x00,0x00,0x00,0x83,0x01,0x40,0x00,0x02,0x00,
    0x00,0x00,0x00,0x00,0x00,0x00,0x00,0x00,0x00,0x00,0x00,0x00,
    0x00,0x00,0x00,0x00,0x02,0x38,0x20,0x06,0xf8,0x00,0x41,0x01,
    0x00,0x00,0x40,0x00,0x0a,0x00,0xc0,0xff,0x00,0x00,0x00,0x00,
    0x00,0x00,0x00,0x00,0x00,0x00,0x00,0x00,0x00,0x00,0x00,0x00,
    0x02,0x22,0x08,0x06,0xfa,0x00,0x42,0x00,0x00,0x00,0x81,0x02,
    0x40,0x00,0x02,0x00,0x00,0x00,0x00,0x00,0x00,0x00,0x00,0x00,
    0x00,0x00,0x00,0x00,0x1c,0x00,0x00,0x00,0x41,0x0c,0x50,0x04,
    0x02,0x38,0x20,0x06,0xf8,0x00,0x41,0x01,0x00,0x00,0x40,0x00,
    0x0a,0x00,0xc0,0xff,0x00,0x00,0x00,0x00,0x00,0x00,0x00,0x00,
    0x00,0x00,0x00,0x00,0x04,0x00,0x00,0x00,0x02,0x22,0x08,0x06,
    0xfa,0x00,0x52,0x00,0x00,0x00,0x03,0x02,0x40,0x00,0x02,0x00,
    0x00,0x00,0x00,0x00,0x00,0x00,0x00,0x00,0x00,0x00,0x00,0x00,
    0x08,0x00,0x00,0x00,0x41,0x0c,0x40,0x04,0x02,0x38,0x20,0x06,
    0xf8,0x00,0x41,0x01,0x00,0x00,0x40,0x00,0x0a,0x00,0xc0,0xff,
    0x00,0x00,0x00,0x00,0x00,0x00,0x00,0x00,0x00,0x00,0x00,0x00,
    0x08,0x00,0x00,0x00,0x02,0x38,0x20,0x06,0xf8,0x00,0x41,0x01,
    0x00,0x00,0x40,0x00,0x0a,0x00,0xc0,0xff,0x00,0x00,0x00,0x00,
    0x00,0x00,0x00,0x00,0x00,0x00,0x00,0x00,0x0c,0x00,0x00,0x00,
    0x02,0x22,0x28,0x06,0xf8,0x00,0x41,0x01,0x00,0x00,0x01,0x01,
    0x40,0x00,0x0a,0x00,0x00,0x00,0x00,0x00,0x00,0x00,0x00,0x00,
    0x00,0x00,0x00,0x00,0x00,0x00,0x00,0x00,0x02,0x22,0x28,0x06,
    0xf8,0x00,0x41,0x01,0x00,0x00,0x41,0x01,0x40,0x00,0x0a,0x00,
    0x00,0x00,0x00,0x00,0x00,0x00,0x00,0x00,0x00,0x00,0x00,0x00,
    0x04,0x00,0x00,0x00,0x02,0x22,0x28,0x06,0xf8,0x00,0x41,0x01,
    0x00,0x00,0x81,0x01,0x40,0x00,0x0a,0x00,0x00,0x00,0x00,0x00,
    0x00,0x00,0x00,0x00,0x00,0x00,0x00,0x00,0x08,0x00,0x00,0x00,
    0x02,0x22,0x28,0x06,0xf8,0x00,0x41,0x01,0x00,0x00,0xc1,0x01,
    0x40,0x00,0x0a,0x00,0x00,0x00,0x00,0x00,0x00,0x00,0x00,0x00,
    0x00,0x00,0x00,0x00,0x0c,0x00,0x00,0x00,0x02,0x5a,0x14,0x26,
    0xf8,0x00,0x00,0x01,0x00,0x00,0x00,0x00,0x07,0x01,0x06,0x02,
    0x00,0x02,0x06,0x06,0x01,0x00,0xf8,0x80,0x05,0xc0,0x05,0xc0,
    0xff,0x00,0x00,0x00,0xd0,0x00,0xd0,0x00,0x02,0x38,0x20,0x06,
    0xf8,0x00,0x41,0x01,0x00,0x00,0x40,0x00,0x0a,0x00,0x00,0x01,
    0x00,0x00,0x00,0x00,0x00,0x00,0x00,0x00,0x00,0x00,0x00,0x00,
    0x00,0x00,0x00,0x00,0x02,0x38,0x20,0x06,0xf8,0x00,0x41,0x01,
    0x00,0x00,0x40,0x00,0x0a,0x00,0x40,0x01,0x00,0x00,0x00,0x00,
    0x00,0x00,0x00,0x00,0x00,0x00,0x00,0x00,0x04,0x00,0x00,0x00,
    0x02,0x38,0x20,0x06,0xf8,0x00,0x41,0x01,0x00,0x00,0x40,0x00,
    0x0a,0x00,0x80,0x01,0x00,0x00,0x00,0x00,0x00,0x00,0x00,0x00,
    0x00,0x00,0x00,0x00,0x08,0x00,0x00,0x00,0x02,0x38,0x20,0x06,
    0xf8,0x00,0x41,0x01,0x00,0x00,0x40,0x00,0x0a,0x00,0xc0,0x01,
    0x00,0x00,0x00,0x00,0x00,0x00,0x00,0x00,0x00,0x00,0x00,0x00,
    0x0c,0x00,0x00,0x00,0x02,0x22,0x28,0x06,0xf8,0x00,0x41,0x01,
    0x00,0x00,0x81,0x06,0x40,0x00,0x0a,0x00,0x00,0x00,0x00,0x00,
    0x00,0x00,0x00,0x00,0x00,0x00,0x00,0x00,0x00,0x00,0x00,0x00,
    0x02,0x22,0x28,0x06,0xf8,0x00,0x41,0x01,0x00,0x00,0x01,0x02,
    0x40,0x00,0x0a,0x00,0x00,0x00,0x00,0x00,0x00,0x00,0x00,0x00,
    0x00,0x00,0x00,0x00,0x04,0x00,0x00,0x00,0x02,0x22,0x28,0x06,
    0xf8,0x00,0x41,0x01,0x00,0x00,0x41,0x02,0x40,0x00,0x0a,0x00,
    0x00,0x00,0x00,0x00,0x00,0x00,0x00,0x00,0x00,0x00,0x00,0x00,
    0x08,0x00,0x00,0x00,0x02,0x22,0x28,0x06,0xf8,0x00,0x41,0x01,
    0x00,0x00,0x81,0x02,0x40,0x00,0x0a,0x00,0x00,0x00,0x00,0x00,
    0x00,0x00,0x00,0x00,0x00,0x00,0x00,0x00,0x0c,0x00,0x00,0x00,
    0x01,0x0b,0x0c,0x0a,0xf8,0x00,0x05,0x00,0x00,0x00,0x03,0x06,
    0xff,0x0f,0x00,0x00,0x41,0x0c,0x50,0x04,0x42,0x0c,0x42,0x06,
    0x41,0x0c,0x44,0x04,0x41,0x0c,0x54,0x04,0x51,0x01,0x01,0x09,
    0x02,0x0a,0xf8,0x00,0x01,0x00,0x00,0x00,0x00,0x00,0x00,0x00,
    0x00,0x00,0x42,0x0c,0x42,0x06,0x51,0x01,0x01,0x09,0x02,0x0a,
    0xf8,0x00,0x01,0x00,0x00,0x00,0x00,0x00,0x00,0x00,0x00,0x00,
    0x02,0x38,0x20,0x06,0xf8,0x00,0x41,0x01,0x00,0x00,0x40,0x00,
    0x0a,0x00,0xc0,0xff,0x00,0x00,0x00,0x00,0x00,0x00,0x00,0x00,
    0x00,0x00,0x00,0x00,0x00,0x00,0x00,0x00,0x02,0x22,0x08,0x06,
    0xfa,0x00,0x42,0x00,0x00,0x00,0x01,0x02,0x40,0x00,0x02,0x00,
    0x00,0x00,0x00,0x00,0x00,0x00,0x00,0x00,0x00,0x00,0x00,0x00,
    0x1c,0x00,0x00,0x00,0x02,0x38,0x20,0x06,0xf8,0x00,0x41,0x01,
    0x00,0x00,0x40,0x00,0x0a,0x00,0xc0,0xff,0x00,0x00,0x00,0x00,
    0x00,0x00,0x00,0x00,0x00,0x00,0x00,0x00,0x04,0x00,0x00,0x00,
    0x02,0x22,0x08,0x06,0xfa,0x00,0x52,0x00,0x00,0x00,0x83,0x02,
    0x40,0x00,0x02,0x00,0x00,0x00,0x00,0x00,0x00,0x00,0x00,0x00,
    0x00,0x00,0x00,0x00,0x08,0x00,0x00,0x00,0x02,0x38,0x20,0x06,
    0xf8,0x00,0x41,0x01,0x00,0x00,0x40,0x00,0x0a,0x00,0xc0,0xff,
    0x00,0x00,0x00,0x00,0x00,0x00,0x00,0x00,0x00,0x00,0x00,0x00,
    0x08,0x00,0x00,0x00,0x02,0x38,0x20,0x06,0xf8,0x00,0x41,0x01,
    0x00,0x00,0x40,0x00,0x0a,0x00,0xc0,0xff,0x00,0x00,0x00,0x00,
    0x00,0x00,0x00,0x00,0x00,0x00,0x00,0x00,0x0c,0x00,0x00,0x00,
    0x02,0x22,0x28,0x06,0xf8,0x00,0x41,0x01,0x00,0x00,0x01,0x01,
    0x40,0x00,0x0a,0x00,0x00,0x00,0x00,0x00,0x00,0x00,0x00,0x00,
    0x00,0x00,0x00,0x00,0x00,0x00,0x00,0x00,0x02,0x22,0x28,0x06,
    0xf8,0x00,0x41,0x01,0x00,0x00,0x41,0x01,0x40,0x00,0x0a,0x00,
    0x00,0x00,0x00,0x00,0x00,0x00,0x00,0x00,0x00,0x00,0x00,0x00,
    0x04,0x00,0x00,0x00,0x02,0x22,0x28,0x06,0xf8,0x00,0x41,0x01,
    0x00,0x00,0x81,0x01,0x40,0x00,0x0a,0x00,0x00,0x00,0x00,0x00,
    0x00,0x00,0x00,0x00,0x00,0x00,0x00,0x00,0x08,0x00,0x00,0x00,
    0x02,0x22,0x28,0x06,0xf8,0x00,0x41,0x01,0x00,0x00,0xc1,0x01,
    0x40,0x00,0x0a,0x00,0x00,0x00,0x00,0x00,0x00,0x00,0x00,0x00,
    0x00,0x00,0x00,0x00,0x0c,0x00,0x00,0x00,0x02,0x5a,0x14,0x26,
    0xf8,0x00,0x00,0x01,0x00,0x00,0x00,0x00,0x07,0x01,0x06,0x02,
    0x00,0x02,0x06,0x06,0x01,0x00,0xf8,0xc0,0x06,0x00,0x07,0xc0,
    0xff,0x00,0x00,0x00,0xd0,0x00,0xd0,0x00,0x02,0x38,0x20,0x06,
    0xf8,0x00,0x41,0x01,0x00,0x00,0x40,0x00,0x0a,0x00,0x00,0x01,
    0x00,0x00,0x00,0x00,0x00,0x00,0x00,0x00,0x00,0x00,0x00,0x00,
    0x00,0x00,0x00,0x00,0x02,0x38,0x20,0x06,0xf8,0x00,0x41,0x01,
    0x00,0x00,0x40,0x00,0x0a,0x00,0x40,0x01,0x00,0x00,0x00,0x00,
    0x00,0x00,0x00,0x00,0x00,0x00,0x00,0x00,0x04,0x00,0x00,0x00,
    0x02,0x38,0x20,0x06,0xf8,0x00,0x41,0x01,0x00,0x00,0x40,0x00,
    0x0a,0x00,0x80,0x01,0x00,0x00,0x00,0x00,0x00,0x00,0x00,0x00,
    0x00,0x00,0x00,0x00,0x08,0x00,0x00,0x00,0x02,0x38,0x20,0x06,
    0xf8,0x00,0x41,0x01,0x00,0x00,0x40,0x00,0x0a,0x00,0xc0,0x01,
    0x00,0x00,0x00,0x00,0x00,0x00,0x00,0x00,0x00,0x00,0x00,0x00,
    0x0c,0x00,0x00,0x00,0x02,0x22,0x28,0x06,0xf8,0x00,0x41,0x01,
    0x00,0x00,0x41,0x02,0x40,0x00,0x0a,0x00,0x00,0x00,0x00,0x00,
    0x00,0x00,0x00,0x00,0x00,0x00,0x00,0x00,0x00,0x00,0x00,0x00,
    0x02,0x22,0x28,0x06,0xf8,0x00,0x41,0x01,0x00,0x00,0x01,0x02,
    0x40,0x00,0x0a,0x00,0x00,0x00,0x00,0x00,0x00,0x00,0x00,0x00,
    0x00,0x00,0x00,0x00,0x04,0x00,0x00,0x00,0x02,0x22,0x28,0x06,
    0xf8,0x00,0x41,0x01,0x00,0x00,0x81,0x02,0x40,0x00,0x0a,0x00,
    0x00,0x00,0x00,0x00,0x00,0x00,0x00,0x00,0x00,0x00,0x00,0x00,
    0x08,0x00,0x00,0x00,0x02,0x22,0x28,0x06,0xf8,0x00,0x41,0x01,
    0x00,0x00,0xc1,0x02,0x40,0x00,0x0a,0x00,0x00,0x00,0x00,0x00,
    0x00,0x00,0x00,0x00,0x00,0x00,0x00,0x00,0x0c,0x00,0x00,0x00,
    0x01,0x0b,0x0c,0x0a,0xf8,0x00,0x05,0x00,0x00,0x00,0x03,0x06,
    0xff,0x0f,0x00,0x00,0x41,0x0c,0x44,0x04,0x41,0x0c,0x54,0x04,
    0x42,0x0c,0x42,0x06,0x51,0x01,0x01,0x09,0x02,0x0a,0xf8,0x00,
    0x01,0x00,0x00,0x00,0x00,0x00,0x00,0x00,0x00,0x00,0x42,0x0c,
    0x42,0x06,0x51,0x01,0x01,0x09,0x02,0x0a,0xf8,0x00,0x01,0x00,
    0x00,0x00,0x00,0x00,0x00,0x00,0x00,0x00,0x02,0x38,0x20,0x06,
    0xf8,0x00,0x41,0x01,0x00,0x00,0x40,0x00,0x0a,0x00,0xc0,0xff,
    0x00,0x00,0x00,0x00,0x00,0x00,0x00,0x00,0x00,0x00,0x00,0x00,
    0x00,0x00,0x00,0x00,0x02,0x22,0x08,0x06,0xfa,0x00,0x42,0x00,
    0x00,0x00,0x01,0x02,0x40,0x00,0x02,0x00,0x00,0x00,0x00,0x00,
    0x00,0x00,0x00,0x00,0x00,0x00,0x00,0x00,0x1c,0x00,0x00,0x00,
    0x02,0x38,0x20,0x06,0xf8,0x00,0x41,0x01,0x00,0x00,0x40,0x00,
    0x0a,0x00,0xc0,0xff,0x00,0x00,0x00,0x00,0x00,0x00,0x00,0x00,
    0x00,0x00,0x00,0x00,0x04,0x00,0x00,0x00,0x02,0x22,0x08,0x06,
    0xfa,0x00,0x52,0x00,0x00,0x00,0x83,0x02,0x40,0x00,0x02,0x00,
    0x00,0x00,0x00,0x00,0x00,0x00,0x00,0x00,0x00,0x00,0x00,0x00,
    0x08,0x00,0x00,0x00,0x02,0x38,0x20,0x06,0xf8,0x00,0x41,0x01,
    0x00,0x00,0x40,0x00,0x0a,0x00,0xc0,0xff,0x00,0x00,0x00,0x00,
    0x00,0x00,0x00,0x00,0x00,0x00,0x00,0x00,0x08,0x00,0x00,0x00,
    0x02,0x38,0x20,0x06,0xf8,0x00,0x41,0x01,0x00,0x00,0x40,0x00,
    0x0a,0x00,0xc0,0xff,0x00,0x00,0x00,0x00,0x00,0x00,0x00,0x00,
    0x00,0x00,0x00,0x00,0x0c,0x00,0x00,0x00,0x02,0x22,0x28,0x06,
    0xf8,0x00,0x41,0x01,0x00,0x00,0x01,0x01,0x40,0x00,0x0a,0x00,
    0x00,0x00,0x00,0x00,0x00,0x00,0x00,0x00,0x00,0x00,0x00,0x00,
    0x00,0x00,0x00,0x00,0x02,0x22,0x28,0x06,0xf8,0x00,0x41,0x01,
    0x00,0x00,0x41,0x01,0x40,0x00,0x0a,0x00,0x00,0x00,0x00,0x00,
    0x00,0x00,0x00,0x00,0x00,0x00,0x00,0x00,0x04,0x00,0x00,0x00,
    0x02,0x22,0x28,0x06,0xf8,0x00,0x41,0x01,0x00,0x00,0x81,0x01,
    0x40,0x00,0x0a,0x00,0x00,0x00,0x00,0x00,0x00,0x00,0x00,0x00,
    0x00,0x00,0x00,0x00,0x08,0x00,0x00,0x00,0x02,0x22,0x28,0x06,
    0xf8,0x00,0x41,0x01,0x00,0x00,0xc1,0x01,0x40,0x00,0x0a,0x00,
    0x00,0x00,0x00,0x00,0x00,0x00,0x00,0x00,0x00,0x00,0x00,0x00,
    0x0c,0x00,0x00,0x00,0x02,0x5a,0x14,0x26,0xf8,0x00,0x00,0x01,
    0x00,0x00,0x00,0x00,0x07,0x02,0x06,0x02,0x00,0x02,0x06,0x06,
    0x01,0x00,0xf8,0x40,0x04,0x00,0x07,0xc0,0xff,0x00,0x00,0x00,
    0xd0,0x00,0xd0,0x00,0x02,0x38,0x20,0x06,0xf8,0x00,0x41,0x01,
    0x00,0x00,0x40,0x00,0x0a,0x00,0x00,0x02,0x00,0x00,0x00,0x00,
    0x00,0x00,0x00,0x00,0x00,0x00,0x00,0x00,0x00,0x00,0x00,0x00,
    0x02,0x38,0x20,0x06,0xf8,0x00,0x41,0x01,0x00,0x00,0x40,0x00,
    0x0a,0x00,0x40,0x02,0x00,0x00,0x00,0x00,0x00,0x00,0x00,0x00,
    0x00,0x00,0x00,0x00,0x04,0x00,0x00,0x00,0x02,0x38,0x20,0x06,
    0xf8,0x00,0x41,0x01,0x00,0x00,0x40,0x00,0x0a,0x00,0x80,0x02,
    0x00,0x00,0x00,0x00,0x00,0x00,0x00,0x00,0x00,0x00,0x00,0x00,
    0x08,0x00,0x00,0x00,0x02,0x38,0x20,0x06,0xf8,0x00,0x41,0x01,
    0x00,0x00,0x40,0x00,0x0a,0x00,0xc0,0x02,0x00,0x00,0x00,0x00,
    0x00,0x00,0x00,0x00,0x00,0x00,0x00,0x00,0x0c,0x00,0x00,0x00,
    0x02,0x22,0x28,0x06,0xf8,0x00,0x41,0x01,0x00,0x00,0x41,0x01,
    0x40,0x00,0x0a,0x00,0x00,0x00,0x00,0x00,0x00,0x00,0x00,0x00,
    0x00,0x00,0x00,0x00,0x00,0x00,0x00,0x00,0x02,0x22,0x28,0x06,
    0xf8,0x00,0x41,0x01,0x00,0x00,0xc1,0x01,0x40,0x00,0x0a,0x00,
    0x00,0x00,0x00,0x00,0x00,0x00,0x00,0x00,0x00,0x00,0x00,0x00,
    0x04,0x00,0x00,0x00,0x02,0x22,0x28,0x06,0xf8,0x00,0x41,0x01,
    0x00,0x00,0x01,0x06,0x40,0x00,0x0a,0x00,0x00,0x00,0x00,0x00,
    0x00,0x00,0x00,0x00,0x00,0x00,0x00,0x00,0x08,0x00,0x00,0x00,
    0x02,0x22,0x28,0x06,0xf8,0x00,0x41,0x01,0x00,0x00,0x41,0x06,
    0x40,0x00,0x0a,0x00,0x00,0x00,0x00,0x00,0x00,0x00,0x00,0x00,
    0x00,0x00,0x00,0x00,0x0c,0x00,0x00,0x00,0x42,0x0c,0x42,0x06,
    0x01,0x0b,0x0c,0x0a,0xf8,0x00,0x05,0x00,0x00,0x00,0x03,0x04,
    0xff,0x0f,0x00,0x00,0x41,0x0c,0x44,0x04,0x41,0x0c,0x54,0x04,
    0x51,0x01,0x01,0x09,0x02,0x0a,0xf8,0x00,0x01,0x00,0x00,0x00,
    0x00,0x00,0x00,0x00,0x00,0x00,0x42,0x0c,0x42,0x06,0x51,0x01,
    0x01,0x09,0x02,0x0a,0xf8,0x00,0x01,0x00,0x00,0x00,0x00,0x00,
    0x00,0x00,0x00,0x00,0x02,0x38,0x20,0x06,0xf8,0x00,0x41,0x01,
    0x00,0x00,0x40,0x00,0x0a,0x00,0xc0,0xff,0x00,0x00,0x00,0x00,
    0x00,0x00,0x00,0x00,0x00,0x00,0x00,0x00,0x00,0x00,0x00,0x00,
    0x02,0x38,0x20,0x06,0xf8,0x00,0x41,0x01,0x00,0x00,0x40,0x00,
    0x0a,0x00,0xc0,0xff,0x00,0x00,0x00,0x00,0x00,0x00,0x00,0x00,
    0x00,0x00,0x00,0x00,0x04,0x00,0x00,0x00,0x02,0x22,0x08,0x06,
    0xfa,0x00,0x42,0x00,0x00,0x00,0x01,0x01,0x40,0x00,0x02,0x00,
    0x00,0x00,0x00,0x00,0x00,0x00,0x00,0x00,0x00,0x00,0x00,0x00,
    0x20,0x00,0x00,0x00,0x02,0x38,0x20,0x06,0xf8,0x00,0x41,0x01,
    0x00,0x00,0x40,0x00,0x0a,0x00,0xc0,0xff,0x00,0x00,0x00,0x00,
    0x00,0x00,0x00,0x00,0x00,0x00,0x00,0x00,0x08,0x00,0x00,0x00,
    0x02,0x38,0x20,0x06,0xf8,0x00,0x41,0x01,0x00,0x00,0x40,0x00,
    0x0a,0x00,0xc0,0xff,0x00,0x00,0x00,0x00,0x00,0x00,0x00,0x00,
    0x00,0x00,0x00,0x00,0x0c,0x00,0x00,0x00,0x02,0x22,0x28,0x06,
    0xf8,0x00,0x41,0x01,0x00,0x00,0x01,0x02,0x40,0x00,0x0a,0x00,
    0x00,0x00,0x00,0x00,0x00,0x00,0x00,0x00,0x00,0x00,0x00,0x00,
    0x00,0x00,0x00,0x00,0x02,0x22,0x28,0x06,0xf8,0x00,0x41,0x01,
    0x00,0x00,0x41,0x02,0x40,0x00,0x0a,0x00,0x00,0x00,0x00,0x00,
    0x00,0x00,0x00,0x00,0x00,0x00,0x00,0x00,0x04,0x00,0x00,0x00,
    0x02,0x22,0x28,0x06,0xf8,0x00,0x41,0x01,0x00,0x00,0x81,0x02,
    0x40,0x00,0x0a,0x00,0x00,0x00,0x00,0x00,0x00,0x00,0x00,0x00,
    0x00,0x00,0x00,0x00,0x08,0x00,0x00,0x00,0x02,0x22,0x28,0x06,
    0xf8,0x00,0x41,0x01,0x00,0x00,0xc1,0x02,0x40,0x00,0x0a,0x00,
    0x00,0x00,0x00,0x00,0x00,0x00,0x00,0x00,0x00,0x00,0x00,0x00,
    0x0c,0x00,0x00,0x00,0x02,0x5a,0x14,0x26,0xf8,0x00,0x00,0x01,
    0x00,0x00,0x00,0x00,0x07,0x02,0x06,0x01,0x00,0x02,0x04,0x06,
    0x02,0x00,0xf8,0x00,0x05,0x40,0x05,0xc0,0xff,0x00,0x00,0x00,
    0xd0,0x00,0x02,0x38,0x20,0x06,0xf8,0x00,0x41,0x01,0x00,0x00,
    0x40,0x00,0x0a,0x00,0x00,0x02,0x00,0x00,0x00,0x00,0x00,0x00,
    0x00,0x00,0x00,0x00,0x00,0x00,0x00,0x00,0x00,0x00,0x02,0x38,
    0x20,0x06,0xf8,0x00,0x41,0x01,0x00,0x00,0x40,0x00,0x0a,0x00,
    0x40,0x02,0x00,0x00,0x00,0x00,0x00,0x00,0x00,0x00,0x00,0x00,
    0x00,0x00,0x04,0x00,0x00,0x00,0x02,0x38,0x20,0x06,0xf8,0x00,
    0x41,0x01,0x00,0x00,0x40,0x00,0x0a,0x00,0x80,0x02,0x00,0x00,
    0x00,0x00,0x00,0x00,0x00,0x00,0x00,0x00,0x00,0x00,0x08,0x00,
    0x00,0x00,0x02,0x38,0x20,0x06,0xf8,0x00,0x41,0x01,0x00,0x00,
    0x40,0x00,0x0a,0x00,0xc0,0x02,0x00,0x00,0x00,0x00,0x00,0x00,
    0x00,0x00,0x00,0x00,0x00,0x00,0x0c,0x00,0x00,0x00,0x02,0x22,
    0x28,0x06,0xf8,0x00,0x41,0x01,0x00,0x00,0x41,0x04,0x40,0x00,
    0x0a,0x00,0x00,0x00,0x00,0x00,0x00,0x00,0x00,0x00,0x00,0x00,
    0x00,0x00,0x00,0x00,0x00,0x00,0x02,0x22,0x28,0x06,0xf8,0x00,
    0x41,0x01,0x00,0x00,0x81,0x01,0x40,0x00,0x0a,0x00,0x00,0x00,
    0x00,0x00,0x00,0x00,0x00,0x00,0x00,0x00,0x00,0x00,0x04,0x00,
    0x00,0x00,0x02,0x22,0x28,0x06,0xf8,0x00,0x41,0x01,0x00,0x00,
    0xc1,0x01,0x40,0x00,0x0a,0x00,0x00,0x00,0x00,0x00,0x00,0x00,
    0x00,0x00,0x00,0x00,0x00,0x00,0x08,0x00,0x00,0x00,0x02,0x22,
    0x28,0x06,0xf8,0x00,0x41,0x01,0x00,0x00,0x01,0x04,0x40,0x00,
    0x0a,0x00,0x00,0x00,0x00,0x00,0x00,0x00,0x00,0x00,0x00,0x00,
    0x00,0x00,0x0c,0x00,0x00,0x00,0x42,0x0c,0x42,0x06,0xd0,0x00,
    0x02,0x22,0x0e,0x06,0xf8,0x00,0x52,0x00,0x00,0x00,0x83,0x00,
    0x40,0x00,0x02,0x00,0x00,0x00,0x00,0x00,0x00,0x00,0x00,0x00,
    0x00,0x00,0x00,0x00,0x10,0x00,0x00,0x00,0x02,0x38,0x0e,0x32,
    0xf8,0x00,0x40,0x11,0x00,0x00,0x00,0x00,0x02,0x03,0x0a,0x00,
    0x00,0x82,0x01,0x40,0x04,0x00,0x00,0x00,0x00,0x00,0x00,0x00,
    0x00,0x00,0x00,0x00,0x50,0x06,0x00,0x00,0x00,0x00,0x00,0x00,
    0x00,0x00,0x00,0x00,0x00,0x00,0x00,0x00,0x1e,0x00,0x00,0x00,
    0x01,0x00,0x00,0xc0,0x35,0x02,0x00,0x00,0x30,0xfd,0xe6,0xf7,
    0xff,0xff,0xff,0xff,0xfc,0xff,0xff,0xff,0xff,0xed,0xb2,0xb8,
    0x86,0x06,0xc0,0x99,0xfe,0xff,0xff,0xff,0xff,0x9f,0xff,0xff,
    0xff,0xff,0xff,0xef,0x7b,0x00,0x03,0xc0,0xf2,0xff,0xff,0xff,
    0xff,0xff,0xfc,0xff,0xff,0xff,0xff,0x7f,0xdf,0x03,0xd8,0x00,
    0xb0,0xfe,0xff,0xff,0xff,0xff,0x9f,0xff,0xff,0xff,0xff,0xff,
    0xef,0x7b,0x00,0x03,0xb0,0xff,0x0a,0x00,0x01,0x0b,0x04,0x0a,
    0xf8,0x00,0x04,0x00,0x00,0x00,0x41,0x00,0x00,0x04,0x00,0x00,
    0x01,0x0b,0x04,0x0a,0xf8,0x00,0x04,0x00,0x00,0x00,0x81,0x03,
    0x04,0x02,0x00,0x00,0x02,0x22,0x08,0x06,0xfa,0x00,0x42,0x00,
    0x00,0x00,0x01,0x01,0x40,0x00,0x02,0x00,0x00,0x00,0x00,0x00,
    0x00,0x00,0x00,0x00,0x00,0x00,0x00,0x00,0x18,0x00,0x00,0x00,
    0x42,0x0c,0x42,0x06,0x02,0x22,0x08,0x06,0xfa,0x00,0x42,0x00,
    0x00,0x00,0x01,0x01,0x40,0x00,0x02,0x00,0x00,0x00,0x00,0x00,
    0x00,0x00,0x00,0x00,0x00,0x00,0x00,0x00,0x20,0x00,0x00,0x00,
    0x01,0x0b,0x04,0x0a,0xf8,0x00,0x04,0x00,0x00,0x00,0xc1,0x03,
    0x01,0x02,0x00,0x00,0x01,0x0b,0x0e,0x0a,0xfa,0x00,0x05,0x00,
    0x00,0x00,0x83,0x01,0x39,0x04,0x00,0x00,0x02,0x22,0x0e,0x06,
    0xf8,0x00,0x52,0x00,0x00,0x00,0x83,0x00,0x40,0x00,0x02,0x00,
    0x00,0x00,0x00,0x00,0x00,0x00,0x00,0x00,0x00,0x00,0x00,0x00,
    0x08,0x00,0x00,0x00,0x01,0x0b,0x0c,0x0a,0xf8,0x00,0x05,0x00,
    0x00,0x00,0x83,0x05,0xff,0x0f,0x00,0x00,0x02,0x22,0x08,0x06,
    0xfa,0x00,0x42,0x00,0x00,0x00,0x01,0x02,0x40,0x00,0x02,0x00,
    0x00,0x00,0x00,0x00,0x00,0x00,0x00,0x00,0x00,0x00,0x00,0x00,
    0x1c,0x00,0x00,0x00,0x02,0x0c,0x52,0x0e,0xf8,0x00,0x0a,0x00,
    0x00,0x00,0x83,0x00,0x01,0xf8,0x82,0x00,0x00,0x0b,0x00,0x00,
    0x00,0x00,0x00,0x00,0x40,0x00,0x00,0x00,0x00,0x00,0x00,0x00,
    0x51,0x01,0x01,0x09,0x02,0x0a,0xf8,0x00,0x01,0x00,0x00,0x00,
    0x00,0x00,0x00,0x00,0x00,0x00,0x42,0x0c,0x42,0x06,0x51,0x01,
    0x01,0x09,0x02,0x0a,0xf8,0x00,0x01,0x00,0x00,0x00,0x00,0x00,
    0x00,0x00,0x00,0x00,0x02,0x0c,0x52,0x0e,0xf8,0x00,0x0a,0x00,
    0x00,0x00,0x83,0x00,0x01,0xf8,0x82,0x00,0x00,0x0b,0x00,0x00,
    0x00,0x00,0x00,0x00,0x02,0x00,0x00,0x00,0x00,0x00,0x00,0x00,
    0x42,0x0c,0x42,0x06,0x02,0x22,0x08,0x06,0xfa,0x00,0x42,0x00,
    0x00,0x00,0x01,0x01,0x40,0x00,0x02,0x00,0x00,0x00,0x00,0x00,
    0x00,0x00,0x00,0x00,0x00,0x00,0x00,0x00,0x20,0x00,0x00,0x00,
    0x02,0x22,0x0e,0x06,0xf8,0x00,0x52,0x00,0x00,0x00,0x03,0x01,
    0x40,0x00,0x02,0x00,0x00,0x00,0x00,0x00,0x00,0x00,0x00,0x00,
    0x00,0x00,0x00,0x00,0x00,0x00,0x00,0x00,0x02,0x38,0x20,0x06,
    0xf8,0x00,0x41,0x01,0x00,0x00,0x40,0x00,0x0a,0x00,0xc0,0xff,
    0x00,0x00,0x00,0x00,0x00,0x00,0x00,0x00,0x00,0x00,0x00,0x00,
    0x00,0x00,0x00,0x00,0x02,0x22,0x08,0x06,0xfa,0x00,0x42,0x00,
    0x00,0x00,0x81,0x02,0x40,0x00,0x02,0x00,0x00,0x00,0x00,0x00,
    0x00,0x00,0x00,0x00,0x00,0x00,0x00,0x00,0x1c,0x00,0x00,0x00,
    0x02,0x38,0x20,0x06,0xf8,0x00,0x41,0x01,0x00,0x00,0x40,0x00,
    0x0a,0x00,0xc0,0xff,0x00,0x00,0x00,0x00,0x00,0x00,0x00,0x00,
    0x00,0x00,0x00,0x00,0x04,0x00,0x00,0x00,0x02,0x22,0x08,0x06,
    0xfa,0x00,0x52,0x00,0x00,0x00,0x03,0x02,0x40,0x00,0x02,0x00,
    0x00,0x00,0x00,0x00,0x00,0x00,0x00,0x00,0x00,0x00,0x00,0x00,
    0x08,0x00,0x00,0x00,0x41,0x0c,0x40,0x04,0x02,0x38,0x20,0x06,
    0xf8,0x00,0x41,0x01,0x00,0x00,0x40,0x00,0x0a,0x00,0xc0,0xff,
    0x00,0x00,0x00,0x00,0x00,0x00,0x00,0x00,0x00,0x00,0x00,0x00,
    0x08,0x00,0x00,0x00,0x02,0x38,0x20,0x06,0xf8,0x00,0x41,0x01,
    0x00,0x00,0x40,0x00,0x0a,0x00,0xc0,0xff,0x00,0x00,0x00,0x00,
    0x00,0x00,0x00,0x00,0x00,0x00,0x00,0x00,0x0c,0x00,0x00,0x00,
    0x02,0x22,0x28,0x06,0xf8,0x00,0x41,0x01,0x00,0x00,0x01,0x01,
    0x40,0x00,0x0a,0x00,0x00,0x00,0x00,0x00,0x00,0x00,0x00,0x00,
    0x00,0x00,0x00,0x00,0x00,0x00,0x00,0x00,0x02,0x22,0x28,0x06,
    0xf8,0x00,0x41,0x01,0x00,0x00,0x41,0x01,0x40,0x00,0x0a,0x00,
    0x00,0x00,0x00,0x00,0x00,0x00,0x00,0x00,0x00,0x00,0x00,0x00,
    0x04,0x00,0x00,0x00,0x02,0x22,0x28,0x06,0xf8,0x00,0x41,0x01,
    0x00,0x00,0x81,0x01,0x40,0x00,0x0a,0x00,0x00,0x00,0x00,0x00,
    0x00,0x00,0x00,0x00,0x00,0x00,0x00,0x00,0x08,0x00,0x00,0x00,
    0x02,0x22,0x28,0x06,0xf8,0x00,0x41,0x01,0x00,0x00,0xc1,0x01,
    0x40,0x00,0x0a,0x00,0x00,0x00,0x00,0x00,0x00,0x00,0x00,0x00,
    0x00,0x00,0x00,0x00,0x0c,0x00,0x00,0x00,0x02,0x5a,0x14,0x26,
    0xf8,0x00,0x00,0x01,0x00,0x00,0x00,0x00,0x07,0x01,0x06,0x02,
    0x00,0x82,0x05,0x06,0x01,0x00,0xf8,0x80,0x04,0xc0,0x04,0xc0,
    0xff,0x00,0x00,0x00,0xd0,0x00,0xd0,0x00,0x02,0x38,0x20,0x06,
    0xf8,0x00,0x41,0x01,0x00,0x00,0x40,0x00,0x0a,0x00,0x00,0x01,
    0x00,0x00,0x00,0x00,0x00,0x00,0x00,0x00,0x00,0x00,0x00,0x00,
    0x00,0x00,0x00,0x00,0x02,0x38,0x20,0x06,0xf8,0x00,0x41,0x01,
    0x00,0x00,0x40,0x00,0x0a,0x00,0x40,0x01,0x00,0x00,0x00,0x00,
    0x00,0x00,0x00,0x00,0x00,0x00,0x00,0x00,0x04,0x00,0x00,0x00,
    0x02,0x38,0x20,0x06,0xf8,0x00,0x41,0x01,0x00,0x00,0x40,0x00,
    0x0a,0x00,0x80,0x01,0x00,0x00,0x00,0x00,0x00,0x00,0x00,0x00,
    0x00,0x00,0x00,0x00,0x08,0x00,0x00,0x00,0x02,0x38,0x20,0x06,
    0xf8,0x00,0x41,0x01,0x00,0x00,0x40,0x00,0x0a,0x00,0xc0,0x01,
    0x00,0x00,0x00,0x00,0x00,0x00,0x00,0x00,0x00,0x00,0x00,0x00,
    0x0c,0x00,0x00,0x00,0x02,0x22,0x28,0x06,0xf8,0x00,0x41,0x01,
    0x00,0x00,0x41,0x05,0x40,0x00,0x0a,0x00,0x00,0x00,0x00,0x00,
    0x00,0x00,0x00,0x00,0x00,0x00,0x00,0x00,0x00,0x00,0x00,0x00,
    0x02,0x22,0x28,0x06,0xf8,0x00,0x41,0x01,0x00,0x00,0x01,0x02,
    0x40,0x00,0x0a,0x00,0x00,0x00,0x00,0x00,0x00,0x00,0x00,0x00,
    0x00,0x00,0x00,0x00,0x04,0x00,0x00,0x00,0x02,0x22,0x28,0x06,
    0xf8,0x00,0x41,0x01,0x00,0x00,0x41,0x02,0x40,0x00,0x0a,0x00,
    0x00,0x00,0x00,0x00,0x00,0x00,0x00,0x00,0x00,0x00,0x00,0x00,
    0x08,0x00,0x00,0x00,0x02,0x22,0x28,0x06,0xf8,0x00,0x41,0x01,
    0x00,0x00,0x81,0x02,0x40,0x00,0x0a,0x00,0x00,0x00,0x00,0x00,
    0x00,0x00,0x00,0x00,0x00,0x00,0x00,0x00,0x0c,0x00,0x00,0x00,
    0x01,0x0b,0x0c,0x0a,0xf8,0x00,0x05,0x00,0x00,0x00,0x83,0x05,
    0xff,0x0f,0x00,0x00,0x41,0x0c,0x50,0x04,0x42,0x0c,0x42,0x06,
    0x41,0x0c,0x44,0x04,0x41,0x0c,0x54,0x04,0x51,0x01,0x01,0x09,
    0x02,0x0a,0xf8,0x00,0x01,0x00,0x00,0x00,0x00,0x00,0x00,0x00,
    0x00,0x00,0x42,0x0c,0x42,0x06,0x51,0x01,0x01,0x09,0x02,0x0a,
    0xf8,0x00,0x01,0x00,0x00,0x00,0x00,0x00,0x00,0x00,0x00,0x00,
    0x02,0x38,0x20,0x06,0xf8,0x00,0x41,0x01,0x00,0x00,0x40,0x00,
    0x0a,0x00,0xc0,0xff,0x00,0x00,0x00,0x00,0x00,0x00,0x00,0x00,
    0x00,0x00,0x00,0x00,0x00,0x00,0x00,0x00,0x02,0x22,0x08,0x06,
    0xfa,0x00,0x42,0x00,0x00,0x00,0x01,0x02,0x40,0x00,0x02,0x00,
    0x00,0x00,0x00,0x00,0x00,0x00,0x00,0x00,0x00,0x00,0x00,0x00,
    0x1c,0x00,0x00,0x00,0x02,0x38,0x20,0x06,0xf8,0x00,0x41,0x01,
    0x00,0x00,0x40,0x00,0x0a,0x00,0xc0,0xff,0x00,0x00,0x00,0x00,
    0x00,0x00,0x00,0x00,0x00,0x00,0x00,0x00,0x04,0x00,0x00,0x00,
    0x02,0x22,0x08,0x06,0xfa,0x00,0x52,0x00,0x00,0x00,0x83,0x02,
    0x40,0x00,0x02,0x00,0x00,0x00,0x00,0x00,0x00,0x00,0x00,0x00,
    0x00,0x00,0x00,0x00,0x08,0x00,0x00,0x00,0x02,0x38,0x20,0x06,
    0xf8,0x00,0x41,0x01,0x00,0x00,0x40,0x00,0x0a,0x00,0xc0,0xff,
    0x00,0x00,0x00,0x00,0x00,0x00,0x00,0x00,0x00,0x00,0x00,0x00,
    0x08,0x00,0x00,0x00,0x02,0x38,0x20,0x06,0xf8,0x00,0x41,0x01,
    0x00,0x00,0x40,0x00,0x0a,0x00,0xc0,0xff,0x00,0x00,0x00,0x00,
    0x00,0x00,0x00,0x00,0x00,0x00,0x00,0x00,0x0c,0x00,0x00,0x00,
    0x02,0x22,0x28,0x06,0xf8,0x00,0x41,0x01,0x00,0x00,0x01,0x01,
    0x40,0x00,0x0a,0x00,0x00,0x00,0x00,0x00,0x00,0x00,0x00,0x00,
    0x00,0x00,0x00,0x00,0x00,0x00,0x00,0x00,0x02,0x22,0x28,0x06,
    0xf8,0x00,0x41,0x01,0x00,0x00,0x41,0x01,0x40,0x00,0x0a,0x00,
    0x00,0x00,0x00,0x00,0x00,0x00,0x00,0x00,0x00,0x00,0x00,0x00,
    0x04,0x00,0x00,0x00,0x02,0x22,0x28,0x06,0xf8,0x00,0x41,0x01,
    0x00,0x00,0x81,0x01,0x40,0x00,0x0a,0x00,0x00,0x00,0x00,0x00,
    0x00,0x00,0x00,0x00,0x00,0x00,0x00,0x00,0x08,0x00,0x00,0x00,
    0x02,0x22,0x28,0x06,0xf8,0x00,0x41,0x01,0x00,0x00,0xc1,0x01,
    0x40,0x00,0x0a,0x00,0x00,0x00,0x00,0x00,0x00,0x00,0x00,0x00,
    0x00,0x00,0x00,0x00,0x0c,0x00,0x00,0x00,0x02,0x5a,0x14,0x26,
    0xf8,0x00,0x00,0x01,0x00,0x00,0x00,0x00,0x07,0x01,0x06,0x02,
    0x00,0x82,0x05,0x06,0x01,0x00,0xf8,0x00,0x06,0x40,0x06,0xc0,
    0xff,0x00,0x00,0x00,0xd0,0x00,0xd0,0x00,0x02,0x38,0x20,0x06,
    0xf8,0x00,0x41,0x01,0x00,0x00,0x40,0x00,0x0a,0x00,0x00,0x01,
    0x00,0x00,0x00,0x00,0x00,0x00,0x00,0x00,0x00,0x00,0x00,0x00,
    0x00,0x00,0x00,0x00,0x02,0x38,0x20,0x06,0xf8,0x00,0x41,0x01,
    0x00,0x00,0x40,0x00,0x0a,0x00,0x40,0x01,0x00,0x00,0x00,0x00,
    0x00,0x00,0x00,0x00,0x00,0x00,0x00,0x00,0x04,0x00,0x00,0x00,
    0x02,0x38,0x20,0x06,0xf8,0x00,0x41,0x01,0x00,0x00,0x40,0x00,
    0x0a,0x00,0x80,0x01,0x00,0x00,0x00,0x00,0x00,0x00,0x00,0x00,
    0x00,0x00,0x00,0x00,0x08,0x00,0x00,0x00,0x02,0x38,0x20,0x06,
    0xf8,0x00,0x41,0x01,0x00,0x00,0x40,0x00,0x0a,0x00,0xc0,0x01,
    0x00,0x00,0x00,0x00,0x00,0x00,0x00,0x00,0x00,0x00,0x00,0x00,
    0x0c,0x00,0x00,0x00,0x02,0x22,0x28,0x06,0xf8,0x00,0x41,0x01,
    0x00,0x00,0x01,0x02,0x40,0x00,0x0a,0x00,0x00,0x00,0x00,0x00,
    0x00,0x00,0x00,0x00,0x00,0x00,0x00,0x00,0x00,0x00,0x00,0x00,
    0x02,0x22,0x28,0x06,0xf8,0x00,0x41,0x01,0x00,0x00,0x41,0x02,
    0x40,0x00,0x0a,0x00,0x00,0x00,0x00,0x00,0x00,0x00,0x00,0x00,
    0x00,0x00,0x00,0x00,0x04,0x00,0x00,0x00,0x02,0x22,0x28,0x06,
    0xf8,0x00,0x41,0x01,0x00,0x00,0x81,0x02,0x40,0x00,0x0a,0x00,
    0x00,0x00,0x00,0x00,0x00,0x00,0x00,0x00,0x00,0x00,0x00,0x00,
    0x08,0x00,0x00,0x00,0x02,0x22,0x28,0x06,0xf8,0x00,0x41,0x01,
    0x00,0x00,0xc1,0x02,0x40,0x00,0x0a,0x00,0x00,0x00,0x00,0x00,
    0x00,0x00,0x00,0x00,0x00,0x00,0x00,0x00,0x0c,0x00,0x00,0x00,
    0x01,0x0b,0x0c,0x0a,0xf8,0x00,0x05,0x00,0x00,0x00,0x83,0x05,
    0xff,0x0f,0x00,0x00,0x41,0x0c,0x44,0x04,0x41,0x0c,0x54,0x04,
    0x42,0x0c,0x42,0x06,0x51,0x01,0x01,0x09,0x02,0x0a,0xf8,0x00,
    0x01,0x00,0x00,0x00,0x00,0x00,0x00,0x00,0x00,0x00,0x42,0x0c,
    0x42,0x06,0x51,0x01,0x01,0x09,0x02,0x0a,0xf8,0x00,0x01,0x00,
    0x00,0x00,0x00,0x00,0x00,0x00,0x00,0x00,0x02,0x38,0x20,0x06,
    0xf8,0x00,0x41,0x01,0x00,0x00,0x40,0x00,0x0a,0x00,0xc0,0xff,
    0x00,0x00,0x00,0x00,0x00,0x00,0x00,0x00,0x00,0x00,0x00,0x00,
    0x00,0x00,0x00,0x00,0x02,0x22,0x08,0x06,0xfa,0x00,0x42,0x00,
    0x00,0x00,0x01,0x02,0x40,0x00,0x02,0x00,0x00,0x00,0x00,0x00,
    0x00,0x00,0x00,0x00,0x00,0x00,0x00,0x00,0x1c,0x00,0x00,0x00,
    0x02,0x38,0x20,0x06,0xf8,0x00,0x41,0x01,0x00,0x00,0x40,0x00,
    0x0a,0x00,0xc0,0xff,0x00,0x00,0x00,0x00,0x00,0x00,0x00,0x00,
    0x00,0x00,0x00,0x00,0x04,0x00,0x00,0x00,0x02,0x22,0x08,0x06,
    0xfa,0x00,0x52,0x00,0x00,0x00,0x83,0x02,0x40,0x00,0x02,0x00,
    0x00,0x00,0x00,0x00,0x00,0x00,0x00,0x00,0x00,0x00,0x00,0x00,
    0x08,0x00,0x00,0x00,0x02,0x38,0x20,0x06,0xf8,0x00,0x41,0x01,
    0x00,0x00,0x40,0x00,0x0a,0x00,0xc0,0xff,0x00,0x00,0x00,0x00,
    0x00,0x00,0x00,0x00,0x00,0x00,0x00,0x00,0x08,0x00,0x00,0x00,
    0x02,0x38,0x20,0x06,0xf8,0x00,0x41,0x01,0x00,0x00,0x40,0x00,
    0x0a,0x00,0xc0,0xff,0x00,0x00,0x00,0x00,0x00,0x00,0x00,0x00,
    0x00,0x00,0x00,0x00,0x0c,0x00,0x00,0x00,0x02,0x22,0x28,0x06,
    0xf8,0x00,0x41,0x01,0x00,0x00,0x01,0x01,0x40,0x00,0x0a,0x00,
    0x00,0x00,0x00,0x00,0x00,0x00,0x00,0x00,0x00,0x00,0x00,0x00,
    0x00,0x00,0x00,0x00,0x02,0x22,0x28,0x06,0xf8,0x00,0x41,0x01,
    0x00,0x00,0x41,0x01,0x40,0x00,0x0a,0x00,0x00,0x00,0x00,0x00,
    0x00,0x00,0x00,0x00,0x00,0x00,0x00,0x00,0x04,0x00,0x00,0x00,
    0x02,0x22,0x28,0x06,0xf8,0x00,0x41,0x01,0x00,0x00,0x81,0x01,
    0x40,0x00,0x0a,0x00,0x00,0x00,0x00,0x00,0x00,0x00,0x00,0x00,
    0x00,0x00,0x00,0x00,0x08,0x00,0x00,0x00,0x02,0x22,0x28,0x06,
    0xf8,0x00,0x41,0x01,0x00,0x00,0xc1,0x01,0x40,0x00,0x0a,0x00,
    0x00,0x00,0x00,0x00,0x00,0x00,0x00,0x00,0x00,0x00,0x00,0x00,
    0x0c,0x00,0x00,0x00,0x02,0x5a,0x14,0x26,0xf8,0x00,0x00,0x01,
    0x00,0x00,0x00,0x00,0x07,0x02,0x06,0x02,0x00,0x82,0x05,0x06,
    0x01,0x00,0xf8,0x00,0x05,0x40,0x06,0xc0,0xff,0x00,0x00,0x00,
    0xd0,0x00,0xd0,0x00,0x02,0x38,0x20,0x06,0xf8,0x00,0x41,0x01,
    0x00,0x00,0x40,0x00,0x0a,0x00,0x00,0x02,0x00,0x00,0x00,0x00,
    0x00,0x00,0x00,0x00,0x00,0x00,0x00,0x00,0x00,0x00,0x00,0x00,
    0x02,0x38,0x20,0x06,0xf8,0x00,0x41,0x01,0x00,0x00,0x40,0x00,
    0x0a,0x00,0x40,0x02,0x00,0x00,0x00,0x00,0x00,0x00,0x00,0x00,
    0x00,0x00,0x00,0x00,0x04,0x00,0x00,0x00,0x02,0x38,0x20,0x06,
    0xf8,0x00,0x41,0x01,0x00,0x00,0x40,0x00,0x0a,0x00,0x80,0x02,
    0x00,0x00,0x00,0x00,0x00,0x00,0x00,0x00,0x00,0x00,0x00,0x00,
    0x08,0x00,0x00,0x00,0x02,0x38,0x20,0x06,0xf8,0x00,0x41,0x01,
    0x00,0x00,0x40,0x00,0x0a,0x00,0xc0,0x02,0x00,0x00,0x00,0x00,
    0x00,0x00,0x00,0x00,0x00,0x00,0x00,0x00,0x0c,0x00,0x00,0x00,
    0x02,0x22,0x28,0x06,0xf8,0x00,0x41,0x01,0x00,0x00,0x01,0x05,
    0x40,0x00,0x0a,0x00,0x00,0x00,0x00,0x00,0x00,0x00,0x00,0x00,
    0x00,0x00,0x00,0x00,0x00,0x00,0x00,0x00,0x02,0x22,0x28,0x06,
    0xf8,0x00,0x41,0x01,0x00,0x00,0x41,0x01,0x40,0x00,0x0a,0x00,
    0x00,0x00,0x00,0x00,0x00,0x00,0x00,0x00,0x00,0x00,0x00,0x00,
    0x04,0x00,0x00,0x00,0x02,0x22,0x28,0x06,0xf8,0x00,0x41,0x01,
    0x00,0x00,0xc1,0x01,0x40,0x00,0x0a,0x00,0x00,0x00,0x00,0x00,
    0x00,0x00,0x00,0x00,0x00,0x00,0x00,0x00,0x08,0x00,0x00,0x00,
    0x02,0x22,0x28,0x06,0xf8,0x00,0x41,0x01,0x00,0x00,0x01,0x06,
    0x40,0x00,0x0a,0x00,0x00,0x00,0x00,0x00,0x00,0x00,0x00,0x00,
    0x00,0x00,0x00,0x00,0x0c,0x00,0x00,0x00,0x42,0x0c,0x42,0x06,
    0x01,0x0b,0x0c,0x0a,0xf8,0x00,0x05,0x00,0x00,0x00,0x83,0x05,
    0xff,0x0f,0x00,0x00,0x41,0x0c,0x44,0x04,0x41,0x0c,0x54,0x04,
    0x51,0x01,0x01,0x09,0x02,0x0a,0xf8,0x00,0x01,0x00,0x00,0x00,
    0x00,0x00,0x00,0x00,0x00,0x00,0x42,0x0c,0x42,0x06,0x51,0x01,
    0x01,0x09,0x02,0x0a,0xf8,0x00,0x01,0x00,0x00,0x00,0x00,0x00,
    0x00,0x00,0x00,0x00,0x02,0x38,0x20,0x06,0xf8,0x00,0x41,0x01,
    0x00,0x00,0x40,0x00,0x0a,0x00,0xc0,0xff,0x00,0x00,0x00,0x00,
    0x00,0x00,0x00,0x00,0x00,0x00,0x00,0x00,0x00,0x00,0x00,0x00,
    0x02,0x38,0x20,0x06,0xf8,0x00,0x41,0x01,0x00,0x00,0x40,0x00,
    0x0a,0x00,0xc0,0xff,0x00,0x00,0x00,0x00,0x00,0x00,0x00,0x00,
    0x00,0x00,0x00,0x00,0x04,0x00,0x00,0x00,0x02,0x22,0x08,0x06,
    0xfa,0x00,0x42,0x00,0x00,0x00,0x01,0x01,0x40,0x00,0x02,0x00,
    0x00,0x00,0x00,0x00,0x00,0x00,0x00,0x00,0x00,0x00,0x00,0x00,
    0x20,0x00,0x00,0x00,0x02,0x38,0x20,0x06,0xf8,0x00,0x41,0x01,
    0x00,0x00,0x40,0x00,0x0a,0x00,0xc0,0xff,0x00,0x00,0x00,0x00,
    0x00,0x00,0x00,0x00,0x00,0x00,0x00,0x00,0x08,0x00,0x00,0x00,
    0x02,0x38,0x20,0x06,0xf8,0x00,0x41,0x01,0x00,0x00,0x40,0x00,
    0x0a,0x00,0xc0,0xff,0x00,0x00,0x00,0x00,0x00,0x00,0x00,0x00,
    0x00,0x00,0x00,0x00,0x0c,0x00,0x00,0x00,0x02,0x22,0x28,0x06,
    0xf8,0x00,0x41,0x01,0x00,0x00,0x01,0x02,0x40,0x00,0x0a,0x00,
    0x00,0x00,0x00,0x00,0x00,0x00,0x00,0x00,0x00,0x00,0x00,0x00,
    0x00,0x00,0x00,0x00,0x02,0x22,0x28,0x06,0xf8,0x00,0x41,0x01,
    0x00,0x00,0x41,0x02,0x40,0x00,0x0a,0x00,0x00,0x00,0x00,0x00,
    0x00,0x00,0x00,0x00,0x00,0x00,0x00,0x00,0x04,0x00,0x00,0x00,
    0x02,0x22,0x28,0x06,0xf8,0x00,0x41,0x01,0x00,0x00,0x81,0x02,
    0x40,0x00,0x0a,0x00,0x00,0x00,0x00,0x00,0x00,0x00,0x00,0x00,
    0x00,0x00,0x00,0x00,0x08,0x00,0x00,0x00,0x02,0x22,0x28,0x06,
    0xf8,0x00,0x41,0x01,0x00,0x00,0xc1,0x02,0x40,0x00,0x0a,0x00,
    0x00,0x00,0x00,0x00,0x00,0x00,0x00,0x00,0x00,0x00,0x00,0x00,
    0x0c,0x00,0x00,0x00,0x02,0x5a,0x14,0x26,0xf8,0x00,0x00,0x01,
    0x00,0x00,0x00,0x00,0x07,0x02,0x06,0x01,0x00,0x82,0x05,0x06,
    0x02,0x00,0xf8,0x00,0x03,0x40,0x03,0xc0,0xff,0x00,0x00,0x00,
    0xd0,0x00,0x02,0x38,0x20,0x06,0xf8,0x00,0x41,0x01,0x00,0x00,
    0x40,0x00,0x0a,0x00,0x00,0x02,0x00,0x00,0x00,0x00,0x00,0x00,
    0x00,0x00,0x00,0x00,0x00,0x00,0x00,0x00,0x00,0x00,0x02,0x38,
    0x20,0x06,0xf8,0x00,0x41,0x01,0x00,0x00,0x40,0x00,0x0a,0x00,
    0x40,0x02,0x00,0x00,0x00,0x00,0x00,0x00,0x00,0x00,0x00,0x00,
    0x00,0x00,0x04,0x00,0x00,0x00,0x02,0x38,0x20,0x06,0xf8,0x00,
    0x41,0x01,0x00,0x00,0x40,0x00,0x0a,0x00,0x80,0x02,0x00,0x00,
    0x00,0x00,0x00,0x00,0x00,0x00,0x00,0x00,0x00,0x00,0x08,0x00,
    0x00,0x00,0x02,0x38,0x20,0x06,0xf8,0x00,0x41,0x01,0x00,0x00,
    0x40,0x00,0x0a,0x00,0xc0,0x02,0x00,0x00,0x00,0x00,0x00,0x00,
    0x00,0x00,0x00,0x00,0x00,0x00,0x0c,0x00,0x00,0x00,0x02,0x22,
    0x28,0x06,0xf8,0x00,0x41,0x01,0x00,0x00,0x01,0x05,0x40,0x00,
    0x0a,0x00,0x00,0x00,0x00,0x00,0x00,0x00,0x00,0x00,0x00,0x00,
    0x00,0x00,0x00,0x00,0x00,0x00,0x02,0x22,0x28,0x06,0xf8,0x00,
    0x41,0x01,0x00,0x00,0x81,0x01,0x40,0x00,0x0a,0x00,0x00,0x00,
    0x00,0x00,0x00,0x00,0x00,0x00,0x00,0x00,0x00,0x00,0x04,0x00,
    0x00,0x00,0x02,0x22,0x28,0x06,0xf8,0x00,0x41,0x01,0x00,0x00,
    0xc1,0x01,0x40,0x00,0x0a,0x00,0x00,0x00,0x00,0x00,0x00,0x00,
    0x00,0x00,0x00,0x00,0x00,0x00,0x08,0x00,0x00,0x00,0x02,0x22,
    0x28,0x06,0xf8,0x00,0x41,0x01,0x00,0x00,0x01,0x03,0x40,0x00,
    0x0a,0x00,0x00,0x00,0x00,0x00,0x00,0x00,0x00,0x00,0x00,0x00,
    0x00,0x00,0x0c,0x00,0x00,0x00,0x42,0x0c,0x42,0x06,0xd0,0x00,
    0x02,0x22,0x0e,0x06,0xf8,0x00,0x52,0x00,0x00,0x00,0x83,0x00,
    0x40,0x00,0x02,0x00,0x00,0x00,0x00,0x00,0x00,0x00,0x00,0x00,
    0x00,0x00,0x00,0x00,0x10,0x00,0x00,0x00,0x02,0x38,0x0e,0x32,
    0xf8,0x00,0x40,0x11,0x00,0x00,0x00,0x00,0x82,0x03,0x0a,0x00,
    0x00,0x82,0x01,0x00,0x05,0x00,0x00,0x00,0x00,0x00,0x00,0x00,
    0x00,0x00,0x00,0x00,0x50,0x06,0xff,0xff,0xff,0xff,0x24,0x00,
    0x00,0x00,0x00,0x00,0x00,0x00,0xff,0xff,0xff,0xff,0xff,0xff,
    0xff,0xff,0x03,0x00,0x01,0x7c,0xff,0xff,0xff,0xff,0x0f,0x0c,
    0x81,0x80,0x80,0x28,0x00,0x08,0xff,0x81,0x80,0x28,0x08,0x81,
    0x80,0x80,0x28,0x00,0x00,0x00,0xff,0xff,0xff,0xff,0x34,0x00,
    0x00,0x00,0x00,0x00,0x00,0x00,0x00,0x00,0x00,0x00,0x00,0x00,
    0x00,0x00,0x00,0x00,0x00,0x00,0x00,0x00,0x00,0x00,0xd0,0x37,
    0x00,0x00,0x00,0x00,0x00,0x00,0x04,0x10,0x00,0x00,0x00,0x04,
    0x50,0x00,0x00,0x00,0x0c,0x81,0x80,0x80,0x28,0x00,0x04,0x60,
    0x37,0x00,0x00,0x00,0x00,0x00,0x00,0x00,0x00,0x00,0xff,0xff,
    0xff,0xff,0x24,0x00,0x00,0x00,0x00,0x00,0x00,0x00,0xff,0xff,
    0xff,0xff,0xff,0xff,0xff,0xff,0x03,0x00,0x01,0x7c,0xff,0xff,
    0xff,0xff,0x0f,0x0c,0x81,0x80,0x80,0x28,0x00,0x08,0xff,0x81,
    0x80,0x28,0x08,0x81,0x80,0x80,0x28,0x00,0x00,0x00,0xff,0xff,
    0xff,0xff,0x34,0x00,0x00,0x00,0x00,0x00,0x00,0x00,0x70,0x00,
    0x00,0x00,0x00,0x00,0x00,0x00,0x00,0x00,0x00,0x00,0x00,0x00,
    0x00,0x00,0x30,0x08,0x00,0x00,0x00,0x00,0x00,0x00,0x04,0x10,
    0x00,0x00,0x00,0x04,0x50,0x00,0x00,0x00,0x0c,0x81,0x80,0x80,
    0x28,0x08,0x04,0xc0,0x07,0x00,0x00,0x00,0x00,0x00,0x00,0x00,
    0x00,0x00,0xff,0xff,0xff,0xff,0x24,0x00,0x00,0x00,0x00,0x00,
    0x00,0x00,0xff,0xff,0xff,0xff,0xff,0xff,0xff,0xff,0x03,0x00,
    0x01,0x7c,0xff,0xff,0xff,0xff,0x0f,0x0c,0x81,0x80,0x80,0x28,
    0x00,0x08,0xff,0x81,0x80,0x28,0x08,0x81,0x80,0x80,0x28,0x00,
    0x00,0x00,0xff,0xff,0xff,0xff,0x34,0x00,0x00,0x00,0x00,0x00,
    0x00,0x00,0xe0,0x00,0x00,0x00,0x00,0x00,0x00,0x00,0x00,0x00,
    0x00,0x00,0x00,0x00,0x00,0x00,0x60,0x55,0x00,0x00,0x00,0x00,
    0x00,0x00,0x04,0x10,0x00,0x00,0x00,0x04,0x50,0x00,0x00,0x00,
    0x0c,0x81,0x80,0x80,0x28,0x00,0x04,0xf0,0x54,0x00,0x00,0x00,
    0x00,0x00,0x00,0x00,0x00,0x00,0xff,0xff,0xff,0xff,0x24,0x00,
    0x00,0x00,0x00,0x00,0x00,0x00,0xff,0xff,0xff,0xff,0xff,0xff,
    0xff,0xff,0x03,0x00,0x01,0x7c,0xff,0xff,0xff,0xff,0x0f,0x0c,
    0x81,0x80,0x80,0x28,0x00,0x08,0xff,0x81,0x80,0x28,0x08,0x81,
    0x80,0x80,0x28,0x00,0x00,0x00,0xff,0xff,0xff,0xff,0x34,0x00,
    0x00,0x00,0x00,0x00,0x00,0x00,0x50,0x01,0x00,0x00,0x00,0x00,
    0x00,0x00,0x00,0x00,0x00,0x00,0x00,0x00,0x00,0x00,0xa0,0x01,
    0x00,0x00,0x00,0x00,0x00,0x00,0x04,0x10,0x00,0x00,0x00,0x04,
    0x80,0x00,0x00,0x00,0x0c,0x81,0x80,0x80,0x28,0x00,0x04,0x00,
    0x01,0x00,0x00,0x00,0x00,0x00,0x00,0x00,0x00,0x00,0xff,0xff,
    0xff,0xff,0x24,0x00,0x00,0x00,0x00,0x00,0x00,0x00,0xff,0xff,
    0xff,0xff,0xff,0xff,0xff,0xff,0x03,0x00,0x01,0x7c,0xff,0xff,
    0xff,0xff,0x0f,0x0c,0x81,0x80,0x80,0x28,0x00,0x08,0xff,0x81,
    0x80,0x28,0x08,0x81,0x80,0x80,0x28,0x00,0x00,0x00,0xff,0xff,
    0xff,0xff,0x34,0x00,0x00,0x00,0x00,0x00,0x00,0x00,0xc0,0x01,
    0x00,0x00,0x00,0x00,0x00,0x00,0x00,0x00,0x00,0x00,0x00,0x00,
    0x00,0x00,0x30,0x04,0x00,0x00,0x00,0x00,0x00,0x00,0x04,0x10,
    0x00,0x00,0x00,0x04,0x50,0x00,0x00,0x00,0x0c,0x81,0x80,0x80,
    0x28,0x00,0x04,0xc0,0x03,0x00,0x00,0x00,0x00,0x00,0x00,0x00,
    0x00,0x00,0xff,0xff,0xff,0xff,0x24,0x00,0x00,0x00,0x00,0x00,
    0x00,0x00,0xff,0xff,0xff,0xff,0xff,0xff,0xff,0xff,0x03,0x00,
    0x01,0x7c,0xff,0xff,0xff,0xff,0x0f,0x0c,0x81,0x80,0x80,0x28,
    0x00,0x08,0xff,0x81,0x80,0x28,0x08,0x81,0x80,0x80,0x28,0x00,
    0x00,0x00,0xff,0xff,0xff,0xff,0x34,0x00,0x00,0x00,0x00,0x00,
    0x00,0x00,0x30,0x02,0x00,0x00,0x00,0x00,0x00,0x00,0x00,0x00,
    0x00,0x00,0x00,0x00,0x00,0x00,0xc0,0x79,0x00,0x00,0x00,0x00,
    0x00,0x00,0x04,0x10,0x00,0x00,0x00,0x04,0x50,0x00,0x00,0x00,
    0x0c,0x81,0x80,0x80,0x28,0x20,0x04,0x50,0x79,0x00,0x00,0x00,
    0x00,0x00,0x00,0x00,0x00,0x00,0xff,0xff,0xff,0xff,0x24,0x00,
    0x00,0x00,0x00,0x00,0x00,0x00,0xff,0xff,0xff,0xff,0xff,0xff,
    0xff,0xff,0x03,0x00,0x01,0x7c,0xff,0xff,0xff,0xff,0x0f,0x0c,
    0x81,0x80,0x80,0x28,0x00,0x08,0xff,0x81,0x80,0x28,0x08,0x81,
    0x80,0x80,0x28,0x00,0x00,0x00,0xff,0xff,0xff,0xff,0x34,0x00,
    0x00,0x00,0x00,0x00,0x00,0x00,0xa0,0x02,0x00,0x00,0x00,0x00,
    0x00,0x00,0x00,0x00,0x00,0x00,0x00,0x00,0x00,0x00,0x40,0x70,
    0x00,0x00,0x00,0x00,0x00,0x00,0x04,0x10,0x00,0x00,0x00,0x04,
    0x50,0x00,0x00,0x00,0x0c,0x81,0x80,0x80,0x28,0x30,0x04,0xd0,
    0x6f,0x00,0x00,0x00,0x00,0x00,0x00,0x00,0x00,0x00,0xff,0xff,
    0xff,0xff,0x24,0x00,0x00,0x00,0x00,0x00,0x00,0x00,0xff,0xff,
    0xff,0xff,0xff,0xff,0xff,0xff,0x03,0x00,0x01,0x7c,0xff,0xff,
    0xff,0xff,0x0f,0x0c,0x81,0x80,0x80,0x28,0x00,0x08,0xff,0x81,
    0x80,0x28,0x08,0x81,0x80,0x80,0x28,0x00,0x00,0x00,0xff,0xff,
    0xff,0xff,0x34,0x00,0x00,0x00,0x00,0x00,0x00,0x00,0x10,0x03,
    0x00,0x00,0x00,0x00,0x00,0x00,0x00,0x00,0x00,0x00,0x00,0x00,
    0x00,0x00,0xd0,0x3a,0x00,0x00,0x00,0x00,0x00,0x00,0x04,0x10,
    0x00,0x00,0x00,0x04,0x60,0x00,0x00,0x00,0x0c,0x81,0x80,0x80,
    0x28,0x10,0x04,0x50,0x3a,0x00,0x00,0x00,0x00,0x00,0x00,0x00,
    0x00,0x00,0xff,0xff,0xff,0xff,0x24,0x00,0x00,0x00,0x00,0x00,
    0x00,0x00,0xff,0xff,0xff,0xff,0xff,0xff,0xff,0xff,0x03,0x00,
    0x01,0x7c,0xff,0xff,0xff,0xff,0x0f,0x0c,0x81,0x80,0x80,0x28,
    0x00,0x08,0xff,0x81,0x80,0x28,0x08,0x81,0x80,0x80,0x28,0x00,
    0x00,0x00,0xff,0xff,0xff,0xff,0x34,0x00,0x00,0x00,0x00,0x00,
    0x00,0x00,0x80,0x03,0x00,0x00,0x00,0x00,0x00,0x00,0x00,0x00,
    0x00,0x00,0x00,0x00,0x00,0x00,0x50,0x3a,0x00,0x00,0x00,0x00,
    0x00,0x00,0x04,0x10,0x00,0x00,0x00,0x04,0x50,0x00,0x00,0x00,
    0x0c,0x81,0x80,0x80,0x28,0x10,0x04,0xe0,0x39,0x00,0x00,0x00,
    0x00,0x00,0x00,0x00,0x00,0x00,0x00,0x00,0x04,0x2f,0x08,0x00,
    0x1c,0x00,0x00,0x00,0x1c,0x00,0x00,0x00,0x04,0x11,0x08,0x00,
    0x1c,0x00,0x00,0x00,0x10,0x00,0x00,0x00,0x04,0x2f,0x08,0x00,
    0x1b,0x00,0x00,0x00,0x1f,0x00,0x00,0x00,0x04,0x11,0x08,0x00,
    0x1b,0x00,0x00,0x00,0x10,0x00,0x00,0x00,0x04,0x2f,0x08,0x00,
    0x1a,0x00,0x00,0x00,0x25,0x00,0x00,0x00,0x04,0x11,0x08,0x00,
    0x1a,0x00,0x00,0x00,0x30,0x00,0x00,0x00,0x04,0x2f,0x08,0x00,
    0x19,0x00,0x00,0x00,0x28,0x00,0x00,0x00,0x04,0x11,0x08,0x00,
    0x19,0x00,0x00,0x00,0x20,0x00,0x00,0x00,0x04,0x2f,0x08,0x00,
    0x18,0x00,0x00,0x00,0x0e,0x00,0x00,0x00,0x04,0x11,0x08,0x00,
    0x18,0x00,0x00,0x00,0x00,0x00,0x00,0x00,0x04,0x2f,0x08,0x00,
    0x17,0x00,0x00,0x00,0x0e,0x00,0x00,0x00,0x04,0x11,0x08,0x00,
    0x17,0x00,0x00,0x00,0x00,0x00,0x00,0x00,0x04,0x2f,0x08,0x00,
    0x16,0x00,0x00,0x00,0x27,0x00,0x00,0x00,0x04,0x11,0x08,0x00,
    0x16,0x00,0x00,0x00,0x00,0x00,0x00,0x00,0x04,0x2f,0x08,0x00,
    0x15,0x00,0x00,0x00,0x13,0x00,0x00,0x00,0x04,0x11,0x08,0x00,
    0x15,0x00,0x00,0x00,0x08,0x00,0x00,0x00,0x04,0x2f,0x08,0x00,
    0x14,0x00,0x00,0x00,0x28,0x00,0x00,0x00,0x04,0x11,0x08,0x00,
    0x14,0x00,0x00,0x00,0x00,0x00,0x00,0x00,0x04,0x12,0x08,0x00,
    0x14,0x00,0x00,0x00,0x00,0x00,0x00,0x00,0x04,0x12,0x08,0x00,
    0x15,0x00,0x00,0x00,0x08,0x00,0x00,0x00,0x04,0x12,0x08,0x00,
    0x16,0x00,0x00,0x00,0x00,0x00,0x00,0x00,0x04,0x12,0x08,0x00,
    0x17,0x00,0x00,0x00,0x00,0x00,0x00,0x00,0x04,0x12,0x08,0x00,
    0x18,0x00,0x00,0x00,0x00,0x00,0x00,0x00,0x04,0x12,0x08,0x00,
    0x19,0x00,0x00,0x00,0x20,0x00,0x00,0x00,0x04,0x12,0x08,0x00,
    0x1a,0x00,0x00,0x00,0x30,0x00,0x00,0x00,0x04,0x12,0x08,0x00,
    0x1b,0x00,0x00,0x00,0x10,0x00,0x00,0x00,0x04,0x12,0x08,0x00,
    0x1c,0x00,0x00,0x00,0x10,0x00,0x00,0x00,0x04,0x66,0x04,0x00,
    0x03,0x00,0x00,0x00,0x04,0x37,0x04,0x00,0x85,0x00,0x00,0x00,
    0x04,0x5a,0x20,0x00,0x8a,0x9d,0x22,0xa4,0xb1,0x9d,0x14,0x6d,
    0x00,0xb4,0x2a,0xf3,0xf7,0x58,0x03,0xa5,0x27,0x2c,0x21,0x30,
    0xc9,0x1e,0xc7,0x8f,0x0f,0x0c,0x49,0x6c,0x0a,0x2f,0x00,0x00,
    0x04,0x17,0x0c,0x00,0x00,0x00,0x00,0x00,0x05,0x00,0x20,0x00,
    0x00,0xf0,0x11,0x00,0x04,0x17,0x0c,0x00,0x00,0x00,0x00,0x00,
    0x04,0x00,0x1c,0x00,0x00,0xf0,0x11,0x00,0x04,0x17,0x0c,0x00,
    0x00,0x00,0x00,0x00,0x03,0x00,0x18,0x00,0x00,0xf0,0x11,0x00,
    0x04,0x17,0x0c,0x00,0x00,0x00,0x00,0x00,0x02,0x00,0x10,0x00,
    0x00,0xf5,0x21,0x00,0x04,0x17,0x0c,0x00,0x00,0x00,0x00,0x00,
    0x01,0x00,0x08,0x00,0x00,0xf5,0x21,0x00,0x04,0x17,0x0c,0x00,
    0x00,0x00,0x00,0x00,0x00,0x00,0x00,0x00,0x00,0xf5,0x21,0x00,
    0x03,0x50,0x00,0x00,0x03,0x1b,0xff,0x00,0x02,0x4c,0x01,0x00,
    0x03,0x5f,0x01,0x01,0x02,0x4a,0x00,0x00,0x04,0x1c,0x0c,0x00,
    0x50,0x00,0x00,0x00,0x50,0x37,0x00,0x00,0xc0,0x37,0x00,0x00,
    0x04,0x1e,0x04,0x00,0x00,0x00,0x00,0x00,0x04,0x66,0x04,0x00,
    0x03,0x00,0x00,0x00,0x04,0x37,0x04,0x00,0x85,0x00,0x00,0x00,
    0x04,0x5a,0x20,0x00,0x8a,0x9d,0x22,0xa4,0xb1,0x9d,0x14,0x6d,
    0x00,0xb4,0x2a,0xf3,0xf7,0x58,0x03,0xa5,0x27,0x2c,0x21,0x30,
    0xc9,0x1e,0xc7,0x8f,0x0f,0x0c,0x49,0x6c,0x0a,0x2f,0x00,0x00,
    0x04,0x17,0x0c,0x00,0x00,0x00,0x00,0x00,0x01,0x00,0x08,0x00,
    0x00,0xf0,0x11,0x00,0x04,0x17,0x0c,0x00,0x00,0x00,0x00,0x00,
    0x00,0x00,0x00,0x00,0x00,0xf5,0x21,0x00,0x03,0x50,0x00,0x00,
    0x03,0x1b,0xff,0x00,0x03,0x5f,0x01,0x01,0x02,0x4a,0x00,0x00,
    0x04,0x1c,0x0c,0x00,0x70,0x00,0x00,0x00,0xa0,0x07,0x00,0x00,
    0x20,0x08,0x00,0x00,0x04,0x66,0x04,0x00,0x03,0x00,0x00,0x00,
    0x04,0x37,0x04,0x00,0x85,0x00,0x00,0x00,0x04,0x5a,0x20,0x00,
    0x8a,0x9d,0x22,0xa4,0xb1,0x9d,0x14,0x6d,0x00,0xb4,0x2a,0xf3,
    0xf7,0x58,0x03,0xa5,0x27,0x2c,0x21,0x30,0xc9,0x1e,0xc7,0x8f,
    0x0f,0x0c,0x49,0x6c,0x0a,0x2f,0x00,0x00,0x04,0x17,0x0c,0x00,
    0x00,0x00,0x00,0x00,0x05,0x00,0x20,0x00,0x00,0xf0,0x11,0x00,
    0x04,0x17,0x0c,0x00,0x00,0x00,0x00,0x00,0x04,0x00,0x1c,0x00,
    0x00,0xf0,0x11,0x00,0x04,0x17,0x0c,0x00,0x00,0x00,0x00,0x00,
    0x03,0x00,0x18,0x00,0x00,0xf0,0x11,0x00,0x04,0x17,0x0c,0x00,
    0x00,0x00,0x00,0x00,0x02,0x00,0x10,0x00,0x00,0xf5,0x21,0x00,
    0x04,0x17,0x0c,0x00,0x00,0x00,0x00,0x00,0x01,0x00,0x08,0x00,
    0x00,0xf5,0x21,0x00,0x04,0x17,0x0c,0x00,0x00,0x00,0x00,0x00,
    0x00,0x00,0x00,0x00,0x00,0xf5,0x21,0x00,0x03,0x50,0x00,0x00,
    0x03,0x1b,0xff,0x00,0x03,0x5f,0x01,0x01,0x04,0x29,0x14,0x00,
    0xff,0xff,0xff,0xff,0xff,0xff,0xff,0xff,0xff,0xff,0xff,0xff,
    0xff,0xff,0xff,0xff,0xff,0xff,0xff,0xff,0x04,0x28,0x14,0x00,
    0xe0,0x53,0x00,0x00,0x20,0x54,0x00,0x00,0x50,0x54,0x00,0x00,
    0x80,0x54,0x00,0x00,0xb0,0x54,0x00,0x00,0x02,0x4a,0x00,0x00,
    0x04,0x1c,0x0c,0x00,0x50,0x00,0x00,0x00,0xd0,0x54,0x00,0x00,
    0x50,0x55,0x00,0x00,0x04,0x66,0x04,0x00,0x03,0x00,0x00,0x00,
    0x04,0x37,0x04,0x00,0x85,0x00,0x00,0x00,0x04,0x5a,0x20,0x00,
    0x8a,0x9d,0x22,0xa4,0xb1,0x9d,0x14,0x6d,0x00,0xb4,0x2a,0xf3,
    0xf7,0x58,0x03,0xa5,0x27,0x2c,0x21,0x30,0xc9,0x1e,0xc7,0x8f,
    0x0f,0x0c,0x49,0x6c,0x0a,0x2f,0x00,0x00,0x04,0x17,0x0c,0x00,
    0x00,0x00,0x00,0x00,0x05,0x00,0x20,0x00,0x00,0xf0,0x11,0x00,
    0x04,0x17,0x0c,0x00,0x00,0x00,0x00,0x00,0x04,0x00,0x1c,0x00,
    0x00,0xf0,0x11,0x00,0x04,0x17,0x0c,0x00,0x00,0x00,0x00,0x00,
    0x03,0x00,0x18,0x00,0x00,0xf0,0x11,0x00,0x04,0x17,0x0c,0x00,
    0x00,0x00,0x00,0x00,0x02,0x00,0x10,0x00,0x00,0xf5,0x21,0x00,
    0x04,0x17,0x0c,0x00,0x00,0x00,0x00,0x00,0x01,0x00,0x08,0x00,
    0x00,0xf5,0x21,0x00,0x04,0x17,0x0c,0x00,0x00,0x00,0x00,0x00,
    0x00,0x00,0x00,0x00,0x00,0xf5,0x21,0x00,0x03,0x50,0x00,0x00,
    0x03,0x1b,0xff,0x00,0x03,0x5f,0x01,0x01,0x02,0x4a,0x00,0x00,
    0x04,0x1c,0x08,0x00,0x80,0x00,0x00,0x00,0x90,0x01,0x00,0x00,
    0x04,0x66,0x04,0x00,0x03,0x00,0x00,0x00,0x04,0x37,0x04,0x00,
    0x85,0x00,0x00,0x00,0x04,0x5a,0x20,0x00,0x8a,0x9d,0x22,0xa4,
    0xb1,0x9d,0x14,0x6d,0x00,0xb4,0x2a,0xf3,0xf7,0x58,0x03,0xa5,
    0x27,0x2c,0x21,0x30,0xc9,0x1e,0xc7,0x8f,0x0f,0x0c,0x49,0x6c,
    0x0a,0x2f,0x00,0x00,0x04,0x17,0x0c,0x00,0x00,0x00,0x00,0x00,
    0x05,0x00,0x20,0x00,0x00,0xf0,0x11,0x00,0x04,0x17,0x0c,0x00,
    0x00,0x00,0x00,0x00,0x04,0x00,0x1c,0x00,0x00,0xf0,0x11,0x00,
    0x04,0x17,0x0c,0x00,0x00,0x00,0x00,0x00,0x03,0x00,0x18,0x00,
    0x00,0xf0,0x11,0x00,0x04,0x17,0x0c,0x00,0x00,0x00,0x00,0x00,
    0x02,0x00,0x10,0x00,0x00,0xf5,0x21,0x00,0x04,0x17,0x0c,0x00,
    0x00,0x00,0x00,0x00,0x01,0x00,0x08,0x00,0x00,0xf5,0x21,0x00,
    0x04,0x17,0x0c,0x00,0x00,0x00,0x00,0x00,0x00,0x00,0x00,0x00,
    0x00,0xf5,0x21,0x00,0x03,0x50,0x00,0x00,0x03,0x1b,0xff,0x00,
    0x03,0x5f,0x01,0x01,0x04,0x29,0x04,0x00,0xff,0xff,0xff,0xff,
    0x04,0x28,0x04,0x00,0x10,0x04,0x00,0x00,0x02,0x4a,0x00,0x00,
    0x04,0x1c,0x10,0x00,0x50,0x00,0x00,0x00,0xd0,0x03,0x00,0x00,
    0x00,0x04,0x00,0x00,0x20,0x04,0x00,0x00,0x04,0x1e,0x04,0x00,
    0x00,0x00,0x00,0x00,0x04,0x66,0x04,0x00,0x03,0x00,0x00,0x00,
    0x04,0x37,0x04,0x00,0x85,0x00,0x00,0x00,0x04,0x5a,0x20,0x00,
    0x8a,0x9d,0x22,0xa4,0xb1,0x9d,0x14,0x6d,0x00,0xb4,0x2a,0xf3,
    0xf7,0x58,0x03,0xa5,0x27,0x2c,0x21,0x30,0xc9,0x1e,0xc7,0x8f,
    0x0f,0x0c,0x49,0x6c,0x0a,0x2f,0x00,0x00,0x04,0x17,0x0c,0x00,
    0x00,0x00,0x00,0x00,0x05,0x00,0x20,0x00,0x00,0xf0,0x11,0x00,
    0x04,0x17,0x0c,0x00,0x00,0x00,0x00,0x00,0x04,0x00,0x1c,0x00,
    0x00,0xf0,0x11,0x00,0x04,0x17,0x0c,0x00,0x00,0x00,0x00,0x00,
    0x03,0x00,0x18,0x00,0x00,0xf0,0x11,0x00,0x04,0x17,0x0c,0x00,
    0x00,0x00,0x00,0x00,0x02,0x00,0x10,0x00,0x00,0xf5,0x21,0x00,
    0x04,0x17,0x0c,0x00,0x00,0x00,0x00,0x00,0x01,0x00,0x08,0x00,
    0x00,0xf5,0x21,0x00,0x04,0x17,0x0c,0x00,0x00,0x00,0x00,0x00,
    0x00,0x00,0x00,0x00,0x00,0xf5,0x21,0x00,0x03,0x50,0x00,0x00,
    0x03,0x1b,0xff,0x00,0x03,0x5f,0x01,0x01,0x04,0x29,0x80,0x00,
    0x15,0x00,0x00,0x05,0x15,0x00,0x00,0x05,0x15,0x00,0x00,0x05,
    0x15,0x00,0x00,0x05,0x15,0x00,0x00,0x05,0x15,0x00,0x00,0x05,
    0x15,0x00,0x00,0x05,0x15,0x00,0x00,0x05,0x15,0x00,0x00,0x05,
    0x15,0x00,0x00,0x05,0x15,0x00,0x00,0x05,0x15,0x00,0x00,0x05,
    0x15,0x00,0x00,0x05,0x15,0x00,0x00,0x05,0x15,0x00,0x00,0x05,
    0x15,0x00,0x00,0x05,0x15,0x00,0x00,0x05,0x15,0x00,0x00,0x05,
    0x15,0x00,0x00,0x05,0x15,0x00,0x00,0x05,0x15,0x00,0x00,0x05,
    0x15,0x00,0x00,0x05,0x15,0x00,0x00,0x05,0x15,0x00,0x00,0x05,
    0x15,0x00,0x00,0x05,0x15,0x00,0x00,0x05,0x15,0x00,0x00,0x05,
    0x15,0x00,0x00,0x05,0x15,0x00,0x00,0x05,0x15,0x00,0x00,0x05,
    0x15,0x00,0x00,0x05,0x15,0x00,0x00,0x05,0x04,0x28,0x80,0x00,
    0x10,0x27,0x00,0x00,0xe0,0x27,0x00,0x00,0x10,0x28,0x00,0x00,
    0x30,0x28,0x00,0x00,0x70,0x28,0x00,0x00,0x10,0x29,0x00,0x00,
    0x40,0x29,0x00,0x00,0x90,0x29,0x00,0x00,0xc0,0x29,0x00,0x00,
    0x00,0x2a,0x00,0x00,0x50,0x2a,0x00,0x00,0x80,0x2a,0x00,0x00,
    0xb0,0x2a,0x00,0x00,0x00,0x2b,0x00,0x00,0x40,0x2b,0x00,0x00,
    0xb0,0x2b,0x00,0x00,0xe0,0x2b,0x00,0x00,0x10,0x2c,0x00,0x00,
    0x60,0x2c,0x00,0x00,0xc0,0x2c,0x00,0x00,0xf0,0x2c,0x00,0x00,
    0x20,0x2d,0x00,0x00,0x50,0x2d,0x00,0x00,0x70,0x2d,0x00,0x00,
    0xc0,0x2d,0x00,0x00,0x20,0x2e,0x00,0x00,0x60,0x2e,0x00,0x00,
    0x90,0x2e,0x00,0x00,0xd0,0x2e,0x00,0x00,0x20,0x2f,0x00,0x00,
    0x50,0x2f,0x00,0x00,0x90,0x2f,0x00,0x00,0x02,0x4a,0x00,0x00,
    0x04,0x1c,0x0c,0x00,0x80,0x00,0x00,0x00,0x40,0x79,0x00,0x00,
    0xb0,0x79,0x00,0x00,0x04,0x1e,0x04,0x00,0x00,0x00,0x00,0x00,
    0x04,0x66,0x04,0x00,0x03,0x00,0x00,0x00,0x04,0x37,0x04,0x00,
    0x85,0x00,0x00,0x00,0x04,0x5a,0x20,0x00,0x8a,0x9d,0x22,0xa4,
    0xb1,0x9d,0x14,0x6d,0x00,0xb4,0x2a,0xf3,0xf7,0x58,0x03,0xa5,
    0x27,0x2c,0x21,0x30,0xc9,0x1e,0xc7,0x8f,0x0f,0x0c,0x49,0x6c,
    0x0a,0x2f,0x00,0x00,0x04,0x17,0x0c,0x00,0x00,0x00,0x00,0x00,
    0x05,0x00,0x20,0x00,0x00,0xf0,0x11,0x00,0x04,0x17,0x0c,0x00,
    0x00,0x00,0x00,0x00,0x04,0x00,0x1c,0x00,0x00,0xf0,0x11,0x00,
    0x04,0x17,0x0c,0x00,0x00,0x00,0x00,0x00,0x03,0x00,0x18,0x00,
    0x00,0xf0,0x11,0x00,0x04,0x17,0x0c,0x00,0x00,0x00,0x00,0x00,
    0x02,0x00,0x10,0x00,0x00,0xf5,0x21,0x00,0x04,0x17,0x0c,0x00,
    0x00,0x00,0x00,0x00,0x01,0x00,0x08,0x00,0x00,0xf5,0x21,0x00,
    0x04,0x17,0x0c,0x00,0x00,0x00,0x00,0x00,0x00,0x00,0x00,0x00,
    0x00,0xf5,0x21,0x00,0x03,0x50,0x00,0x00,0x03,0x1b,0xff,0x00,
    0x03,0x5f,0x01,0x01,0x02,0x4a,0x00,0x00,0x04,0x1c,0x0c,0x00,
    0x70,0x00,0x00,0x00,0xc0,0x6f,0x00,0x00,0x30,0x70,0x00,0x00,
    0x04,0x1e,0x04,0x00,0x00,0x00,0x00,0x00,0x04,0x66,0x04,0x00,
    0x03,0x00,0x00,0x00,0x04,0x37,0x04,0x00,0x85,0x00,0x00,0x00,
    0x04,0x5a,0x20,0x00,0x8a,0x9d,0x22,0xa4,0xb1,0x9d,0x14,0x6d,
    0x00,0xb4,0x2a,0xf3,0xf7,0x58,0x03,0xa5,0x27,0x2c,0x21,0x30,
    0xc9,0x1e,0xc7,0x8f,0x0f,0x0c,0x49,0x6c,0x0a,0x2f,0x00,0x00,
    0x04,0x17,0x0c,0x00,0x00,0x00,0x00,0x00,0x05,0x00,0x20,0x00,
    0x00,0xf0,0x11,0x00,0x04,0x17,0x0c,0x00,0x00,0x00,0x00,0x00,
    0x04,0x00,0x1c,0x00,0x00,0xf0,0x11,0x00,0x04,0x17,0x0c,0x00,
    0x00,0x00,0x00,0x00,0x03,0x00,0x18,0x00,0x00,0xf0,0x11,0x00,
    0x04,0x17,0x0c,0x00,0x00,0x00,0x00,0x00,0x02,0x00,0x10,0x00,
    0x00,0xf5,0x21,0x00,0x04,0x17,0x0c,0x00,0x00,0x00,0x00,0x00,
    0x01,0x00,0x08,0x00,0x00,0xf5,0x21,0x00,0x04,0x17,0x0c,0x00,
    0x00,0x00,0x00,0x00,0x00,0x00,0x00,0x00,0x00,0xf5,0x21,0x00,
    0x03,0x50,0x00,0x00,0x03,0x1b,0xff,0x00,0x03,0x5f,0x01,0x01,
    0x02,0x4a,0x00,0x00,0x04,0x1c,0x0c,0x00,0xa0,0x00,0x00,0x00,
    0x50,0x3a,0x00,0x00,0xc0,0x3a,0x00,0x00,0x04,0x1e,0x04,0x00,
    0x00,0x00,0x00,0x00,0x04,0x66,0x04,0x00,0x03,0x00,0x00,0x00,
    0x04,0x37,0x04,0x00,0x85,0x00,0x00,0x00,0x04,0x5a,0x20,0x00,
    0x8a,0x9d,0x22,0xa4,0xb1,0x9d,0x14,0x6d,0x00,0xb4,0x2a,0xf3,
    0xf7,0x58,0x03,0xa5,0x27,0x2c,0x21,0x30,0xc9,0x1e,0xc7,0x8f,
    0x0f,0x0c,0x49,0x6c,0x0a,0x2f,0x00,0x00,0x04,0x17,0x0c,0x00,
    0x00,0x00,0x00,0x00,0x05,0x00,0x20,0x00,0x00,0xf0,0x11,0x00,
    0x04,0x17,0x0c,0x00,0x00,0x00,0x00,0x00,0x04,0x00,0x1c,0x00,
    0x00,0xf0,0x11,0x00,0x04,0x17,0x0c,0x00,0x00,0x00,0x00,0x00,
    0x03,0x00,0x18,0x00,0x00,0xf0,0x11,0x00,0x04,0x17,0x0c,0x00,
    0x00,0x00,0x00,0x00,0x02,0x00,0x10,0x00,0x00,0xf5,0x21,0x00,
    0x04,0x17,0x0c,0x00,0x00,0x00,0x00,0x00,0x01,0x00,0x08,0x00,
    0x00,0xf5,0x21,0x00,0x04,0x17,0x0c,0x00,0x00,0x00,0x00,0x00,
    0x00,0x00,0x00,0x00,0x00,0xf5,0x21,0x00,0x03,0x50,0x00,0x00,
    0x03,0x1b,0xff,0x00,0x03,0x5f,0x01,0x01,0x02,0x4a,0x00,0x00,
    0x04,0x1c,0x0c,0x00,0x70,0x00,0x00,0x00,0xd0,0x39,0x00,0x00,
    0x40,0x3a,0x00,0x00,0x04,0x1e,0x04,0x00,0x00,0x00,0x00,0x00,
    0x00,0x00,0x00,0x00,0x5c,0x35,0x00,0x00,0x00,0x00,0x00,0x00,
    0x03,0x00,0x01,0x00,0x09,0x00,0x00,0x00,0x00,0x00,0x00,0x00,
    0x00,0x00,0x00,0x00,0xec,0x19,0x00,0x00,0x00,0x00,0x00,0x00,
    0x03,0x00,0x01,0x00,0x09,0x00,0x00,0x00,0x00,0x00,0x00,0x00,
    0x00,0x00,0x00,0x00,0xcc,0x17,0x00,0x00,0x00,0x00,0x00,0x00,
    0x03,0x00,0x01,0x00,0x09,0x00,0x00,0x00,0x00,0x00,0x00,0x00,
    0x00,0x00,0x00,0x00,0x2c,0x0f,0x00,0x00,0x00,0x00,0x00,0x00,
    0x03,0x00,0x01,0x00,0x09,0x00,0x00,0x00,0x00,0x00,0x00,0x00,
    0x00,0x00,0x00,0x00,0x3c,0x0e,0x00,0x00,0x00,0x00,0x00,0x00,
    0x03,0x00,0x01,0x00,0x09,0x00,0x00,0x00,0x00,0x00,0x00,0x00,
    0x00,0x00,0x00,0x00,0x7c,0x09,0x00,0x00,0x00,0x00,0x00,0x00,
    0x03,0x00,0x01,0x00,0x09,0x00,0x00,0x00,0x00,0x00,0x00,0x00,
    0x00,0x00,0x00,0x00,0x7c,0x08,0x00,0x00,0x00,0x00,0x00,0x00,
    0x03,0x00,0x01,0x00,0x09,0x00,0x00,0x00,0x00,0x00,0x00,0x00,
    0x00,0x00,0x00,0x00,0xec,0x05,0x00,0x00,0x00,0x00,0x00,0x00,
    0x03,0x00,0x01,0x00,0x09,0x00,0x00,0x00,0x00,0x00,0x00,0x00,
    0x00,0x00,0x00,0x00,0x8c,0x01,0x00,0x00,0x00,0x00,0x00,0x00,
    0x03,0x00,0x01,0x00,0x09,0x00,0x00,0x00,0x00,0x00,0x00,0x00,
    0x00,0x00,0x00,0x00,0xc4,0x03,0x00,0x00,0x00,0x00,0x00,0x00,
    0x3d,0x00,0x01,0x00,0x1c,0x00,0x00,0x00,0x00,0x00,0x00,0x00,
    0x00,0x00,0x00,0x00,0x54,0x03,0x00,0x00,0x00,0x00,0x00,0x00,
    0x3d,0x00,0x01,0x00,0x1b,0x00,0x00,0x00,0x00,0x00,0x00,0x00,
    0x00,0x00,0x00,0x00,0xe4,0x02,0x00,0x00,0x00,0x00,0x00,0x00,
    0x3d,0x00,0x01,0x00,0x1a,0x00,0x00,0x00,0x00,0x00,0x00,0x00,
    0x00,0x00,0x00,0x00,0x74,0x02,0x00,0x00,0x00,0x00,0x00,0x00,
    0x3d,0x00,0x01,0x00,0x19,0x00,0x00,0x00,0x00,0x00,0x00,0x00,
    0x00,0x00,0x00,0x00,0x04,0x02,0x00,0x00,0x00,0x00,0x00,0x00,
    0x3d,0x00,0x01,0x00,0x18,0x00,0x00,0x00,0x00,0x00,0x00,0x00,
    0x00,0x00,0x00,0x00,0x94,0x01,0x00,0x00,0x00,0x00,0x00,0x00,
    0x3d,0x00,0x01,0x00,0x17,0x00,0x00,0x00,0x00,0x00,0x00,0x00,
    0x00,0x00,0x00,0x00,0x24,0x01,0x00,0x00,0x00,0x00,0x00,0x00,
    0x3d,0x00,0x01,0x00,0x16,0x00,0x00,0x00,0x00,0x00,0x00,0x00,
    0x00,0x00,0x00,0x00,0xb4,0x00,0x00,0x00,0x00,0x00,0x00,0x00,
    0x3d,0x00,0x01,0x00,0x15,0x00,0x00,0x00,0x00,0x00,0x00,0x00,
    0x00,0x00,0x00,0x00,0x44,0x00,0x00,0x00,0x00,0x00,0x00,0x00,
    0x3d,0x00,0x01,0x00,0x14,0x00,0x00,0x00,0x00,0x00,0x00,0x00,
    0x00,0x00,0x00,0x00,0x00,0x00,0x00,0x00,0x00,0x00,0x00,0x00,
    0x00,0x00,0x00,0x00,0x00,0x00,0x00,0x00,0x00,0x00,0x00,0x00,
    0x00,0x00,0x00,0x00,0x29,0x00,0x00,0x00,0x03,0x00,0x05,0x00,
    0x00,0x00,0x00,0x00,0x00,0x00,0x00,0x00,0x00,0x00,0x00,0x00,
    0x00,0x00,0x00,0x00,0x39,0x00,0x00,0x00,0x03,0x00,0x06,0x00,
    0x00,0x00,0x00,0x00,0x00,0x00,0x00,0x00,0x00,0x00,0x00,0x00,
    0x00,0x00,0x00,0x00,0x5d,0x00,0x00,0x00,0x03,0x00,0x2a,0x00,
    0x00,0x00,0x00,0x00,0x00,0x00,0x00,0x00,0x00,0x00,0x00,0x00,
    0x00,0x00,0x00,0x00,0xa6,0x00,0x00,0x00,0x03,0x00,0x1f,0x00,
    0x00,0x00,0x00,0x00,0x00,0x00,0x00,0x00,0x00,0x00,0x00,0x00,
    0x00,0x00,0x00,0x00,0xce,0x00,0x00,0x00,0x21,0x00,0x00,0x00,
    0x00,0x00,0x00,0x00,0x00,0x00,0x00,0x00,0x04,0x00,0x00,0x00,
    0x00,0x00,0x00,0x00,0xfd,0x00,0x00,0x00,0x20,0xa0,0x41,0x00,
    0x00,0x00,0x00,0x00,0x00,0x00,0x00,0x00,0x00,0x00,0x00,0x00,
    0x00,0x00,0x00,0x00,0x1e,0x01,0x00,0x00,0x03,0x00,0x40,0x00,
    0x00,0x00,0x00,0x00,0x00,0x00,0x00,0x00,0x00,0x00,0x00,0x00,
    0x00,0x00,0x00,0x00,0x30,0x01,0x00,0x00,0x0d,0x80,0x40,0x00,
    0x00,0x00,0x00,0x00,0x00,0x00,0x00,0x00,0x40,0x00,0x00,0x00,
    0x00,0x00,0x00,0x00,0x39,0x01,0x00,0x00,0x21,0x00,0x00,0x00,
    0x00,0x00,0x00,0x00,0x00,0x00,0x00,0x00,0x04,0x00,0x00,0x00,
    0x00,0x00,0x00,0x00,0x9d,0x01,0x00,0x00,0x03,0x00,0x2b,0x00,
    0x00,0x00,0x00,0x00,0x00,0x00,0x00,0x00,0x00,0x00,0x00,0x00,
    0x00,0x00,0x00,0x00,0xf6,0x01,0x00,0x00,0x03,0x00,0x2c,0x00,
    0x00,0x00,0x00,0x00,0x00,0x00,0x00,0x00,0x00,0x00,0x00,0x00,
    0x00,0x00,0x00,0x00,0x58,0x02,0x00,0x00,0x03,0x00,0x2d,0x00,
    0x00,0x00,0x00,0x00,0x00,0x00,0x00,0x00,0x00,0x00,0x00,0x00,
    0x00,0x00,0x00,0x00,0xc6,0x02,0x00,0x00,0x03,0x00,0x2e,0x00,
    0x00,0x00,0x00,0x00,0x00,0x00,0x00,0x00,0x00,0x00,0x00,0x00,
    0x00,0x00,0x00,0x00,0x19,0x03,0x00,0x00,0x03,0x00,0x2f,0x00,
    0x00,0x00,0x00,0x00,0x00,0x00,0x00,0x00,0x00,0x00,0x00,0x00,
    0x00,0x00,0x00,0x00,0x87,0x03,0x00,0x00,0x03,0x00,0x30,0x00,
    0x00,0x00,0x00,0x00,0x00,0x00,0x00,0x00,0x00,0x00,0x00,0x00,
    0x00,0x00,0x00,0x00,0xe9,0x03,0x00,0x00,0x03,0x00,0x31,0x00,
    0x00,0x00,0x00,0x00,0x00,0x00,0x00,0x00,0x00,0x00,0x00,0x00,
    0x00,0x00,0x00,0x00,0x4b,0x04,0x00,0x00,0x03,0x00,0x32,0x00,
    0x00,0x00,0x00,0x00,0x00,0x00,0x00,0x00,0x00,0x00,0x00,0x00,
    0x00,0x00,0x00,0x00,0x9b,0x04,0x00,0x00,0x03,0x00,0x33,0x00,
    0x00,0x00,0x00,0x00,0x00,0x00,0x00,0x00,0x00,0x00,0x00,0x00,
    0x00,0x00,0x00,0x00,0xcb,0x04,0x00,0x00,0x03,0x00,0x12,0x00,
    0x00,0x00,0x00,0x00,0x00,0x00,0x00,0x00,0x00,0x00,0x00,0x00,
    0x00,0x00,0x00,0x00,0xe7,0x04,0x00,0x00,0x12,0x10,0x2a,0x00,
    0x00,0x00,0x00,0x00,0x00,0x00,0x00,0x00,0xd0,0x37,0x00,0x00,
    0x00,0x00,0x00,0x00,0x04,0x05,0x00,0x00,0x12,0x10,0x2b,0x00,
    0x00,0x00,0x00,0x00,0x00,0x00,0x00,0x00,0x30,0x08,0x00,0x00,
    0x00,0x00,0x00,0x00,0x19,0x05,0x00,0x00,0x12,0x10,0x2c,0x00,
    0x00,0x00,0x00,0x00,0x00,0x00,0x00,0x00,0x60,0x55,0x00,0x00,
    0x00,0x00,0x00,0x00,0x31,0x05,0x00,0x00,0x12,0x10,0x2d,0x00,
    0x00,0x00,0x00,0x00,0x00,0x00,0x00,0x00,0xa0,0x01,0x00,0x00,
    0x00,0x00,0x00,0x00,0x4d,0x05,0x00,0x00,0x12,0x10,0x2e,0x00,
    0x00,0x00,0x00,0x00,0x00,0x00,0x00,0x00,0x30,0x04,0x00,0x00,
    0x00,0x00,0x00,0x00,0x60,0x05,0x00,0x00,0x12,0x10,0x2f,0x00,
    0x00,0x00,0x00,0x00,0x00,0x00,0x00,0x00,0xc0,0x79,0x00,0x00,
    0x00,0x00,0x00,0x00,0x7c,0x05,0x00,0x00,0x12,0x10,0x30,0x00,
    0x00,0x00,0x00,0x00,0x00,0x00,0x00,0x00,0x40,0x70,0x00,0x00,
    0x00,0x00,0x00,0x00,0x94,0x05,0x00,0x00,0x12,0x10,0x31,0x00,
    0x00,0x00,0x00,0x00,0x00,0x00,0x00,0x00,0xd0,0x3a,0x00,0x00,
    0x00,0x00,0x00,0x00,0xac,0x05,0x00,0x00,0x12,0x10,0x32,0x00,
    0x00,0x00,0x00,0x00,0x00,0x00,0x00,0x00,0x50,0x3a,0x00,0x00,
    0x00,0x00,0x00,0x00,0x00,0x00,0x00,0x00,0x00,0x00,0x00,0x00,
    0x00,0x00,0x00,0x00,0x00,0x00,0x00,0x00,0x00,0x00,0x00,0x00,
    0x00,0x00,0x00,0x00,0x00,0x00,0x00,0x00,0x00,0x00,0x00,0x00,
    0x00,0x00,0x00,0x00,0x00,0x00,0x00,0x00,0x00,0x00,0x00,0x00,
    0x00,0x00,0x00,0x00,0x00,0x00,0x00,0x00,0x00,0x00,0x00,0x00,
    0x00,0x00,0x00,0x00,0x00,0x00,0x00,0x00,0x01,0x00,0x00,0x00,
    0x03,0x00,0x00,0x00,0x00,0x00,0x00,0x00,0x00,0x00,0x00,0x00,
    0x00,0x00,0x00,0x00,0x00,0x00,0x00,0x00,0x40,0x00,0x00,0x00,
    0x00,0x00,0x00,0x00,0x7c,0x09,0x00,0x00,0x00,0x00,0x00,0x00,
    0x00,0x00,0x00,0x00,0x00,0x00,0x00,0x00,0x01,0x00,0x00,0x00,
    0x00,0x00,0x00,0x00,0x00,0x00,0x00,0x00,0x00,0x00,0x00,0x00,
    0x0b,0x00,0x00,0x00,0x03,0x00,0x00,0x00,0x00,0x00,0x00,0x00,
    0x00,0x00,0x00,0x00,0x00,0x00,0x00,0x00,0x00,0x00,0x00,0x00,
    0xe0,0x09,0x00,0x00,0x00,0x00,0x00,0x00,0x21,0x07,0x00,0x00,
    0x00,0x00,0x00,0x00,0x00,0x00,0x00,0x00,0x00,0x00,0x00,0x00,
    0x01,0x00,0x00,0x00,0x00,0x00,0x00,0x00,0x00,0x00,0x00,0x00,
    0x00,0x00,0x00,0x00,0x13,0x00,0x00,0x00,0x02,0x00,0x00,0x00,
    0x00,0x00,0x00,0x00,0x00,0x00,0x00,0x00,0x00,0x00,0x00,0x00,
    0x00,0x00,0x00,0x00,0x08,0x11,0x00,0x00,0x00,0x00,0x00,0x00,
    0x90,0x03,0x00,0x00,0x00,0x00,0x00,0x00,0x02,0x00,0x00,0x00,
    0x26,0x00,0x00,0x00,0x08,0x00,0x00,0x00,0x00,0x00,0x00,0x00,
    0x18,0x00,0x00,0x00,0x00,0x00,0x00,0x00,0x43,0x04,0x00,0x00,
    0x01,0x00,0x00,0x00,0x00,0x00,0x00,0x00,0x00,0x00,0x00,0x00,
    0x00,0x00,0x00,0x00,0x00,0x00,0x00,0x00,0x98,0x14,0x00,0x00,
    0x00,0x00,0x00,0x00,0xa8,0x03,0x00,0x00,0x00,0x00,0x00,0x00,
    0x00,0x00,0x00,0x00,0x00,0x00,0x00,0x00,0x01,0x00,0x00,0x00,
    0x00,0x00,0x00,0x00,0x00,0x00,0x00,0x00,0x00,0x00,0x00,0x00,
    0x29,0x00,0x00,0x00,0x07,0x00,0x00,0x00,0x00,0x00,0x00,0x02,
    0x00,0x00,0x00,0x00,0x00,0x00,0x00,0x00,0x00,0x00,0x00,0x00,
    0x40,0x18,0x00,0x00,0x00,0x00,0x00,0x00,0xa8,0x00,0x00,0x00,
    0x00,0x00,0x00,0x00,0x00,0x00,0x00,0x00,0x00,0x00,0x00,0x00,
    0x04,0x00,0x00,0x00,0x00,0x00,0x00,0x00,0x00,0x00,0x00,0x00,
    0x00,0x00,0x00,0x00,0x39,0x00,0x00,0x00,0x07,0x00,0x00,0x00,
    0x40,0x00,0x00,0x01,0x00,0x00,0x00,0x00,0x00,0x00,0x00,0x00,
    0x00,0x00,0x00,0x00,0xe8,0x18,0x00,0x00,0x00,0x00,0x00,0x00,
    0x20,0x00,0x00,0x00,0x00,0x00,0x00,0x00,0x05,0x00,0x00,0x00,
    0x08,0x00,0x00,0x00,0x04,0x00,0x00,0x00,0x00,0x00,0x00,0x00,
    0x00,0x00,0x00,0x00,0x00,0x00,0x00,0x00,0x49,0x00,0x00,0x00,
    0x00,0x00,0x00,0x70,0x00,0x00,0x00,0x00,0x00,0x00,0x00,0x00,
    0x00,0x00,0x00,0x00,0x00,0x00,0x00,0x00,0x08,0x19,0x00,0x00,
    0x00,0x00,0x00,0x00,0x44,0x01,0x00,0x00,0x00,0x00,0x00,0x00,
    0x03,0x00,0x00,0x00,0x00,0x00,0x00,0x00,0x04,0x00,0x00,0x00,
    0x00,0x00,0x00,0x00,0x00,0x00,0x00,0x00,0x00,0x00,0x00,0x00,
    0x52,0x00,0x00,0x00,0x86,0x00,0x00,0x70,0x00,0x00,0x00,0x00,
    0x00,0x00,0x00,0x00,0x00,0x00,0x00,0x00,0x00,0x00,0x00,0x00,
    0x4c,0x1a,0x00,0x00,0x00,0x00,0x00,0x00,0x20,0x00,0x00,0x00,
    0x00,0x00,0x00,0x00,0x00,0x00,0x00,0x00,0x00,0x00,0x00,0x00,
    0x04,0x00,0x00,0x00,0x00,0x00,0x00,0x00,0x00,0x00,0x00,0x00,
    0x00,0x00,0x00,0x00,0x80,0x00,0x00,0x00,0x00,0x00,0x00,0x70,
    0x40,0x00,0x00,0x00,0x00,0x00,0x00,0x00,0x00,0x00,0x00,0x00,
    0x00,0x00,0x00,0x00,0x6c,0x1a,0x00,0x00,0x00,0x00,0x00,0x00,
    0xb8,0x00,0x00,0x00,0x00,0x00,0x00,0x00,0x03,0x00,0x00,0x00,
    0x16,0x00,0x00,0x00,0x04,0x00,0x00,0x00,0x00,0x00,0x00,0x00,
    0x00,0x00,0x00,0x00,0x00,0x00,0x00,0x00,0x60,0x01,0x00,0x00,
    0x00,0x00,0x00,0x70,0x40,0x00,0x00,0x00,0x00,0x00,0x00,0x00,
    0x00,0x00,0x00,0x00,0x00,0x00,0x00,0x00,0x24,0x1b,0x00,0x00,
    0x00,0x00,0x00,0x00,0x6c,0x00,0x00,0x00,0x00,0x00,0x00,0x00,
    0x03,0x00,0x00,0x00,0x17,0x00,0x00,0x00,0x04,0x00,0x00,0x00,
    0x00,0x00,0x00,0x00,0x00,0x00,0x00,0x00,0x00,0x00,0x00,0x00,
    0xbc,0x01,0x00,0x00,0x00,0x00,0x00,0x70,0x40,0x00,0x00,0x00,
    0x00,0x00,0x00,0x00,0x00,0x00,0x00,0x00,0x00,0x00,0x00,0x00,
    0x90,0x1b,0x00,0x00,0x00,0x00,0x00,0x00,0xdc,0x00,0x00,0x00,
    0x00,0x00,0x00,0x00,0x03,0x00,0x00,0x00,0x18,0x00,0x00,0x00,
    0x04,0x00,0x00,0x00,0x00,0x00,0x00,0x00,0x00,0x00,0x00,0x00,
    0x00,0x00,0x00,0x00,0x22,0x02,0x00,0x00,0x00,0x00,0x00,0x70,
    0x40,0x00,0x00,0x00,0x00,0x00,0x00,0x00,0x00,0x00,0x00,0x00,
    0x00,0x00,0x00,0x00,0x6c,0x1c,0x00,0x00,0x00,0x00,0x00,0x00,
    0xa8,0x00,0x00,0x00,0x00,0x00,0x00,0x00,0x03,0x00,0x00,0x00,
    0x19,0x00,0x00,0x00,0x04,0x00,0x00,0x00,0x00,0x00,0x00,0x00,
    0x00,0x00,0x00,0x00,0x00,0x00,0x00,0x00,0x87,0x02,0x00,0x00,
    0x00,0x00,0x00,0x70,0x40,0x00,0x00,0x00,0x00,0x00,0x00,0x00,
    0x00,0x00,0x00,0x00,0x00,0x00,0x00,0x00,0x14,0x1d,0x00,0x00,
    0x00,0x00,0x00,0x00,0xc8,0x00,0x00,0x00,0x00,0x00,0x00,0x00,
    0x03,0x00,0x00,0x00,0x1a,0x00,0x00,0x00,0x04,0x00,0x00,0x00,
    0x00,0x00,0x00,0x00,0x00,0x00,0x00,0x00,0x00,0x00,0x00,0x00,
    0xe3,0x02,0x00,0x00,0x00,0x00,0x00,0x70,0x40,0x00,0x00,0x00,
    0x00,0x00,0x00,0x00,0x00,0x00,0x00,0x00,0x00,0x00,0x00,0x00,
    0xdc,0x1d,0x00,0x00,0x00,0x00,0x00,0x00,0xbc,0x01,0x00,0x00,
    0x00,0x00,0x00,0x00,0x03,0x00,0x00,0x00,0x1b,0x00,0x00,0x00,
    0x04,0x00,0x00,0x00,0x00,0x00,0x00,0x00,0x00,0x00,0x00,0x00,
    0x00,0x00,0x00,0x00,0x4d,0x03,0x00,0x00,0x00,0x00,0x00,0x70,
    0x40,0x00,0x00,0x00,0x00,0x00,0x00,0x00,0x00,0x00,0x00,0x00,
    0x00,0x00,0x00,0x00,0x98,0x1f,0x00,0x00,0x00,0x00,0x00,0x00,
    0xb4,0x00,0x00,0x00,0x00,0x00,0x00,0x00,0x03,0x00,0x00,0x00,
    0x1c,0x00,0x00,0x00,0x04,0x00,0x00,0x00,0x00,0x00,0x00,0x00,
    0x00,0x00,0x00,0x00,0x00,0x00,0x00,0x00,0xaf,0x03,0x00,0x00,
    0x00,0x00,0x00,0x70,0x40,0x00,0x00,0x00,0x00,0x00,0x00,0x00,
    0x00,0x00,0x00,0x00,0x00,0x00,0x00,0x00,0x4c,0x20,0x00,0x00,
    0x00,0x00,0x00,0x00,0xb4,0x00,0x00,0x00,0x00,0x00,0x00,0x00,
    0x03,0x00,0x00,0x00,0x1d,0x00,0x00,0x00,0x04,0x00,0x00,0x00,
    0x00,0x00,0x00,0x00,0x00,0x00,0x00,0x00,0x00,0x00,0x00,0x00,
    0x0b,0x04,0x00,0x00,0x00,0x00,0x00,0x70,0x40,0x00,0x00,0x00,
    0x00,0x00,0x00,0x00,0x00,0x00,0x00,0x00,0x00,0x00,0x00,0x00,
    0x00,0x21,0x00,0x00,0x00,0x00,0x00,0x00,0xb4,0x00,0x00,0x00,
    0x00,0x00,0x00,0x00,0x03,0x00,0x00,0x00,0x1e,0x00,0x00,0x00,
    0x04,0x00,0x00,0x00,0x00,0x00,0x00,0x00,0x00,0x00,0x00,0x00,
    0x00,0x00,0x00,0x00,0x73,0x04,0x00,0x00,0x01,0x00,0x00,0x70,
    0x00,0x00,0x00,0x00,0x00,0x00,0x00,0x00,0x00,0x00,0x00,0x00,
    0x00,0x00,0x00,0x00,0xb4,0x21,0x00,0x00,0x00,0x00,0x00,0x00,
    0x20,0x00,0x00,0x00,0x00,0x00,0x00,0x00,0x03,0x00,0x00,0x00,
    0x00,0x00,0x00,0x00,0x04,0x00,0x00,0x00,0x00,0x00,0x00,0x00,
    0x08,0x00,0x00,0x00,0x00,0x00,0x00,0x00,0x1d,0x01,0x00,0x00,
    0x04,0x00,0x00,0x00,0x40,0x00,0x00,0x00,0x00,0x00,0x00,0x00,
    0x00,0x00,0x00,0x00,0x00,0x00,0x00,0x00,0xd8,0x21,0x00,0x00,
    0x00,0x00,0x00,0x00,0x00,0x00,0x00,0x00,0x00,0x00,0x00,0x00,
    0x03,0x00,0x00,0x00,0x16,0x00,0x00,0x00,0x08,0x00,0x00,0x00,
    0x00,0x00,0x00,0x00,0x18,0x00,0x00,0x00,0x00,0x00,0x00,0x00,
    0x61,0x04,0x00,0x00,0x04,0x00,0x00,0x00,0x40,0x00,0x00,0x00,
    0x00,0x00,0x00,0x00,0x00,0x00,0x00,0x00,0x00,0x00,0x00,0x00,
    0xd8,0x21,0x00,0x00,0x00,0x00,0x00,0x00,0xd8,0x00,0x00,0x00,
    0x00,0x00,0x00,0x00,0x03,0x00,0x00,0x00,0x04,0x00,0x00,0x00,
    0x08,0x00,0x00,0x00,0x00,0x00,0x00,0x00,0x18,0x00,0x00,0x00,
    0x00,0x00,0x00,0x00,0xe4,0x00,0x00,0x00,0x01,0x00,0x00,0x00,
    0x02,0x00,0x00,0x00,0x00,0x00,0x00,0x00,0x00,0x00,0x00,0x00,
    0x00,0x00,0x00,0x00,0xb0,0x22,0x00,0x00,0x00,0x00,0x00,0x00,
    0x40,0x00,0x00,0x00,0x00,0x00,0x00,0x00,0x00,0x00,0x00,0x00,
    0x00,0x00,0x00,0x00,0x04,0x00,0x00,0x00,0x00,0x00,0x00,0x00,
    0x00,0x00,0x00,0x00,0x00,0x00,0x00,0x00,0x5d,0x00,0x00,0x00,
    0x01,0x00,0x00,0x00,0x06,0x00,0x00,0x00,0x00,0x00,0x00,0x00,
    0x00,0x00,0x00,0x00,0x00,0x00,0x00,0x00,0x00,0x23,0x00,0x00,
    0x00,0x00,0x00,0x00,0x00,0x24,0x00,0x00,0x00,0x00,0x00,0x00,
    0x03,0x00,0x00,0x00,0x14,0x00,0x00,0x00,0x80,0x00,0x00,0x00,
    0x00,0x00,0x00,0x00,0x00,0x00,0x00,0x00,0x00,0x00,0x00,0x00,
    0x45,0x01,0x00,0x00,0x01,0x00,0x00,0x00,0x06,0x00,0x00,0x00,
    0x00,0x00,0x00,0x00,0x00,0x00,0x00,0x00,0x00,0x00,0x00,0x00,
    0x00,0x47,0x00,0x00,0x00,0x00,0x00,0x00,0x80,0x05,0x00,0x00,
    0x00,0x00,0x00,0x00,0x03,0x00,0x00,0x00,0x15,0x00,0x00,0x00,
    0x80,0x00,0x00,0x00,0x00,0x00,0x00,0x00,0x00,0x00,0x00,0x00,
    0x00,0x00,0x00,0x00,0x9e,0x01,0x00,0x00,0x01,0x00,0x00,0x00,
    0x06,0x00,0x00,0x00,0x00,0x00,0x00,0x00,0x00,0x00,0x00,0x00,
    0x00,0x00,0x00,0x00,0x80,0x4c,0x00,0x00,0x00,0x00,0x00,0x00,
    0x00,0x34,0x00,0x00,0x00,0x00,0x00,0x00,0x03,0x00,0x00,0x00,
    0x16,0x00,0x00,0x00,0x80,0x00,0x00,0x00,0x00,0x00,0x00,0x00,
    0x00,0x00,0x00,0x00,0x00,0x00,0x00,0x00,0x00,0x02,0x00,0x00,
    0x01,0x00,0x00,0x00,0x06,0x00,0x00,0x00,0x00,0x00,0x00,0x00,
    0x00,0x00,0x00,0x00,0x00,0x00,0x00,0x00,0x80,0x80,0x00,0x00,
    0x00,0x00,0x00,0x00,0x00,0x02,0x00,0x00,0x00,0x00,0x00,0x00,
    0x03,0x00,0x00,0x00,0x17,0x00,0x00,0x00,0x80,0x00,0x00,0x00,
    0x00,0x00,0x00,0x00,0x00,0x00,0x00,0x00,0x00,0x00,0x00,0x00,
    0x6e,0x02,0x00,0x00,0x01,0x00,0x00,0x00,0x06,0x00,0x00,0x00,
    0x00,0x00,0x00,0x00,0x00,0x00,0x00,0x00,0x00,0x00,0x00,0x00,
    0x80,0x82,0x00,0x00,0x00,0x00,0x00,0x00,0x80,0x03,0x00,0x00,
    0x00,0x00,0x00,0x00,0x03,0x00,0x00,0x00,0x18,0x00,0x00,0x00,
    0x80,0x00,0x00,0x00,0x00,0x00,0x00,0x00,0x00,0x00,0x00,0x00,
    0x00,0x00,0x00,0x00,0xc1,0x02,0x00,0x00,0x01,0x00,0x00,0x00,
    0x06,0x00,0x00,0x00,0x00,0x00,0x00,0x00,0x00,0x00,0x00,0x00,
    0x00,0x00,0x00,0x00,0x00,0x86,0x00,0x00,0x00,0x00,0x00,0x00,
    0x80,0x4d,0x00,0x00,0x00,0x00,0x00,0x00,0x03,0x00,0x00,0x00,
    0x19,0x00,0x00,0x00,0x80,0x00,0x00,0x00,0x00,0x00,0x00,0x00,
    0x00,0x00,0x00,0x00,0x00,0x00,0x00,0x00,0x2f,0x03,0x00,0x00,
    0x01,0x00,0x00,0x00,0x06,0x00,0x00,0x00,0x00,0x00,0x00,0x00,
    0x00,0x00,0x00,0x00,0x00,0x00,0x00,0x00,0x80,0xd3,0x00,0x00,
    0x00,0x00,0x00,0x00,0x80,0x44,0x00,0x00,0x00,0x00,0x00,0x00,
    0x03,0x00,0x00,0x00,0x1a,0x00,0x00,0x00,0x80,0x00,0x00,0x00,
    0x00,0x00,0x00,0x00,0x00,0x00,0x00,0x00,0x00,0x00,0x00,0x00,
    0x91,0x03,0x00,0x00,0x01,0x00,0x00,0x00,0x06,0x00,0x00,0x00,
    0x00,0x00,0x00,0x00,0x00,0x00,0x00,0x00,0x00,0x00,0x00,0x00,
    0x00,0x18,0x01,0x00,0x00,0x00,0x00,0x00,0x00,0x25,0x00,0x00,
    0x00,0x00,0x00,0x00,0x03,0x00,0x00,0x00,0x1b,0x00,0x00,0x00,
    0x80,0x00,0x00,0x00,0x00,0x00,0x00,0x00,0x00,0x00,0x00,0x00,
    0x00,0x00,0x00,0x00,0xf3,0x03,0x00,0x00,0x01,0x00,0x00,0x00,
    0x06,0x00,0x00,0x00,0x00,0x00,0x00,0x00,0x00,0x00,0x00,0x00,
    0x00,0x00,0x00,0x00,0x00,0x3d,0x01,0x00,0x00,0x00,0x00,0x00,
    0x80,0x24,0x00,0x00,0x00,0x00,0x00,0x00,0x03,0x00,0x00,0x00,
    0x1c,0x00,0x00,0x00,0x80,0x00,0x00,0x00,0x00,0x00,0x00,0x00,
    0x00,0x00,0x00,0x00,0x00,0x00,0x00,0x00,0xa6,0x00,0x00,0x00,
    0x08,0x00,0x00,0x00,0x43,0x00,0x00,0x00,0x00,0x00,0x00,0x00,
    0x00,0x00,0x00,0x00,0x00,0x00,0x00,0x00,0x80,0x61,0x01,0x00,
    0x00,0x00,0x00,0x00,0x40,0x0a,0x00,0x00,0x00,0x00,0x00,0x00,
    0x00,0x00,0x00,0x00,0x16,0x00,0x00,0x00,0x04,0x00,0x00,0x00,
    0x00,0x00,0x00,0x00,0x00,0x00,0x00,0x00,0x00,0x00,0x00,0x00,
    0xce,0x00,0x00,0x00,0x08,0x00,0x00,0x00,0x03,0x00,0x00,0x00,
    0x00,0x00,0x00,0x00,0x00,0x00,0x00,0x00,0x00,0x00,0x00,0x00,
    0x80,0x61,0x01,0x00,0x00,0x00,0x00,0x00,0x40,0x00,0x00,0x00,
    0x00,0x00,0x00,0x00,0x00,0x00,0x00,0x00,0x00,0x00,0x00,0x00,
    0x01,0x00,0x00,0x00,0x00,0x00,0x00,0x00,0x00,0x00,0x00,0x00,
    0x00,0x00,0x00,0x00,0x8f,0x04,0x00,0x00,0x01,0x00,0x00,0x00,
    0x42,0x00,0x00,0x00,0x00,0x00,0x00,0x00,0x00,0x00,0x00,0x00,
    0x00,0x00,0x00,0x00,0x80,0x61,0x01,0x00,0x00,0x00,0x00,0x00,
    0xa4,0x03,0x00,0x00,0x00,0x00,0x00,0x00,0x00,0x00,0x00,0x00,
    0x16,0x00,0x00,0x00,0x04,0x00,0x00,0x00,0x00,0x00,0x00,0x00,
    0x00,0x00,0x00,0x00,0x00,0x00,0x00,0x00,0xba,0x04,0x00,0x00,
    0x01,0x00,0x00,0x00,0x42,0x00,0x00,0x00,0x00,0x00,0x00,0x00,
    0x00,0x00,0x00,0x00,0x00,0x00,0x00,0x00,0x24,0x65,0x01,0x00,
    0x00,0x00,0x00,0x00,0x8c,0x03,0x00,0x00,0x00,0x00,0x00,0x00,
    0x00,0x00,0x00,0x00,0x17,0x00,0x00,0x00,0x04,0x00,0x00,0x00,
    0x00,0x00,0x00,0x00,0x00,0x00,0x00,0x00,0x00,0x00,0x00,0x00,
    0xdd,0x04,0x00,0x00,0x01,0x00,0x00,0x00,0x42,0x00,0x00,0x00,
    0x00,0x00,0x00,0x00,0x00,0x00,0x00,0x00,0x00,0x00,0x00,0x00,
    0xb0,0x68,0x01,0x00,0x00,0x00,0x00,0x00,0xa4,0x03,0x00,0x00,
    0x00,0x00,0x00,0x00,0x00,0x00,0x00,0x00,0x18,0x00,0x00,0x00,
    0x04,0x00,0x00,0x00,0x00,0x00,0x00,0x00,0x00,0x00,0x00,0x00,
    0x00,0x00,0x00,0x00,0x03,0x05,0x00,0x00,0x01,0x00,0x00,0x00,
    0x42,0x00,0x00,0x00,0x00,0x00,0x00,0x00,0x00,0x00,0x00,0x00,
    0x00,0x00,0x00,0x00,0x54,0x6c,0x01,0x00,0x00,0x00,0x00,0x00,
    0xa4,0x03,0x00,0x00,0x00,0x00,0x00,0x00,0x00,0x00,0x00,0x00,
    0x19,0x00,0x00,0x00,0x04,0x00,0x00,0x00,0x00,0x00,0x00,0x00,
    0x00,0x00,0x00,0x00,0x00,0x00,0x00,0x00,0x2d,0x05,0x00,0x00,
    0x01,0x00,0x00,0x00,0x42,0x00,0x00,0x00,0x00,0x00,0x00,0x00,
    0x00,0x00,0x00,0x00,0x00,0x00,0x00,0x00,0xf8,0x6f,0x01,0x00,
    0x00,0x00,0x00,0x00,0xa4,0x03,0x00,0x00,0x00,0x00,0x00,0x00,
    0x00,0x00,0x00,0x00,0x1a,0x00,0x00,0x00,0x04,0x00,0x00,0x00,
    0x00,0x00,0x00,0x00,0x00,0x00,0x00,0x00,0x00,0x00,0x00,0x00,
    0x4e,0x05,0x00,0x00,0x01,0x00,0x00,0x00,0x42,0x00,0x00,0x00,
    0x00,0x00,0x00,0x00,0x00,0x00,0x00,0x00,0x00,0x00,0x00,0x00,
    0x9c,0x73,0x01,0x00,0x00,0x00,0x00,0x00,0xa4,0x03,0x00,0x00,
    0x00,0x00,0x00,0x00,0x00,0x00,0x00,0x00,0x1b,0x00,0x00,0x00,
    0x04,0x00,0x00,0x00,0x00,0x00,0x00,0x00,0x00,0x00,0x00,0x00,
    0x00,0x00,0x00,0x00,0x78,0x05,0x00,0x00,0x01,0x00,0x00,0x00,
    0x42,0x00,0x00,0x00,0x00,0x00,0x00,0x00,0x00,0x00,0x00,0x00,
    0x00,0x00,0x00,0x00,0x40,0x77,0x01,0x00,0x00,0x00,0x00,0x00,
    0xa4,0x03,0x00,0x00,0x00,0x00,0x00,0x00,0x00,0x00,0x00,0x00,
    0x1c,0x00,0x00,0x00,0x04,0x00,0x00,0x00,0x00,0x00,0x00,0x00,
    0x00,0x00,0x00,0x00,0x00,0x00,0x00,0x00,0x9e,0x05,0x00,0x00,
    0x01,0x00,0x00,0x00,0x42,0x00,0x00,0x00,0x00,0x00,0x00,0x00,
    0x00,0x00,0x00,0x00,0x00,0x00,0x00,0x00,0xe4,0x7a,0x01,0x00,
    0x00,0x00,0x00,0x00,0xa4,0x03,0x00,0x00,0x00,0x00,0x00,0x00,
    0x00,0x00,0x00,0x00,0x1d,0x00,0x00,0x00,0x04,0x00,0x00,0x00,
    0x00,0x00,0x00,0x00,0x00,0x00,0x00,0x00,0x00,0x00,0x00,0x00,
    0xc4,0x05,0x00,0x00,0x01,0x00,0x00,0x00,0x42,0x00,0x00,0x00,
    0x00,0x00,0x00,0x00,0x00,0x00,0x00,0x00,0x00,0x00,0x00,0x00,
    0x88,0x7e,0x01,0x00,0x00,0x00,0x00,0x00,0xa4,0x03,0x00,0x00,
    0x00,0x00,0x00,0x00,0x00,0x00,0x00,0x00,0x1e,0x00,0x00,0x00,
    0x04,0x00,0x00,0x00,0x00,0x00,0x00,0x00,0x00,0x00,0x00,0x00,
    0x00,0x00,0x00,0x00,0xe4,0x05,0x00,0x00,0x16,0x00,0x00,0x70,
    0x00,0x00,0x00,0x10,0x00,0x00,0x00,0x00,0x00,0x00,0x00,0x00,
    0x00,0x00,0x00,0x00,0x30,0x82,0x01,0x00,0x00,0x00,0x00,0x00,
    0xb6,0x05,0x00,0x00,0x00,0x00,0x00,0x00,0x42,0x00,0x00,0x00,
    0x14,0x00,0x00,0x00,0x10,0x00,0x00,0x00,0x00,0x00,0x00,0x00,
    0x00,0x00,0x00,0x00,0x00,0x00,0x00,0x00,0x12,0x06,0x00,0x00,
    0x16,0x00,0x00,0x70,0x00,0x00,0x00,0x10,0x00,0x00,0x00,0x00,
    0x00,0x00,0x00,0x00,0x00,0x00,0x00,0x00,0xf0,0x87,0x01,0x00,
    0x00,0x00,0x00,0x00,0x32,0x05,0x00,0x00,0x00,0x00,0x00,0x00,
    0x42,0x00,0x00,0x00,0x15,0x00,0x00,0x00,0x10,0x00,0x00,0x00,
    0x00,0x00,0x00,0x00,0x00,0x00,0x00,0x00,0x00,0x00,0x00,0x00,
    0x38,0x06,0x00,0x00,0x16,0x00,0x00,0x70,0x00,0x00,0x00,0x10,
    0x00,0x00,0x00,0x00,0x00,0x00,0x00,0x00,0x00,0x00,0x00,0x00,
    0x30,0x8d,0x01,0x00,0x00,0x00,0x00,0x00,0x1e,0x04,0x00,0x00,
    0x00,0x00,0x00,0x00,0x42,0x00,0x00,0x00,0x16,0x00,0x00,0x00,
    0x10,0x00,0x00,0x00,0x00,0x00,0x00,0x00,0x00,0x00,0x00,0x00,
    0x00,0x00,0x00,0x00,0x61,0x06,0x00,0x00,0x16,0x00,0x00,0x70,
    0x00,0x00,0x00,0x10,0x00,0x00,0x00,0x00,0x00,0x00,0x00,0x00,
    0x00,0x00,0x00,0x00,0x50,0x91,0x01,0x00,0x00,0x00,0x00,0x00,
    0xd6,0x00,0x00,0x00,0x00,0x00,0x00,0x00,0x42,0x00,0x00,0x00,
    0x17,0x00,0x00,0x00,0x10,0x00,0x00,0x00,0x00,0x00,0x00,0x00,
    0x00,0x00,0x00,0x00,0x00,0x00,0x00,0x00,0x8e,0x06,0x00,0x00,
    0x16,0x00,0x00,0x70,0x00,0x00,0x00,0x10,0x00,0x00,0x00,0x00,
    0x00,0x00,0x00,0x00,0x00,0x00,0x00,0x00,0x30,0x92,0x01,0x00,
    0x00,0x00,0x00,0x00,0x3e,0x01,0x00,0x00,0x00,0x00,0x00,0x00,
    0x42,0x00,0x00,0x00,0x18,0x00,0x00,0x00,0x10,0x00,0x00,0x00,
    0x00,0x00,0x00,0x00,0x00,0x00,0x00,0x00,0x00,0x00,0x00,0x00,
    0xb2,0x06,0x00,0x00,0x16,0x00,0x00,0x70,0x00,0x00,0x00,0x10,
    0x00,0x00,0x00,0x00,0x00,0x00,0x00,0x00,0x00,0x00,0x00,0x00,
    0x70,0x93,0x01,0x00,0x00,0x00,0x00,0x00,0x82,0x06,0x00,0x00,
    0x00,0x00,0x00,0x00,0x42,0x00,0x00,0x00,0x19,0x00,0x00,0x00,
    0x10,0x00,0x00,0x00,0x00,0x00,0x00,0x00,0x00,0x00,0x00,0x00,
    0x00,0x00,0x00,0x00,0xdf,0x06,0x00,0x00,0x16,0x00,0x00,0x70,
    0x00,0x00,0x00,0x10,0x00,0x00,0x00,0x00,0x00,0x00,0x00,0x00,
    0x00,0x00,0x00,0x00,0x00,0x9a,0x01,0x00,0x00,0x00,0x00,0x00,
    0x1e,0x12,0x00,0x00,0x00,0x00,0x00,0x00,0x42,0x00,0x00,0x00,
    0x1a,0x00,0x00,0x00,0x10,0x00,0x00,0x00,0x00,0x00,0x00,0x00,
    0x00,0x00,0x00,0x00,0x00,0x00,0x00,0x00,0x08,0x07,0x00,0x00,
    0x16,0x00,0x00,0x70,0x00,0x00,0x00,0x10,0x00,0x00,0x00,0x00,
    0x00,0x00,0x00,0x00,0x00,0x00,0x00,0x00,0x20,0xac,0x01,0x00,
    0x00,0x00,0x00,0x00,0x62,0x0c,0x00,0x00,0x00,0x00,0x00,0x00,
    0x42,0x00,0x00,0x00,0x1b,0x00,0x00,0x00,0x10,0x00,0x00,0x00,
    0x00,0x00,0x00,0x00,0x00,0x00,0x00,0x00,0x00,0x00,0x00,0x00,
    0x31,0x07,0x00,0x00,0x16,0x00,0x00,0x70,0x00,0x00,0x00,0x10,
    0x00,0x00,0x00,0x00,0x00,0x00,0x00,0x00,0x00,0x00,0x00,0x00,
    0x90,0xb8,0x01,0x00,0x00,0x00,0x00,0x00,0x5e,0x0c,0x00,0x00,
    0x00,0x00,0x00,0x00,0x42,0x00,0x00,0x00,0x1c,0x00,0x00,0x00,
    0x10,0x00,0x00,0x00,0x00,0x00,0x00,0x00,0x00,0x00,0x00,0x00,
    0x00,0x00,0x00,0x00,0x54,0x07,0x00,0x00,0x01,0x00,0x00,0x00,
    0x00,0x00,0x00,0x10,0x00,0x00,0x00,0x00,0x00,0x00,0x00,0x00,
    0x00,0x00,0x00,0x00,0xee,0xc4,0x01,0x00,0x00,0x00,0x00,0x00,
    0xf0,0x03,0x00,0x00,0x00,0x00,0x00,0x00,0x00,0x00,0x00,0x00,
    0x00,0x00,0x00,0x00,0x01,0x00,0x00,0x00,0x00,0x00,0x00,0x00,
    0x00,0x00,0x00,0x00,0x00,0x00,0x00,0x00,0x69,0x07,0x00,0x00,
    0x83,0x00,0x00,0x70,0x00,0x00,0x00,0x10,0x00,0x00,0x00,0x00,
    0x00,0x00,0x00,0x00,0x00,0x00,0x00,0x00,0xe0,0xc8,0x01,0x00,
    0x00,0x00,0x00,0x00,0x44,0x01,0x00,0x00,0x00,0x00,0x00,0x00,
    0x42,0x00,0x00,0x00,0x00,0x00,0x00,0x00,0x04,0x00,0x00,0x00,
    0x00,0x00,0x00,0x00,0x00,0x00,0x00,0x00,0x00,0x00,0x00,0x00,
    0x7a,0x07,0x00,0x00,0x83,0x00,0x00,0x70,0x40,0x00,0x00,0x10,
    0x00,0x00,0x00,0x00,0x00,0x00,0x00,0x00,0x00,0x00,0x00,0x00,
    0x24,0xca,0x01,0x00,0x00,0x00,0x00,0x00,0xc0,0x00,0x00,0x00,
    0x00,0x00,0x00,0x00,0x42,0x00,0x00,0x00,0x2a,0x00,0x00,0x00,
    0x04,0x00,0x00,0x00,0x00,0x00,0x00,0x00,0x00,0x00,0x00,0x00,
    0x00,0x00,0x00,0x00,0xa8,0x07,0x00,0x00,0x83,0x00,0x00,0x70,
    0x40,0x00,0x00,0x10,0x00,0x00,0x00,0x00,0x00,0x00,0x00,0x00,
    0x00,0x00,0x00,0x00,0xe4,0xca,0x01,0x00,0x00,0x00,0x00,0x00,
    0x74,0x00,0x00,0x00,0x00,0x00,0x00,0x00,0x42,0x00,0x00,0x00,
    0x2b,0x00,0x00,0x00,0x04,0x00,0x00,0x00,0x00,0x00,0x00,0x00,
    0x00,0x00,0x00,0x00,0x00,0x00,0x00,0x00,0xce,0x07,0x00,0x00,
    0x83,0x00,0x00,0x70,0x40,0x00,0x00,0x10,0x00,0x00,0x00,0x00,
    0x00,0x00,0x00,0x00,0x00,0x00,0x00,0x00,0x58,0xcb,0x01,0x00,
    0x00,0x00,0x00,0x00,0xe4,0x00,0x00,0x00,0x00,0x00,0x00,0x00,
    0x42,0x00,0x00,0x00,0x2c,0x00,0x00,0x00,0x04,0x00,0x00,0x00,
    0x00,0x00,0x00,0x00,0x00,0x00,0x00,0x00,0x00,0x00,0x00,0x00,
    0xf7,0x07,0x00,0x00,0x83,0x00,0x00,0x70,0x40,0x00,0x00,0x10,
    0x00,0x00,0x00,0x00,0x00,0x00,0x00,0x00,0x00,0x00,0x00,0x00,
    0x3c,0xcc,0x01,0x00,0x00,0x00,0x00,0x00,0xb0,0x00,0x00,0x00,
    0x00,0x00,0x00,0x00,0x42,0x00,0x00,0x00,0x2d,0x00,0x00,0x00,
    0x04,0x00,0x00,0x00,0x00,0x00,0x00,0x00,0x00,0x00,0x00,0x00,
    0x00,0x00,0x00,0x00,0x24,0x08,0x00,0x00,0x83,0x00,0x00,0x70,
    0x40,0x00,0x00,0x10,0x00,0x00,0x00,0x00,0x00,0x00,0x00,0x00,
    0x00,0x00,0x00,0x00,0xec,0xcc,0x01,0x00,0x00,0x00,0x00,0x00,
    0xd0,0x00,0x00,0x00,0x00,0x00,0x00,0x00,0x42,0x00,0x00,0x00,
    0x2e,0x00,0x00,0x00,0x04,0x00,0x00,0x00,0x00,0x00,0x00,0x00,
    0x00,0x00,0x00,0x00,0x00,0x00,0x00,0x00,0x48,0x08,0x00,0x00,
    0x83,0x00,0x00,0x70,0x40,0x00,0x00,0x10,0x00,0x00,0x00,0x00,
    0x00,0x00,0x00,0x00,0x00,0x00,0x00,0x00,0xbc,0xcd,0x01,0x00,
    0x00,0x00,0x00,0x00,0xc4,0x01,0x00,0x00,0x00,0x00,0x00,0x00,
    0x42,0x00,0x00,0x00,0x2f,0x00,0x00,0x00,0x04,0x00,0x00,0x00,
    0x00,0x00,0x00,0x00,0x00,0x00,0x00,0x00,0x00,0x00,0x00,0x00,
    0x75,0x08,0x00,0x00,0x83,0x00,0x00,0x70,0x40,0x00,0x00,0x10,
    0x00,0x00,0x00,0x00,0x00,0x00,0x00,0x00,0x00,0x00,0x00,0x00,
    0x80,0xcf,0x01,0x00,0x00,0x00,0x00,0x00,0xbc,0x00,0x00,0x00,
    0x00,0x00,0x00,0x00,0x42,0x00,0x00,0x00,0x30,0x00,0x00,0x00,
    0x04,0x00,0x00,0x00,0x00,0x00,0x00,0x00,0x00,0x00,0x00,0x00,
    0x00,0x00,0x00,0x00,0x9e,0x08,0x00,0x00,0x83,0x00,0x00,0x70,
    0x40,0x00,0x00,0x10,0x00,0x00,0x00,0x00,0x00,0x00,0x00,0x00,
    0x00,0x00,0x00,0x00,0x3c,0xd0,0x01,0x00,0x00,0x00,0x00,0x00,
    0xbc,0x00,0x00,0x00,0x00,0x00,0x00,0x00,0x42,0x00,0x00,0x00,
    0x31,0x00,0x00,0x00,0x04,0x00,0x00,0x00,0x00,0x00,0x00,0x00,
    0x00,0x00,0x00,0x00,0x00,0x00,0x00,0x00,0xc7,0x08,0x00,0x00,
    0x83,0x00,0x00,0x70,0x40,0x00,0x00,0x10,0x00,0x00,0x00,0x00,
    0x00,0x00,0x00,0x00,0x00,0x00,0x00,0x00,0xf8,0xd0,0x01,0x00,
    0x00,0x00,0x00,0x00,0xbc,0x00,0x00,0x00,0x00,0x00,0x00,0x00,
    0x42,0x00,0x00,0x00,0x32,0x00,0x00,0x00,0x04,0x00,0x00,0x00,
    0x00,0x00,0x00,0x00,0x00,0x00,0x00,0x00,0x00,0x00,0x00,0x00,
    0xea,0x08,0x00,0x00,0x82,0x00,0x00,0x70,0x40,0x00,0x00,0x10,
    0x00,0x00,0x00,0x00,0x00,0x00,0x00,0x00,0x00,0x00,0x00,0x00,
    0xb8,0xd1,0x01,0x00,0x00,0x00,0x00,0x00,0xd8,0x00,0x00,0x00,
    0x00,0x00,0x00,0x00,0x42,0x00,0x00,0x00,0x2a,0x00,0x00,0x00,
    0x08,0x00,0x00,0x00,0x00,0x00,0x00,0x00,0x18,0x00,0x00,0x00,
    0x00,0x00,0x00,0x00,0x1a,0x09,0x00,0x00,0x82,0x00,0x00,0x70,
    0x40,0x00,0x00,0x10,0x00,0x00,0x00,0x00,0x00,0x00,0x00,0x00,
    0x00,0x00,0x00,0x00,0x90,0xd2,0x01,0x00,0x00,0x00,0x00,0x00,
    0xd8,0x00,0x00,0x00,0x00,0x00,0x00,0x00,0x42,0x00,0x00,0x00,
    0x33,0x00,0x00,0x00,0x08,0x00,0x00,0x00,0x00,0x00,0x00,0x00,
    0x18,0x00,0x00,0x00,0x00,0x00,0x00,0x00,0x34,0x09,0x00,0x00,
    0x7c,0x00,0x00,0x70,0x02,0x00,0x00,0x10,0x00,0x00,0x00,0x00,
    0x00,0x00,0x00,0x00,0x00,0x00,0x00,0x00,0xb0,0x22,0x00,0x00,
    0x00,0x00,0x00,0x00,0x40,0x00,0x00,0x00,0x00,0x00,0x00,0x00,
    0x00,0x00,0x00,0x00,0x00,0x00,0x00,0x00,0x04,0x00,0x00,0x00,
    0x00,0x00,0x00,0x00,0x00,0x00,0x00,0x00,0x00,0x00,0x00,0x00,
    0x4e,0x09,0x00,0x00,0x15,0x00,0x00,0x70,0x03,0x00,0x00,0x10,
    0x00,0x00,0x00,0x00,0x00,0x00,0x00,0x00,0x00,0x00,0x00,0x00,
    0x68,0xd3,0x01,0x00,0x00,0x00,0x00,0x00,0x00,0x00,0x00,0x00,
    0x00,0x00,0x00,0x00,0x00,0x00,0x00,0x00,0x00,0x00,0x00,0x00,
    0x01,0x00,0x00,0x00,0x00,0x00,0x00,0x00,0x00,0x00,0x00,0x00,
    0x00,0x00,0x00,0x00,0x6c,0x09,0x00,0x00,0x85,0x00,0x00,0x70,
    0x00,0x00,0x00,0x10,0x00,0x00,0x00,0x00,0x00,0x00,0x00,0x00,
    0x00,0x00,0x00,0x00,0x68,0xd3,0x01,0x00,0x00,0x00,0x00,0x00,
    0xb8,0x02,0x00,0x00,0x00,0x00,0x00,0x00,0x02,0x00,0x00,0x00,
    0x14,0x00,0x00,0x00,0x08,0x00,0x00,0x00,0x00,0x00,0x00,0x00,
    0x18,0x00,0x00,0x00,0x00,0x00,0x00,0x00,0x06,0x00,0x00,0x00,
    0x04,0x00,0x00,0x00,0xe0,0xe6,0x01,0x00,0x00,0x00,0x00,0x00,
    0x00,0x00,0x00,0x00,0x00,0x00,0x00,0x00,0x00,0x00,0x00,0x00,
    0x00,0x00,0x00,0x00,0x50,0x01,0x00,0x00,0x00,0x00,0x00,0x00,
    0x50,0x01,0x00,0x00,0x00,0x00,0x00,0x00,0x08,0x00,0x00,0x00,
    0x00,0x00,0x00,0x00,0x01,0x00,0x00,0x00,0x04,0x00,0x00,0x00,
    0xe0,0xe6,0x01,0x00,0x00,0x00,0x00,0x00,0x00,0x00,0x00,0x00,
    0x00,0x00,0x00,0x00,0x00,0x00,0x00,0x00,0x00,0x00,0x00,0x00,
    0x50,0x01,0x00,0x00,0x00,0x00,0x00,0x00,0x50,0x01,0x00,0x00,
    0x00,0x00,0x00,0x00,0x08,0x00,0x00,0x00,0x00,0x00,0x00,0x00,
    0x01,0x00,0x00,0x00,0x04,0x00,0x00,0x00,0xb0,0x22,0x00,0x00,
    0x00,0x00,0x00,0x00,0x00,0x00,0x00,0x00,0x00,0x00,0x00,0x00,
    0x00,0x00,0x00,0x00,0x00,0x00,0x00,0x00,0x40,0x00,0x00,0x00,
    0x00,0x00,0x00,0x00,0x40,0x00,0x00,0x00,0x00,0x00,0x00,0x00,
    0x08,0x00,0x00,0x00,0x00,0x00,0x00,0x00,0x01,0x00,0x00,0x00,
    0x05,0x00,0x00,0x00,0x00,0x23,0x00,0x00,0x00,0x00,0x00,0x00,
    0x00,0x00,0x00,0x00,0x00,0x00,0x00,0x00,0x00,0x00,0x00,0x00,
    0x00,0x00,0x00,0x00,0x80,0x3e,0x01,0x00,0x00,0x00,0x00,0x00,
    0x80,0x3e,0x01,0x00,0x00,0x00,0x00,0x00,0x08,0x00,0x00,0x00,
    0x00,0x00,0x00,0x00,0x01,0x00,0x00,0x00,0x06,0x00,0x00,0x00,
    0x80,0x61,0x01,0x00,0x00,0x00,0x00,0x00,0x00,0x00,0x00,0x00,
    0x00,0x00,0x00,0x00,0x00,0x00,0x00,0x00,0x00,0x00,0x00,0x00,
    0x00,0x00,0x00,0x00,0x00,0x00,0x00,0x00,0x80,0x0a,0x00,0x00,
    0x00,0x00,0x00,0x00,0x08,0x00,0x00,0x00,0x00,0x00,0x00,0x00,
    0x01,0x00,0x00,0x00,0x04,0x00,0x00,0x00,0x80,0x61,0x01,0x00,
    0x00,0x00,0x00,0x00,0x00,0x00,0x00,0x00,0x00,0x00,0x00,0x00,
    0x00,0x00,0x00,0x00,0x00,0x00,0x00,0x00,0xac,0x20,0x00,0x00,
    0x00,0x00,0x00,0x00,0xac,0x20,0x00,0x00,0x00,0x00,0x00,0x00,
    0x08,0x00,0x00,0x00,0x00,0x00,0x00,0x00,
};
static const unsigned int nvfp4_omma_cubin_len = 124976;
