// Generated from omma_gemv_proven.cubin
// sm_120a NVFP4 GEMV kernel
// Exports: gemv_nvfp4_sw (software) + gemv_nvfp4_omma (OMMA placeholder)

#ifdef __cplusplus
extern "C" {
#endif

unsigned char omma_gemv_proven_cubin[22584] = {
  0x7f, 0x45, 0x4c, 0x46, 0x02, 0x01, 0x01, 0x41, 0x08, 0x00, 0x00, 0x00,
  0x00, 0x00, 0x00, 0x00, 0x02, 0x00, 0xbe, 0x00, 0x01, 0x00, 0x00, 0x00,
  0x00, 0x00, 0x00, 0x00, 0x00, 0x00, 0x00, 0x00, 0x20, 0x57, 0x00, 0x00,
  0x00, 0x00, 0x00, 0x00, 0x60, 0x4f, 0x00, 0x00, 0x00, 0x00, 0x00, 0x00,
  0x02, 0x78, 0x00, 0x06, 0x40, 0x00, 0x38, 0x00, 0x05, 0x00, 0x40, 0x00,
  0x1f, 0x00, 0x01, 0x00, 0x00, 0x2e, 0x73, 0x68, 0x73, 0x74, 0x72, 0x74,
  0x61, 0x62, 0x00, 0x2e, 0x73, 0x74, 0x72, 0x74, 0x61, 0x62, 0x00, 0x2e,
  0x73, 0x79, 0x6d, 0x74, 0x61, 0x62, 0x00, 0x2e, 0x73, 0x79, 0x6d, 0x74,
  0x61, 0x62, 0x5f, 0x73, 0x68, 0x6e, 0x64, 0x78, 0x00, 0x2e, 0x6e, 0x6f,
  0x74, 0x65, 0x2e, 0x6e, 0x76, 0x2e, 0x74, 0x6b, 0x69, 0x6e, 0x66, 0x6f,
  0x00, 0x2e, 0x6e, 0x6f, 0x74, 0x65, 0x2e, 0x6e, 0x76, 0x2e, 0x63, 0x75,
  0x69, 0x6e, 0x66, 0x6f, 0x00, 0x2e, 0x6e, 0x76, 0x2e, 0x69, 0x6e, 0x66,
  0x6f, 0x00, 0x2e, 0x6e, 0x76, 0x2e, 0x63, 0x6f, 0x6d, 0x70, 0x61, 0x74,
  0x00, 0x2e, 0x74, 0x65, 0x78, 0x74, 0x2e, 0x67, 0x65, 0x6d, 0x76, 0x5f,
  0x6e, 0x76, 0x66, 0x70, 0x34, 0x5f, 0x6f, 0x6d, 0x6d, 0x61, 0x00, 0x2e,
  0x6e, 0x76, 0x2e, 0x69, 0x6e, 0x66, 0x6f, 0x2e, 0x67, 0x65, 0x6d, 0x76,
  0x5f, 0x6e, 0x76, 0x66, 0x70, 0x34, 0x5f, 0x6f, 0x6d, 0x6d, 0x61, 0x00,
  0x2e, 0x6e, 0x76, 0x2e, 0x73, 0x68, 0x61, 0x72, 0x65, 0x64, 0x2e, 0x67,
  0x65, 0x6d, 0x76, 0x5f, 0x6e, 0x76, 0x66, 0x70, 0x34, 0x5f, 0x6f, 0x6d,
  0x6d, 0x61, 0x00, 0x2e, 0x6e, 0x76, 0x2e, 0x73, 0x68, 0x61, 0x72, 0x65,
  0x64, 0x2e, 0x72, 0x65, 0x73, 0x65, 0x72, 0x76, 0x65, 0x64, 0x2e, 0x30,
  0x00, 0x2e, 0x72, 0x65, 0x6c, 0x2e, 0x74, 0x65, 0x78, 0x74, 0x2e, 0x67,
  0x65, 0x6d, 0x76, 0x5f, 0x6e, 0x76, 0x66, 0x70, 0x34, 0x5f, 0x6f, 0x6d,
  0x6d, 0x61, 0x00, 0x2e, 0x72, 0x65, 0x6c, 0x61, 0x2e, 0x74, 0x65, 0x78,
  0x74, 0x2e, 0x67, 0x65, 0x6d, 0x76, 0x5f, 0x6e, 0x76, 0x66, 0x70, 0x34,
  0x5f, 0x6f, 0x6d, 0x6d, 0x61, 0x00, 0x2e, 0x74, 0x65, 0x78, 0x74, 0x2e,
  0x67, 0x65, 0x6d, 0x76, 0x5f, 0x6e, 0x76, 0x66, 0x70, 0x34, 0x5f, 0x73,
  0x77, 0x00, 0x2e, 0x6e, 0x76, 0x2e, 0x69, 0x6e, 0x66, 0x6f, 0x2e, 0x67,
  0x65, 0x6d, 0x76, 0x5f, 0x6e, 0x76, 0x66, 0x70, 0x34, 0x5f, 0x73, 0x77,
  0x00, 0x2e, 0x6e, 0x76, 0x2e, 0x73, 0x68, 0x61, 0x72, 0x65, 0x64, 0x2e,
  0x67, 0x65, 0x6d, 0x76, 0x5f, 0x6e, 0x76, 0x66, 0x70, 0x34, 0x5f, 0x73,
  0x77, 0x00, 0x2e, 0x72, 0x65, 0x6c, 0x2e, 0x74, 0x65, 0x78, 0x74, 0x2e,
  0x67, 0x65, 0x6d, 0x76, 0x5f, 0x6e, 0x76, 0x66, 0x70, 0x34, 0x5f, 0x73,
  0x77, 0x00, 0x2e, 0x72, 0x65, 0x6c, 0x61, 0x2e, 0x74, 0x65, 0x78, 0x74,
  0x2e, 0x67, 0x65, 0x6d, 0x76, 0x5f, 0x6e, 0x76, 0x66, 0x70, 0x34, 0x5f,
  0x73, 0x77, 0x00, 0x2e, 0x64, 0x65, 0x62, 0x75, 0x67, 0x5f, 0x66, 0x72,
  0x61, 0x6d, 0x65, 0x00, 0x2e, 0x72, 0x65, 0x6c, 0x2e, 0x64, 0x65, 0x62,
  0x75, 0x67, 0x5f, 0x66, 0x72, 0x61, 0x6d, 0x65, 0x00, 0x2e, 0x72, 0x65,
  0x6c, 0x61, 0x2e, 0x64, 0x65, 0x62, 0x75, 0x67, 0x5f, 0x66, 0x72, 0x61,
  0x6d, 0x65, 0x00, 0x2e, 0x6e, 0x76, 0x2e, 0x63, 0x61, 0x6c, 0x6c, 0x67,
  0x72, 0x61, 0x70, 0x68, 0x00, 0x2e, 0x6e, 0x76, 0x2e, 0x70, 0x72, 0x6f,
  0x74, 0x6f, 0x74, 0x79, 0x70, 0x65, 0x00, 0x2e, 0x6e, 0x76, 0x2e, 0x63,
  0x6f, 0x6e, 0x73, 0x74, 0x61, 0x6e, 0x74, 0x30, 0x2e, 0x67, 0x65, 0x6d,
  0x76, 0x5f, 0x6e, 0x76, 0x66, 0x70, 0x34, 0x5f, 0x6f, 0x6d, 0x6d, 0x61,
  0x00, 0x2e, 0x6e, 0x76, 0x2e, 0x63, 0x6f, 0x6e, 0x73, 0x74, 0x61, 0x6e,
  0x74, 0x30, 0x2e, 0x67, 0x65, 0x6d, 0x76, 0x5f, 0x6e, 0x76, 0x66, 0x70,
  0x34, 0x5f, 0x73, 0x77, 0x00, 0x2e, 0x6e, 0x76, 0x2e, 0x63, 0x61, 0x70,
  0x6d, 0x65, 0x72, 0x63, 0x2e, 0x74, 0x65, 0x78, 0x74, 0x2e, 0x67, 0x65,
  0x6d, 0x76, 0x5f, 0x6e, 0x76, 0x66, 0x70, 0x34, 0x5f, 0x6f, 0x6d, 0x6d,
  0x61, 0x00, 0x2e, 0x6e, 0x76, 0x2e, 0x63, 0x61, 0x70, 0x6d, 0x65, 0x72,
  0x63, 0x2e, 0x74, 0x65, 0x78, 0x74, 0x2e, 0x67, 0x65, 0x6d, 0x76, 0x5f,
  0x6e, 0x76, 0x66, 0x70, 0x34, 0x5f, 0x73, 0x77, 0x00, 0x2e, 0x6e, 0x76,
  0x2e, 0x6d, 0x65, 0x72, 0x63, 0x2e, 0x64, 0x65, 0x62, 0x75, 0x67, 0x5f,
  0x66, 0x72, 0x61, 0x6d, 0x65, 0x00, 0x2e, 0x6e, 0x76, 0x2e, 0x6d, 0x65,
  0x72, 0x63, 0x2e, 0x6e, 0x76, 0x2e, 0x69, 0x6e, 0x66, 0x6f, 0x00, 0x2e,
  0x6e, 0x76, 0x2e, 0x6d, 0x65, 0x72, 0x63, 0x2e, 0x6e, 0x76, 0x2e, 0x69,
  0x6e, 0x66, 0x6f, 0x2e, 0x67, 0x65, 0x6d, 0x76, 0x5f, 0x6e, 0x76, 0x66,
  0x70, 0x34, 0x5f, 0x6f, 0x6d, 0x6d, 0x61, 0x00, 0x2e, 0x6e, 0x76, 0x2e,
  0x6d, 0x65, 0x72, 0x63, 0x2e, 0x6e, 0x76, 0x2e, 0x69, 0x6e, 0x66, 0x6f,
  0x2e, 0x67, 0x65, 0x6d, 0x76, 0x5f, 0x6e, 0x76, 0x66, 0x70, 0x34, 0x5f,
  0x73, 0x77, 0x00, 0x2e, 0x6e, 0x76, 0x2e, 0x6d, 0x65, 0x72, 0x63, 0x2e,
  0x72, 0x65, 0x6c, 0x61, 0x2e, 0x74, 0x65, 0x78, 0x74, 0x2e, 0x67, 0x65,
  0x6d, 0x76, 0x5f, 0x6e, 0x76, 0x66, 0x70, 0x34, 0x5f, 0x6f, 0x6d, 0x6d,
  0x61, 0x00, 0x2e, 0x6e, 0x76, 0x2e, 0x6d, 0x65, 0x72, 0x63, 0x2e, 0x72,
  0x65, 0x6c, 0x61, 0x2e, 0x74, 0x65, 0x78, 0x74, 0x2e, 0x67, 0x65, 0x6d,
  0x76, 0x5f, 0x6e, 0x76, 0x66, 0x70, 0x34, 0x5f, 0x73, 0x77, 0x00, 0x2e,
  0x6e, 0x76, 0x2e, 0x6d, 0x65, 0x72, 0x63, 0x2e, 0x72, 0x65, 0x6c, 0x61,
  0x2e, 0x64, 0x65, 0x62, 0x75, 0x67, 0x5f, 0x66, 0x72, 0x61, 0x6d, 0x65,
  0x00, 0x2e, 0x6e, 0x76, 0x2e, 0x6d, 0x65, 0x72, 0x63, 0x2e, 0x6e, 0x76,
  0x2e, 0x73, 0x68, 0x61, 0x72, 0x65, 0x64, 0x2e, 0x72, 0x65, 0x73, 0x65,
  0x72, 0x76, 0x65, 0x64, 0x2e, 0x30, 0x00, 0x2e, 0x6e, 0x76, 0x2e, 0x6d,
  0x65, 0x72, 0x63, 0x2e, 0x73, 0x79, 0x6d, 0x74, 0x61, 0x62, 0x00, 0x00,
  0x00, 0x00, 0x00, 0x00, 0x00, 0x00, 0x00, 0x00, 0x00, 0x00, 0x00, 0x00,
  0x00, 0x00, 0x00, 0x00, 0x00, 0x00, 0x00, 0x00, 0x00, 0x00, 0x00, 0x00,
  0x00, 0x00, 0x00, 0x00, 0x00, 0x00, 0x00, 0x00, 0x00, 0x00, 0x00, 0x00,
  0x2e, 0x73, 0x68, 0x73, 0x74, 0x72, 0x74, 0x61, 0x62, 0x00, 0x2e, 0x73,
  0x74, 0x72, 0x74, 0x61, 0x62, 0x00, 0x2e, 0x73, 0x79, 0x6d, 0x74, 0x61,
  0x62, 0x00, 0x2e, 0x73, 0x79, 0x6d, 0x74, 0x61, 0x62, 0x5f, 0x73, 0x68,
  0x6e, 0x64, 0x78, 0x00, 0x2e, 0x6e, 0x6f, 0x74, 0x65, 0x2e, 0x6e, 0x76,
  0x2e, 0x74, 0x6b, 0x69, 0x6e, 0x66, 0x6f, 0x00, 0x2e, 0x6e, 0x6f, 0x74,
  0x65, 0x2e, 0x6e, 0x76, 0x2e, 0x63, 0x75, 0x69, 0x6e, 0x66, 0x6f, 0x00,
  0x2e, 0x6e, 0x76, 0x2e, 0x69, 0x6e, 0x66, 0x6f, 0x00, 0x2e, 0x6e, 0x76,
  0x2e, 0x63, 0x6f, 0x6d, 0x70, 0x61, 0x74, 0x00, 0x2e, 0x74, 0x65, 0x78,
  0x74, 0x2e, 0x67, 0x65, 0x6d, 0x76, 0x5f, 0x6e, 0x76, 0x66, 0x70, 0x34,
  0x5f, 0x6f, 0x6d, 0x6d, 0x61, 0x00, 0x2e, 0x6e, 0x76, 0x2e, 0x69, 0x6e,
  0x66, 0x6f, 0x2e, 0x67, 0x65, 0x6d, 0x76, 0x5f, 0x6e, 0x76, 0x66, 0x70,
  0x34, 0x5f, 0x6f, 0x6d, 0x6d, 0x61, 0x00, 0x2e, 0x6e, 0x76, 0x2e, 0x73,
  0x68, 0x61, 0x72, 0x65, 0x64, 0x2e, 0x67, 0x65, 0x6d, 0x76, 0x5f, 0x6e,
  0x76, 0x66, 0x70, 0x34, 0x5f, 0x6f, 0x6d, 0x6d, 0x61, 0x00, 0x2e, 0x6e,
  0x76, 0x2e, 0x72, 0x65, 0x73, 0x65, 0x72, 0x76, 0x65, 0x64, 0x53, 0x6d,
  0x65, 0x6d, 0x2e, 0x6f, 0x66, 0x66, 0x73, 0x65, 0x74, 0x30, 0x00, 0x2e,
  0x6e, 0x76, 0x2e, 0x73, 0x68, 0x61, 0x72, 0x65, 0x64, 0x2e, 0x72, 0x65,
  0x73, 0x65, 0x72, 0x76, 0x65, 0x64, 0x2e, 0x30, 0x00, 0x5f, 0x5f, 0x6e,
  0x76, 0x5f, 0x72, 0x65, 0x73, 0x65, 0x72, 0x76, 0x65, 0x64, 0x53, 0x4d,
  0x45, 0x4d, 0x5f, 0x6f, 0x66, 0x66, 0x73, 0x65, 0x74, 0x5f, 0x30, 0x5f,
  0x61, 0x6c, 0x69, 0x61, 0x73, 0x00, 0x24, 0x5f, 0x5f, 0x69, 0x6e, 0x74,
  0x65, 0x72, 0x6e, 0x61, 0x6c, 0x5f, 0x30, 0x5f, 0x24, 0x5f, 0x5f, 0x63,
  0x75, 0x64, 0x61, 0x5f, 0x73, 0x6d, 0x33, 0x78, 0x5f, 0x64, 0x69, 0x76,
  0x5f, 0x72, 0x6e, 0x5f, 0x6e, 0x6f, 0x66, 0x74, 0x7a, 0x5f, 0x66, 0x33,
  0x32, 0x5f, 0x73, 0x6c, 0x6f, 0x77, 0x70, 0x61, 0x74, 0x68, 0x00, 0x2e,
  0x72, 0x65, 0x6c, 0x2e, 0x74, 0x65, 0x78, 0x74, 0x2e, 0x67, 0x65, 0x6d,
  0x76, 0x5f, 0x6e, 0x76, 0x66, 0x70, 0x34, 0x5f, 0x6f, 0x6d, 0x6d, 0x61,
  0x00, 0x2e, 0x72, 0x65, 0x6c, 0x61, 0x2e, 0x74, 0x65, 0x78, 0x74, 0x2e,
  0x67, 0x65, 0x6d, 0x76, 0x5f, 0x6e, 0x76, 0x66, 0x70, 0x34, 0x5f, 0x6f,
  0x6d, 0x6d, 0x61, 0x00, 0x2e, 0x74, 0x65, 0x78, 0x74, 0x2e, 0x67, 0x65,
  0x6d, 0x76, 0x5f, 0x6e, 0x76, 0x66, 0x70, 0x34, 0x5f, 0x73, 0x77, 0x00,
  0x2e, 0x6e, 0x76, 0x2e, 0x69, 0x6e, 0x66, 0x6f, 0x2e, 0x67, 0x65, 0x6d,
  0x76, 0x5f, 0x6e, 0x76, 0x66, 0x70, 0x34, 0x5f, 0x73, 0x77, 0x00, 0x2e,
  0x6e, 0x76, 0x2e, 0x73, 0x68, 0x61, 0x72, 0x65, 0x64, 0x2e, 0x67, 0x65,
  0x6d, 0x76, 0x5f, 0x6e, 0x76, 0x66, 0x70, 0x34, 0x5f, 0x73, 0x77, 0x00,
  0x24, 0x5f, 0x5f, 0x69, 0x6e, 0x74, 0x65, 0x72, 0x6e, 0x61, 0x6c, 0x5f,
  0x31, 0x5f, 0x24, 0x5f, 0x5f, 0x63, 0x75, 0x64, 0x61, 0x5f, 0x73, 0x6d,
  0x33, 0x78, 0x5f, 0x64, 0x69, 0x76, 0x5f, 0x72, 0x6e, 0x5f, 0x6e, 0x6f,
  0x66, 0x74, 0x7a, 0x5f, 0x66, 0x33, 0x32, 0x5f, 0x73, 0x6c, 0x6f, 0x77,
  0x70, 0x61, 0x74, 0x68, 0x00, 0x2e, 0x72, 0x65, 0x6c, 0x2e, 0x74, 0x65,
  0x78, 0x74, 0x2e, 0x67, 0x65, 0x6d, 0x76, 0x5f, 0x6e, 0x76, 0x66, 0x70,
  0x34, 0x5f, 0x73, 0x77, 0x00, 0x2e, 0x72, 0x65, 0x6c, 0x61, 0x2e, 0x74,
  0x65, 0x78, 0x74, 0x2e, 0x67, 0x65, 0x6d, 0x76, 0x5f, 0x6e, 0x76, 0x66,
  0x70, 0x34, 0x5f, 0x73, 0x77, 0x00, 0x2e, 0x64, 0x65, 0x62, 0x75, 0x67,
  0x5f, 0x66, 0x72, 0x61, 0x6d, 0x65, 0x00, 0x2e, 0x72, 0x65, 0x6c, 0x2e,
  0x64, 0x65, 0x62, 0x75, 0x67, 0x5f, 0x66, 0x72, 0x61, 0x6d, 0x65, 0x00,
  0x2e, 0x72, 0x65, 0x6c, 0x61, 0x2e, 0x64, 0x65, 0x62, 0x75, 0x67, 0x5f,
  0x66, 0x72, 0x61, 0x6d, 0x65, 0x00, 0x2e, 0x6e, 0x76, 0x2e, 0x63, 0x61,
  0x6c, 0x6c, 0x67, 0x72, 0x61, 0x70, 0x68, 0x00, 0x2e, 0x6e, 0x76, 0x2e,
  0x70, 0x72, 0x6f, 0x74, 0x6f, 0x74, 0x79, 0x70, 0x65, 0x00, 0x67, 0x65,
  0x6d, 0x76, 0x5f, 0x6e, 0x76, 0x66, 0x70, 0x34, 0x5f, 0x6f, 0x6d, 0x6d,
  0x61, 0x00, 0x67, 0x65, 0x6d, 0x76, 0x5f, 0x6e, 0x76, 0x66, 0x70, 0x34,
  0x5f, 0x73, 0x77, 0x00, 0x2e, 0x6e, 0x76, 0x2e, 0x63, 0x6f, 0x6e, 0x73,
  0x74, 0x61, 0x6e, 0x74, 0x30, 0x2e, 0x67, 0x65, 0x6d, 0x76, 0x5f, 0x6e,
  0x76, 0x66, 0x70, 0x34, 0x5f, 0x6f, 0x6d, 0x6d, 0x61, 0x00, 0x2e, 0x6e,
  0x76, 0x2e, 0x63, 0x6f, 0x6e, 0x73, 0x74, 0x61, 0x6e, 0x74, 0x30, 0x2e,
  0x67, 0x65, 0x6d, 0x76, 0x5f, 0x6e, 0x76, 0x66, 0x70, 0x34, 0x5f, 0x73,
  0x77, 0x00, 0x00, 0x00, 0x00, 0x00, 0x00, 0x00, 0x00, 0x00, 0x00, 0x00,
  0x00, 0x00, 0x00, 0x00, 0x00, 0x00, 0x00, 0x00, 0x00, 0x00, 0x00, 0x00,
  0x00, 0x00, 0x00, 0x00, 0x00, 0x00, 0x00, 0x00, 0x29, 0x00, 0x00, 0x00,
  0x03, 0x00, 0x05, 0x00, 0x00, 0x00, 0x00, 0x00, 0x00, 0x00, 0x00, 0x00,
  0x00, 0x00, 0x00, 0x00, 0x00, 0x00, 0x00, 0x00, 0x39, 0x00, 0x00, 0x00,
  0x03, 0x00, 0x06, 0x00, 0x00, 0x00, 0x00, 0x00, 0x00, 0x00, 0x00, 0x00,
  0x00, 0x00, 0x00, 0x00, 0x00, 0x00, 0x00, 0x00, 0x5d, 0x00, 0x00, 0x00,
  0x03, 0x00, 0x0f, 0x00, 0x00, 0x00, 0x00, 0x00, 0x00, 0x00, 0x00, 0x00,
  0x00, 0x00, 0x00, 0x00, 0x00, 0x00, 0x00, 0x00, 0xa7, 0x00, 0x00, 0x00,
  0x21, 0x00, 0x00, 0x00, 0x40, 0x00, 0x00, 0x00, 0x00, 0x00, 0x00, 0x00,
  0x04, 0x00, 0x00, 0x00, 0x00, 0x00, 0x00, 0x00, 0xd6, 0x00, 0x00, 0x00,
  0x20, 0xa0, 0x11, 0x00, 0x40, 0x00, 0x00, 0x00, 0x00, 0x00, 0x00, 0x00,
  0x00, 0x00, 0x00, 0x00, 0x00, 0x00, 0x00, 0x00, 0xf7, 0x00, 0x00, 0x00,
  0x02, 0x00, 0x0f, 0x00, 0xc0, 0x10, 0x00, 0x00, 0x00, 0x00, 0x00, 0x00,
  0x40, 0x07, 0x00, 0x00, 0x00, 0x00, 0x00, 0x00, 0x61, 0x01, 0x00, 0x00,
  0x03, 0x00, 0x10, 0x00, 0x00, 0x00, 0x00, 0x00, 0x00, 0x00, 0x00, 0x00,
  0x00, 0x00, 0x00, 0x00, 0x00, 0x00, 0x00, 0x00, 0xa5, 0x01, 0x00, 0x00,
  0x02, 0x00, 0x10, 0x00, 0xc0, 0x10, 0x00, 0x00, 0x00, 0x00, 0x00, 0x00,
  0x40, 0x07, 0x00, 0x00, 0x00, 0x00, 0x00, 0x00, 0x0b, 0x02, 0x00, 0x00,
  0x03, 0x00, 0x04, 0x00, 0x00, 0x00, 0x00, 0x00, 0x00, 0x00, 0x00, 0x00,
  0x00, 0x00, 0x00, 0x00, 0x00, 0x00, 0x00, 0x00, 0x3b, 0x02, 0x00, 0x00,
  0x03, 0x00, 0x0b, 0x00, 0x00, 0x00, 0x00, 0x00, 0x00, 0x00, 0x00, 0x00,
  0x00, 0x00, 0x00, 0x00, 0x00, 0x00, 0x00, 0x00, 0x57, 0x02, 0x00, 0x00,
  0x12, 0x10, 0x0f, 0x00, 0x00, 0x00, 0x00, 0x00, 0x00, 0x00, 0x00, 0x00,
  0x00, 0x18, 0x00, 0x00, 0x00, 0x00, 0x00, 0x00, 0x67, 0x02, 0x00, 0x00,
  0x12, 0x10, 0x10, 0x00, 0x00, 0x00, 0x00, 0x00, 0x00, 0x00, 0x00, 0x00,
  0x00, 0x18, 0x00, 0x00, 0x00, 0x00, 0x00, 0x00, 0x75, 0x02, 0x00, 0x00,
  0x03, 0x00, 0x12, 0x00, 0x00, 0x00, 0x00, 0x00, 0x00, 0x00, 0x00, 0x00,
  0x00, 0x00, 0x00, 0x00, 0x00, 0x00, 0x00, 0x00, 0x93, 0x02, 0x00, 0x00,
  0x03, 0x00, 0x13, 0x00, 0x00, 0x00, 0x00, 0x00, 0x00, 0x00, 0x00, 0x00,
  0x00, 0x00, 0x00, 0x00, 0x00, 0x00, 0x00, 0x00, 0xff, 0xff, 0xff, 0xff,
  0x24, 0x00, 0x00, 0x00, 0x00, 0x00, 0x00, 0x00, 0xff, 0xff, 0xff, 0xff,
  0xff, 0xff, 0xff, 0xff, 0x03, 0x00, 0x04, 0x7c, 0xff, 0xff, 0xff, 0xff,
  0x0f, 0x0c, 0x81, 0x80, 0x80, 0x28, 0x00, 0x08, 0xff, 0x81, 0x80, 0x28,
  0x08, 0x81, 0x80, 0x80, 0x28, 0x00, 0x00, 0x00, 0xff, 0xff, 0xff, 0xff,
  0x2c, 0x00, 0x00, 0x00, 0x00, 0x00, 0x00, 0x00, 0x00, 0x00, 0x00, 0x00,
  0x00, 0x00, 0x00, 0x00, 0x00, 0x00, 0x00, 0x00, 0x00, 0x00, 0x00, 0x00,
  0xc0, 0x10, 0x00, 0x00, 0x00, 0x00, 0x00, 0x00, 0x04, 0x20, 0x00, 0x00,
  0x00, 0x0c, 0x81, 0x80, 0x80, 0x28, 0x00, 0x04, 0x0c, 0x04, 0x00, 0x00,
  0x00, 0x00, 0x00, 0x00, 0xff, 0xff, 0xff, 0xff, 0x3c, 0x00, 0x00, 0x00,
  0x00, 0x00, 0x00, 0x00, 0xff, 0xff, 0xff, 0xff, 0xff, 0xff, 0xff, 0xff,
  0x03, 0x00, 0x04, 0x7c, 0x80, 0x82, 0x80, 0x28, 0x0c, 0x81, 0x80, 0x80,
  0x28, 0x00, 0x08, 0xff, 0x81, 0x80, 0x28, 0x08, 0x81, 0x80, 0x80, 0x28,
  0x08, 0x82, 0x80, 0x80, 0x28, 0x16, 0x80, 0x82, 0x80, 0x28, 0x10, 0x03,
  0x00, 0x00, 0x00, 0x00, 0x00, 0x00, 0x00, 0x00, 0x92, 0x82, 0x80, 0x80,
  0x28, 0x00, 0x22, 0x00, 0xff, 0xff, 0xff, 0xff, 0x1c, 0x00, 0x00, 0x00,
  0x00, 0x00, 0x00, 0x00, 0x68, 0x00, 0x00, 0x00, 0x00, 0x00, 0x00, 0x00,
  0xc0, 0x10, 0x00, 0x00, 0x00, 0x00, 0x00, 0x00, 0x40, 0x07, 0x00, 0x00,
  0x00, 0x00, 0x00, 0x00, 0x00, 0x00, 0x00, 0x00, 0xff, 0xff, 0xff, 0xff,
  0x24, 0x00, 0x00, 0x00, 0x00, 0x00, 0x00, 0x00, 0xff, 0xff, 0xff, 0xff,
  0xff, 0xff, 0xff, 0xff, 0x03, 0x00, 0x04, 0x7c, 0xff, 0xff, 0xff, 0xff,
  0x0f, 0x0c, 0x81, 0x80, 0x80, 0x28, 0x00, 0x08, 0xff, 0x81, 0x80, 0x28,
  0x08, 0x81, 0x80, 0x80, 0x28, 0x00, 0x00, 0x00, 0xff, 0xff, 0xff, 0xff,
  0x2c, 0x00, 0x00, 0x00, 0x00, 0x00, 0x00, 0x00, 0xd8, 0x00, 0x00, 0x00,
  0x00, 0x00, 0x00, 0x00, 0x00, 0x00, 0x00, 0x00, 0x00, 0x00, 0x00, 0x00,
  0xc0, 0x10, 0x00, 0x00, 0x00, 0x00, 0x00, 0x00, 0x04, 0x20, 0x00, 0x00,
  0x00, 0x0c, 0x81, 0x80, 0x80, 0x28, 0x00, 0x04, 0x0c, 0x04, 0x00, 0x00,
  0x00, 0x00, 0x00, 0x00, 0xff, 0xff, 0xff, 0xff, 0x3c, 0x00, 0x00, 0x00,
  0x00, 0x00, 0x00, 0x00, 0xff, 0xff, 0xff, 0xff, 0xff, 0xff, 0xff, 0xff,
  0x03, 0x00, 0x04, 0x7c, 0x80, 0x82, 0x80, 0x28, 0x0c, 0x81, 0x80, 0x80,
  0x28, 0x00, 0x08, 0xff, 0x81, 0x80, 0x28, 0x08, 0x81, 0x80, 0x80, 0x28,
  0x08, 0x82, 0x80, 0x80, 0x28, 0x16, 0x80, 0x82, 0x80, 0x28, 0x10, 0x03,
  0x00, 0x00, 0x00, 0x00, 0x00, 0x00, 0x00, 0x00, 0x92, 0x82, 0x80, 0x80,
  0x28, 0x00, 0x22, 0x00, 0xff, 0xff, 0xff, 0xff, 0x1c, 0x00, 0x00, 0x00,
  0x00, 0x00, 0x00, 0x00, 0x40, 0x01, 0x00, 0x00, 0x00, 0x00, 0x00, 0x00,
  0xc0, 0x10, 0x00, 0x00, 0x00, 0x00, 0x00, 0x00, 0x40, 0x07, 0x00, 0x00,
  0x00, 0x00, 0x00, 0x00, 0x00, 0x00, 0x00, 0x00, 0x0c, 0x00, 0x00, 0x00,
  0x90, 0x00, 0x00, 0x00, 0xd0, 0x07, 0x00, 0x00, 0x4e, 0x56, 0x49, 0x44,
  0x49, 0x41, 0x20, 0x43, 0x6f, 0x72, 0x70, 0x00, 0x02, 0x00, 0x00, 0x00,
  0x00, 0x00, 0x00, 0x00, 0x01, 0x00, 0x00, 0x00, 0x07, 0x00, 0x00, 0x00,
  0x36, 0x00, 0x00, 0x00, 0x60, 0x00, 0x00, 0x00, 0x00, 0x70, 0x74, 0x78,
  0x61, 0x73, 0x00, 0x43, 0x75, 0x64, 0x61, 0x20, 0x63, 0x6f, 0x6d, 0x70,
  0x69, 0x6c, 0x61, 0x74, 0x69, 0x6f, 0x6e, 0x20, 0x74, 0x6f, 0x6f, 0x6c,
  0x73, 0x2c, 0x20, 0x72, 0x65, 0x6c, 0x65, 0x61, 0x73, 0x65, 0x20, 0x31,
  0x33, 0x2e, 0x33, 0x2c, 0x20, 0x56, 0x31, 0x33, 0x2e, 0x33, 0x2e, 0x33,
  0x33, 0x00, 0x42, 0x75, 0x69, 0x6c, 0x64, 0x20, 0x63, 0x75, 0x64, 0x61,
  0x5f, 0x31, 0x33, 0x2e, 0x33, 0x2e, 0x72, 0x31, 0x33, 0x2e, 0x33, 0x2f,
  0x63, 0x6f, 0x6d, 0x70, 0x69, 0x6c, 0x65, 0x72, 0x2e, 0x33, 0x37, 0x38,
  0x36, 0x32, 0x31, 0x32, 0x37, 0x5f, 0x30, 0x00, 0x2d, 0x61, 0x72, 0x63,
  0x68, 0x20, 0x73, 0x6d, 0x5f, 0x31, 0x32, 0x30, 0x61, 0x20, 0x2d, 0x6d,
  0x20, 0x36, 0x34, 0x20, 0x00, 0x00, 0x00, 0x00, 0x0c, 0x00, 0x00, 0x00,
  0x08, 0x00, 0x00, 0x00, 0xe8, 0x03, 0x00, 0x00, 0x4e, 0x56, 0x49, 0x44,
  0x49, 0x41, 0x20, 0x43, 0x6f, 0x72, 0x70, 0x00, 0x02, 0x00, 0x78, 0x00,
  0x85, 0x00, 0x00, 0x00, 0x04, 0x2f, 0x08, 0x00, 0x0c, 0x00, 0x00, 0x00,
  0x28, 0x00, 0x00, 0x00, 0x04, 0x11, 0x08, 0x00, 0x08, 0x00, 0x00, 0x00,
  0x00, 0x00, 0x00, 0x00, 0x04, 0x11, 0x08, 0x00, 0x0c, 0x00, 0x00, 0x00,
  0x00, 0x00, 0x00, 0x00, 0x04, 0x2f, 0x08, 0x00, 0x0b, 0x00, 0x00, 0x00,
  0x28, 0x00, 0x00, 0x00, 0x04, 0x11, 0x08, 0x00, 0x06, 0x00, 0x00, 0x00,
  0x00, 0x00, 0x00, 0x00, 0x04, 0x11, 0x08, 0x00, 0x0b, 0x00, 0x00, 0x00,
  0x00, 0x00, 0x00, 0x00, 0x04, 0x12, 0x08, 0x00, 0x0b, 0x00, 0x00, 0x00,
  0x00, 0x00, 0x00, 0x00, 0x04, 0x12, 0x08, 0x00, 0x0c, 0x00, 0x00, 0x00,
  0x00, 0x00, 0x00, 0x00, 0x02, 0x09, 0x01, 0x00, 0x02, 0x02, 0x01, 0x00,
  0x03, 0x0d, 0x01, 0x01, 0x03, 0x07, 0x01, 0x01, 0x02, 0x03, 0x00, 0x00,
  0x04, 0x0b, 0x08, 0x00, 0x10, 0x00, 0x00, 0x00, 0x00, 0x00, 0x00, 0x00,
  0x04, 0x66, 0x04, 0x00, 0x03, 0x00, 0x00, 0x00, 0x04, 0x37, 0x04, 0x00,
  0x85, 0x00, 0x00, 0x00, 0x04, 0x17, 0x0c, 0x00, 0x00, 0x00, 0x00, 0x00,
  0x04, 0x00, 0x1c, 0x00, 0x00, 0xf0, 0x11, 0x00, 0x04, 0x17, 0x0c, 0x00,
  0x00, 0x00, 0x00, 0x00, 0x03, 0x00, 0x18, 0x00, 0x00, 0xf0, 0x11, 0x00,
  0x04, 0x17, 0x0c, 0x00, 0x00, 0x00, 0x00, 0x00, 0x02, 0x00, 0x10, 0x00,
  0x00, 0xf5, 0x21, 0x00, 0x04, 0x17, 0x0c, 0x00, 0x00, 0x00, 0x00, 0x00,
  0x01, 0x00, 0x08, 0x00, 0x00, 0xf5, 0x21, 0x00, 0x04, 0x17, 0x0c, 0x00,
  0x00, 0x00, 0x00, 0x00, 0x00, 0x00, 0x00, 0x00, 0x00, 0xf5, 0x21, 0x00,
  0x03, 0x50, 0x00, 0x00, 0x03, 0x1b, 0xff, 0x00, 0x03, 0x5f, 0x01, 0x01,
  0x04, 0x29, 0x14, 0x00, 0xff, 0xff, 0xff, 0xff, 0xff, 0xff, 0xff, 0xff,
  0xff, 0xff, 0xff, 0xff, 0xff, 0xff, 0xff, 0xff, 0xff, 0xff, 0xff, 0xff,
  0x04, 0x28, 0x14, 0x00, 0xc0, 0x0f, 0x00, 0x00, 0xf0, 0x0f, 0x00, 0x00,
  0x10, 0x10, 0x00, 0x00, 0x30, 0x10, 0x00, 0x00, 0x50, 0x10, 0x00, 0x00,
  0x02, 0x4a, 0x00, 0x00, 0x04, 0x1c, 0x08, 0x00, 0x60, 0x10, 0x00, 0x00,
  0xb0, 0x10, 0x00, 0x00, 0x04, 0x1e, 0x04, 0x00, 0x00, 0x00, 0x00, 0x00,
  0x03, 0x19, 0x20, 0x00, 0x04, 0x0a, 0x08, 0x00, 0x0d, 0x00, 0x00, 0x00,
  0x80, 0x03, 0x20, 0x00, 0x04, 0x36, 0x04, 0x00, 0x00, 0x00, 0x00, 0x00,
  0x03, 0x6b, 0x01, 0x00, 0x04, 0x66, 0x04, 0x00, 0x03, 0x00, 0x00, 0x00,
  0x04, 0x37, 0x04, 0x00, 0x85, 0x00, 0x00, 0x00, 0x04, 0x17, 0x0c, 0x00,
  0x00, 0x00, 0x00, 0x00, 0x04, 0x00, 0x1c, 0x00, 0x00, 0xf0, 0x11, 0x00,
  0x04, 0x17, 0x0c, 0x00, 0x00, 0x00, 0x00, 0x00, 0x03, 0x00, 0x18, 0x00,
  0x00, 0xf0, 0x11, 0x00, 0x04, 0x17, 0x0c, 0x00, 0x00, 0x00, 0x00, 0x00,
  0x02, 0x00, 0x10, 0x00, 0x00, 0xf5, 0x21, 0x00, 0x04, 0x17, 0x0c, 0x00,
  0x00, 0x00, 0x00, 0x00, 0x01, 0x00, 0x08, 0x00, 0x00, 0xf5, 0x21, 0x00,
  0x04, 0x17, 0x0c, 0x00, 0x00, 0x00, 0x00, 0x00, 0x00, 0x00, 0x00, 0x00,
  0x00, 0xf5, 0x21, 0x00, 0x03, 0x50, 0x00, 0x00, 0x03, 0x1b, 0xff, 0x00,
  0x03, 0x5f, 0x01, 0x01, 0x04, 0x29, 0x14, 0x00, 0xff, 0xff, 0xff, 0xff,
  0xff, 0xff, 0xff, 0xff, 0xff, 0xff, 0xff, 0xff, 0xff, 0xff, 0xff, 0xff,
  0xff, 0xff, 0xff, 0xff, 0x04, 0x28, 0x14, 0x00, 0xc0, 0x0f, 0x00, 0x00,
  0xf0, 0x0f, 0x00, 0x00, 0x10, 0x10, 0x00, 0x00, 0x30, 0x10, 0x00, 0x00,
  0x50, 0x10, 0x00, 0x00, 0x02, 0x4a, 0x00, 0x00, 0x04, 0x1c, 0x08, 0x00,
  0x60, 0x10, 0x00, 0x00, 0xb0, 0x10, 0x00, 0x00, 0x04, 0x1e, 0x04, 0x00,
  0x00, 0x00, 0x00, 0x00, 0x03, 0x19, 0x20, 0x00, 0x04, 0x0a, 0x08, 0x00,
  0x0e, 0x00, 0x00, 0x00, 0x80, 0x03, 0x20, 0x00, 0x04, 0x36, 0x04, 0x00,
  0x00, 0x00, 0x00, 0x00, 0x03, 0x6b, 0x01, 0x00, 0x00, 0x00, 0x00, 0x00,
  0xff, 0xff, 0xff, 0xff, 0x00, 0x00, 0x00, 0x00, 0xfe, 0xff, 0xff, 0xff,
  0x00, 0x00, 0x00, 0x00, 0xfd, 0xff, 0xff, 0xff, 0x00, 0x00, 0x00, 0x00,
  0xfc, 0xff, 0xff, 0xff, 0x9c, 0x01, 0x00, 0x00, 0x00, 0x00, 0x00, 0x00,
  0x02, 0x00, 0x00, 0x00, 0x0c, 0x00, 0x00, 0x00, 0xc0, 0x10, 0x00, 0x00,
  0x00, 0x00, 0x00, 0x00, 0x1c, 0x01, 0x00, 0x00, 0x00, 0x00, 0x00, 0x00,
  0x02, 0x00, 0x00, 0x00, 0x0c, 0x00, 0x00, 0x00, 0x00, 0x00, 0x00, 0x00,
  0x00, 0x00, 0x00, 0x00, 0x78, 0x01, 0x00, 0x00, 0x00, 0x00, 0x00, 0x00,
  0x02, 0x00, 0x00, 0x00, 0x0c, 0x00, 0x00, 0x00, 0x00, 0x00, 0x00, 0x00,
  0x00, 0x00, 0x00, 0x00, 0xc4, 0x00, 0x00, 0x00, 0x00, 0x00, 0x00, 0x00,
  0x02, 0x00, 0x00, 0x00, 0x0b, 0x00, 0x00, 0x00, 0xc0, 0x10, 0x00, 0x00,
  0x00, 0x00, 0x00, 0x00, 0x44, 0x00, 0x00, 0x00, 0x00, 0x00, 0x00, 0x00,
  0x02, 0x00, 0x00, 0x00, 0x0b, 0x00, 0x00, 0x00, 0x00, 0x00, 0x00, 0x00,
  0x00, 0x00, 0x00, 0x00, 0xa0, 0x00, 0x00, 0x00, 0x00, 0x00, 0x00, 0x00,
  0x02, 0x00, 0x00, 0x00, 0x0b, 0x00, 0x00, 0x00, 0x00, 0x00, 0x00, 0x00,
  0x00, 0x00, 0x00, 0x00, 0x00, 0x00, 0x00, 0x00, 0x00, 0x00, 0x00, 0x00,
  0x00, 0x00, 0x00, 0x00, 0x00, 0x00, 0x00, 0x00, 0x00, 0x00, 0x00, 0x00,
  0x00, 0x00, 0x00, 0x00, 0x82, 0x7b, 0x01, 0xff, 0x00, 0xdf, 0x00, 0x00,
  0x00, 0x08, 0x00, 0x00, 0x00, 0xe2, 0x0f, 0x00, 0xac, 0x77, 0x04, 0xff,
  0x80, 0x73, 0x00, 0x00, 0x00, 0x08, 0x00, 0x08, 0x00, 0x22, 0x0e, 0x00,
  0x19, 0x79, 0x16, 0x00, 0x00, 0x00, 0x00, 0x00, 0x00, 0x25, 0x00, 0x00,
  0x00, 0x62, 0x0e, 0x00, 0x31, 0x74, 0x21, 0xff, 0x00, 0x00, 0x00, 0x00,
  0xff, 0x01, 0x00, 0x00, 0x00, 0xe2, 0x0f, 0x00, 0xac, 0x77, 0x06, 0xff,
  0x00, 0x6b, 0x00, 0x00, 0x00, 0x0a, 0x00, 0x08, 0x00, 0xa2, 0x0e, 0x00,
  0x19, 0x79, 0x17, 0x00, 0x00, 0x00, 0x00, 0x00, 0x00, 0x21, 0x00, 0x00,
  0x00, 0xe2, 0x0e, 0x00, 0x8c, 0x78, 0x00, 0x04, 0x01, 0x00, 0x00, 0x00,
  0x70, 0x62, 0xf0, 0x0b, 0x00, 0xd2, 0x1f, 0x00, 0x47, 0x75, 0xd0, 0x08,
  0x0d, 0x00, 0x00, 0x00, 0x00, 0x00, 0x80, 0x0b, 0x00, 0xea, 0x0f, 0x00,
  0x82, 0x7b, 0x10, 0xff, 0x00, 0xe0, 0x00, 0x00, 0x00, 0x0a, 0x00, 0x00,
  0x00, 0x22, 0x0e, 0x00, 0x25, 0x7c, 0x02, 0x16, 0x04, 0x00, 0x00, 0x00,
  0xff, 0x00, 0x8e, 0x0f, 0x00, 0xe2, 0x2f, 0x00, 0x19, 0x78, 0x18, 0xff,
  0x01, 0x00, 0x00, 0x00, 0x17, 0x16, 0x01, 0x00, 0x00, 0xe2, 0x8f, 0x00,
  0x90, 0x72, 0x04, 0x04, 0xff, 0x00, 0x00, 0x00, 0xff, 0xe1, 0xff, 0x0f,
  0x00, 0xe2, 0x0f, 0x00, 0x02, 0x72, 0x21, 0x00, 0xff, 0x00, 0x00, 0x00,
  0x00, 0x0f, 0x00, 0x00, 0x00, 0xe2, 0x0f, 0x00, 0x24, 0x78, 0x03, 0x03,
  0xa0, 0x00, 0x00, 0x00, 0xff, 0x02, 0x8e, 0x07, 0x00, 0xe2, 0x0f, 0x00,
  0x02, 0x72, 0x07, 0x00, 0xff, 0x00, 0x00, 0x00, 0x00, 0x0f, 0x00, 0x00,
  0x00, 0xe2, 0x0f, 0x00, 0x24, 0x78, 0x08, 0x17, 0x08, 0x00, 0x00, 0x00,
  0xff, 0x00, 0x8e, 0x07, 0x00, 0xe2, 0x0f, 0x04, 0x82, 0x7b, 0x0e, 0xff,
  0x00, 0xe2, 0x00, 0x00, 0x00, 0x0a, 0x00, 0x00, 0x00, 0x62, 0x0e, 0x00,
  0x24, 0x78, 0x06, 0x17, 0x04, 0x00, 0x00, 0x00, 0xff, 0x00, 0x8e, 0x07,
  0x00, 0xe2, 0x0f, 0x00, 0x02, 0x72, 0x09, 0x00, 0xff, 0x00, 0x00, 0x00,
  0x00, 0x0f, 0x00, 0x00, 0x00, 0xe2, 0x0f, 0x00, 0x02, 0x72, 0x0b, 0x00,
  0xff, 0x00, 0x00, 0x00, 0x00, 0x0f, 0x00, 0x00, 0x00, 0xe2, 0x0f, 0x00,
  0x35, 0x78, 0x00, 0x08, 0x02, 0x00, 0x00, 0x00, 0x00, 0x00, 0x8e, 0x07,
  0x00, 0xe2, 0x0f, 0x00, 0x02, 0x72, 0x0d, 0x00, 0xff, 0x00, 0x00, 0x00,
  0x00, 0x0f, 0x00, 0x00, 0x00, 0xe2, 0x0f, 0x00, 0x02, 0x72, 0x05, 0x00,
  0xff, 0x00, 0x00, 0x00, 0x00, 0x0f, 0x00, 0x00, 0x00, 0xc6, 0x0f, 0x00,
  0x12, 0x78, 0x00, 0x00, 0xff, 0xff, 0x00, 0x00, 0xff, 0xc0, 0x8e, 0x07,
  0x00, 0xc8, 0x0f, 0x00, 0x19, 0x78, 0x0a, 0xff, 0x01, 0x00, 0x00, 0x00,
  0x00, 0x16, 0x01, 0x00, 0x00, 0xe2, 0x0f, 0x00, 0x25, 0x78, 0x10, 0x02,
  0xa0, 0x00, 0x00, 0x00, 0x10, 0x00, 0x8e, 0x07, 0x00, 0xe2, 0x1f, 0x00,
  0x35, 0x78, 0x02, 0x08, 0x04, 0x00, 0x00, 0x00, 0x00, 0x00, 0x8e, 0x07,
  0x00, 0xe4, 0x0f, 0x00, 0x12, 0x78, 0x0a, 0x0a, 0xff, 0xff, 0x00, 0x00,
  0xff, 0xc0, 0x8e, 0x07, 0x00, 0xe4, 0x0f, 0x00, 0x35, 0x72, 0x11, 0x11,
  0x03, 0x00, 0x00, 0x00, 0x00, 0x00, 0x8e, 0x07, 0x00, 0xe2, 0x0f, 0x00,
  0x35, 0x78, 0x03, 0x08, 0x06, 0x00, 0x00, 0x00, 0x00, 0x00, 0x8e, 0x07,
  0x00, 0xe2, 0x0f, 0x00, 0x12, 0x78, 0x02, 0x02, 0xff, 0xff, 0x00, 0x00,
  0xff, 0xc0, 0x8e, 0x07, 0x00, 0xe2, 0x0f, 0x00, 0x25, 0x78, 0x0e, 0x17,
  0x20, 0x00, 0x00, 0x00, 0x0e, 0x00, 0x8e, 0x07, 0x00, 0xe2, 0x2f, 0x00,
  0x19, 0x78, 0x08, 0xff, 0x01, 0x00, 0x00, 0x00, 0x08, 0x16, 0x01, 0x00,
  0x00, 0xe2, 0x0f, 0x00, 0x35, 0x78, 0x10, 0x10, 0x90, 0x00, 0x00, 0x00,
  0x00, 0x02, 0x8e, 0x07, 0x00, 0xc6, 0x0f, 0x00, 0x12, 0x78, 0x03, 0x03,
  0xff, 0xff, 0x00, 0x00, 0xff, 0xc0, 0x8e, 0x07, 0x00, 0xe2, 0x0f, 0x00,
  0x35, 0x78, 0x0e, 0x0e, 0x10, 0x00, 0x00, 0x00, 0x00, 0x02, 0x8e, 0x07,
  0x00, 0xc6, 0x0f, 0x00, 0x19, 0x78, 0x0c, 0xff, 0x01, 0x00, 0x00, 0x00,
  0x02, 0x16, 0x01, 0x00, 0x00, 0xe4, 0x0f, 0x00, 0x19, 0x78, 0x04, 0xff,
  0x01, 0x00, 0x00, 0x00, 0x03, 0x16, 0x01, 0x00, 0x00, 0xe4, 0x0f, 0x00,
  0x12, 0x78, 0x0c, 0x0c, 0xff, 0xff, 0x00, 0x00, 0xff, 0xc0, 0x8e, 0x07,
  0x00, 0xe4, 0x0f, 0x00, 0x12, 0x78, 0x04, 0x04, 0xff, 0xff, 0x00, 0x00,
  0xff, 0xc0, 0x8e, 0x07, 0x00, 0xce, 0x4f, 0x00, 0x02, 0x72, 0x19, 0x00,
  0xff, 0x00, 0x00, 0x00, 0x00, 0x0f, 0x00, 0x00, 0x00, 0xca, 0x0f, 0x00,
  0x35, 0x72, 0x02, 0x18, 0x10, 0x00, 0x00, 0x00, 0x00, 0x02, 0x8e, 0x07,
  0x00, 0xce, 0x0f, 0x00, 0x81, 0x79, 0x02, 0x02, 0x06, 0x70, 0xff, 0xff,
  0x00, 0x91, 0x1e, 0x0c, 0x00, 0xa2, 0x0e, 0x00, 0x45, 0x79, 0x00, 0x00,
  0x40, 0x02, 0x00, 0x00, 0x00, 0x02, 0x80, 0x03, 0x00, 0xe2, 0x0f, 0x00,
  0x19, 0x78, 0x12, 0xff, 0x03, 0x00, 0x00, 0x00, 0x02, 0x16, 0x01, 0x00,
  0x00, 0xe4, 0x4f, 0x00, 0x12, 0x78, 0x13, 0x02, 0x07, 0x00, 0x00, 0x00,
  0xff, 0xc0, 0x8e, 0x07, 0x00, 0xc6, 0x0f, 0x00, 0x0c, 0x72, 0x00, 0x12,
  0xff, 0x00, 0x00, 0x00, 0x70, 0x50, 0xf0, 0x03, 0x00, 0xda, 0x0f, 0x00,
  0x06, 0x83, 0x19, 0x00, 0x13, 0x00, 0x00, 0x00, 0x00, 0x10, 0x10, 0x00,
  0x00, 0x24, 0x0e, 0x00, 0x20, 0x88, 0x19, 0x19, 0x00, 0x00, 0x00, 0x3b,
  0x00, 0x00, 0x40, 0x00, 0x00, 0xe2, 0x1f, 0x00, 0x47, 0x89, 0x70, 0x00,
  0x00, 0x00, 0x00, 0x00, 0x00, 0x00, 0x80, 0x03, 0x00, 0xec, 0x0f, 0x00,
  0x0c, 0x78, 0x00, 0x02, 0x38, 0x00, 0x00, 0x00, 0x70, 0x60, 0xf0, 0x03,
  0x00, 0xe2, 0x0f, 0x00, 0x06, 0x73, 0x13, 0x00, 0x13, 0x00, 0x00, 0x00,
  0x00, 0x10, 0x10, 0x00, 0x00, 0x22, 0x0e, 0x00, 0x31, 0x74, 0x02, 0xff,
  0x00, 0x00, 0x00, 0x3e, 0xff, 0x01, 0x00, 0x00, 0x00, 0xd6, 0x0f, 0x00,
  0x35, 0x08, 0x00, 0x12, 0xf9, 0xff, 0xff, 0xff, 0x00, 0x00, 0x8e, 0x07,
  0x00, 0xe2, 0x0f, 0x00, 0x02, 0x08, 0x03, 0x00, 0x01, 0x00, 0x00, 0x00,
  0x00, 0x0f, 0x00, 0x00, 0x00, 0xca, 0x0f, 0x00, 0x19, 0x02, 0x00, 0x03,
  0x00, 0x00, 0x00, 0x00, 0xff, 0x06, 0x00, 0x00, 0x00, 0xc8, 0x0f, 0x00,
  0x45, 0x02, 0x19, 0x00, 0x00, 0x00, 0x00, 0x00, 0x00, 0x10, 0x20, 0x00,
  0x00, 0xe2, 0x0f, 0x00, 0x23, 0x74, 0x00, 0x13, 0x00, 0x00, 0x80, 0x3f,
  0x02, 0x00, 0x00, 0x00, 0x00, 0xc8, 0x1f, 0x00, 0x20, 0x02, 0x19, 0x00,
  0x19, 0x00, 0x00, 0x00, 0x00, 0x00, 0x40, 0x00, 0x00, 0xe2, 0x0f, 0x00,
  0x47, 0x09, 0x48, 0x00, 0x00, 0x00, 0x00, 0x00, 0x00, 0x00, 0x80, 0x03,
  0x00, 0xec, 0x0f, 0x00, 0x35, 0x78, 0x02, 0x12, 0x07, 0x00, 0x00, 0x00,
  0x00, 0x01, 0x8e, 0x07, 0x00, 0xe2, 0x0f, 0x00, 0x02, 0x78, 0x03, 0x00,
  0x01, 0x00, 0x00, 0x00, 0x00, 0x0f, 0x00, 0x00, 0x00, 0xe2, 0x0f, 0x00,
  0x45, 0x79, 0x01, 0x00, 0xf0, 0x00, 0x00, 0x00, 0x00, 0x02, 0x80, 0x03,
  0x00, 0xe8, 0x0f, 0x00, 0x19, 0x72, 0x02, 0x03, 0x02, 0x00, 0x00, 0x00,
  0xff, 0x06, 0x00, 0x00, 0x00, 0xc8, 0x0f, 0x00, 0x45, 0x72, 0x15, 0x00,
  0x02, 0x00, 0x00, 0x00, 0x00, 0x10, 0x20, 0x00, 0x00, 0xc8, 0x0f, 0x00,
  0x08, 0x73, 0x02, 0x00, 0x15, 0x00, 0x00, 0x00, 0x00, 0x10, 0x00, 0x00,
  0x00, 0x22, 0x0e, 0x00, 0x02, 0x73, 0x00, 0x00, 0x15, 0x00, 0x00, 0x00,
  0x00, 0x00, 0x00, 0x00, 0x00, 0x62, 0x0e, 0x00, 0x23, 0x74, 0x03, 0x15,
  0x00, 0x00, 0x80, 0x3f, 0x02, 0x01, 0x00, 0x00, 0x00, 0xc8, 0x1f, 0x00,
  0x23, 0x72, 0x03, 0x02, 0x03, 0x00, 0x00, 0x00, 0x02, 0x00, 0x00, 0x00,
  0x00, 0xc8, 0x0f, 0x00, 0x23, 0x72, 0x02, 0x00, 0x03, 0x00, 0x00, 0x00,
  0xff, 0x00, 0x00, 0x00, 0x00, 0xc8, 0x0f, 0x00, 0x23, 0x72, 0x12, 0x15,
  0x02, 0x00, 0x00, 0x00, 0x00, 0x01, 0x00, 0x00, 0x00, 0xc8, 0x0f, 0x00,
  0x23, 0x72, 0x19, 0x03, 0x12, 0x00, 0x00, 0x00, 0x02, 0x00, 0x00, 0x00,
  0x00, 0xe2, 0x0f, 0x00, 0x47, 0x89, 0x0c, 0x00, 0x00, 0x00, 0x00, 0x00,
  0x00, 0x00, 0x80, 0x03, 0x00, 0xec, 0x2f, 0x00, 0x02, 0x78, 0x02, 0x00,
  0xb0, 0x04, 0x00, 0x00, 0x00, 0x0f, 0x00, 0x00, 0x00, 0xce, 0x0f, 0x00,
  0x44, 0x79, 0x04, 0x00, 0x0c, 0x00, 0x00, 0x00, 0x00, 0x00, 0xc0, 0x03,
  0x00, 0xea, 0x0f, 0x00, 0x02, 0x72, 0x19, 0x00, 0x00, 0x00, 0x00, 0x00,
  0x00, 0x0f, 0x00, 0x00, 0x00, 0xce, 0x0f, 0x00, 0x18, 0x79, 0x00, 0x00,
  0x00, 0x00, 0x00, 0x00, 0x00, 0x00, 0x00, 0x00, 0x00, 0xe2, 0x0f, 0x00,
  0x41, 0x79, 0x01, 0x00, 0x00, 0x00, 0x00, 0x00, 0x00, 0x02, 0x80, 0x03,
  0x00, 0xea, 0x0f, 0x00, 0x18, 0x79, 0x00, 0x00, 0x00, 0x00, 0x00, 0x00,
  0x00, 0x00, 0x00, 0x00, 0x00, 0xe2, 0x0f, 0x00, 0x41, 0x79, 0x00, 0x00,
  0x00, 0x00, 0x00, 0x00, 0x00, 0x02, 0x80, 0x03, 0x00, 0xea, 0x0f, 0x00,
  0x35, 0x72, 0x02, 0x06, 0x10, 0x00, 0x00, 0x00, 0x00, 0x02, 0x8e, 0x07,
  0x00, 0xe4, 0x0f, 0x08, 0x35, 0x72, 0x14, 0x08, 0x10, 0x00, 0x00, 0x00,
  0x00, 0x02, 0x8e, 0x07, 0x00, 0xe4, 0x0f, 0x00, 0x81, 0x79, 0x1b, 0x10,
  0x06, 0x00, 0x00, 0x00, 0x00, 0x99, 0x1e, 0x0c, 0x00, 0xa8, 0x0e, 0x00,
  0x81, 0x79, 0x13, 0x02, 0x06, 0x80, 0xff, 0xff, 0x00, 0x91, 0x1e, 0x0c,
  0x00, 0xe8, 0x0e, 0x00, 0x81, 0x79, 0x15, 0x14, 0x06, 0x80, 0xff, 0xff,
  0x00, 0x91, 0x1e, 0x0c, 0x00, 0x28, 0x01, 0x00, 0x81, 0x79, 0x00, 0x0e,
  0x06, 0xf0, 0xff, 0xff, 0x00, 0x99, 0x1e, 0x0c, 0x00, 0x68, 0x0f, 0x00,
  0x81, 0x79, 0x1f, 0x02, 0x06, 0x81, 0xff, 0xff, 0x00, 0x91, 0x1e, 0x0c,
  0x00, 0x68, 0x0f, 0x00, 0x81, 0x79, 0x20, 0x0e, 0x06, 0xf4, 0xff, 0xff,
  0x00, 0x99, 0x1e, 0x0c, 0x00, 0x62, 0x0f, 0x00, 0x31, 0x74, 0x1e, 0xff,
  0x00, 0x00, 0x80, 0x3f, 0xff, 0x01, 0x00, 0x00, 0x00, 0xc6, 0x0f, 0x00,
  0x81, 0x79, 0x24, 0x02, 0x06, 0x82, 0xff, 0xff, 0x00, 0x91, 0x1e, 0x0c,
  0x00, 0x68, 0x0f, 0x00, 0x81, 0x79, 0x25, 0x02, 0x06, 0x83, 0xff, 0xff,
  0x00, 0x91, 0x1e, 0x0c, 0x00, 0x62, 0x0f, 0x00, 0x12, 0x78, 0x12, 0x13,
  0x0f, 0x00, 0x00, 0x00, 0xff, 0xc0, 0x8e, 0x07, 0x00, 0xc8, 0x8f, 0x00,
  0x19, 0x78, 0x1c, 0xff, 0x01, 0x00, 0x00, 0x00, 0x12, 0x16, 0x01, 0x00,
  0x00, 0xc8, 0x0f, 0x00, 0x12, 0x78, 0xff, 0x1c, 0x03, 0x00, 0x00, 0x00,
  0xff, 0xc0, 0x82, 0x07, 0x00, 0xc8, 0x0f, 0x00, 0x04, 0x78, 0x00, 0x13,
  0x09, 0x00, 0x00, 0x00, 0x00, 0x00, 0x00, 0x00, 0x00, 0xe2, 0x0f, 0x00,
  0x35, 0x72, 0x12, 0x0a, 0x10, 0x00, 0x00, 0x00, 0x00, 0x02, 0x8e, 0x07,
  0x00, 0xc8, 0x0f, 0x00, 0x08, 0x78, 0x14, 0xff, 0x00, 0x00, 0x00, 0x3f,
  0x00, 0x00, 0x00, 0x04, 0x00, 0xe4, 0x1f, 0x00, 0x81, 0x79, 0x1a, 0x12,
  0x06, 0x80, 0xff, 0xff, 0x00, 0x91, 0x1e, 0x0c, 0x00, 0xe2, 0x00, 0x00,
  0x08, 0x78, 0x1d, 0x1e, 0x00, 0x00, 0x80, 0xbf, 0x00, 0x00, 0x80, 0x05,
  0x00, 0xe2, 0x0f, 0x00, 0x12, 0x78, 0x22, 0x1c, 0x03, 0x00, 0x00, 0x00,
  0xff, 0xc0, 0x8e, 0x07, 0x00, 0xe2, 0x0f, 0x00, 0x21, 0x14, 0x1c, 0x14,
  0x00, 0x00, 0x80, 0x3f, 0x00, 0x00, 0x00, 0x00, 0x00, 0xe2, 0x0f, 0x00,
  0x19, 0x78, 0x15, 0xff, 0x04, 0x00, 0x00, 0x00, 0x15, 0x16, 0x01, 0x00,
  0x00, 0xe4, 0x0f, 0x01, 0x20, 0x92, 0x14, 0x1d, 0x14, 0x00, 0x00, 0x00,
  0x00, 0x00, 0x40, 0x00, 0x00, 0xe2, 0x0f, 0x04, 0x20, 0x12, 0x1c, 0x1d,
  0x1c, 0x00, 0x00, 0x00, 0x00, 0x00, 0x40, 0x00, 0x00, 0xe2, 0x0f, 0x00,
  0x35, 0x18, 0x1d, 0x22, 0xff, 0xff, 0xff, 0xff, 0x00, 0x00, 0x8e, 0x07,
  0x00, 0xe2, 0x0f, 0x00, 0x02, 0x18, 0x22, 0x00, 0x01, 0x00, 0x00, 0x00,
  0x00, 0x0f, 0x00, 0x00, 0x00, 0xe2, 0x0f, 0x00, 0x19, 0x78, 0x12, 0xff,
  0x01, 0x00, 0x00, 0x00, 0x15, 0x16, 0x01, 0x00, 0x00, 0xc8, 0x1f, 0x00,
  0x19, 0x12, 0x22, 0x22, 0x1d, 0x00, 0x00, 0x00, 0xff, 0x06, 0x00, 0x00,
  0x00, 0xe4, 0x0f, 0x00, 0x12, 0x78, 0xff, 0x12, 0x03, 0x00, 0x00, 0x00,
  0xff, 0xc0, 0x84, 0x07, 0x00, 0xe2, 0x0f, 0x04, 0x81, 0x79, 0x1d, 0x0e,
  0x06, 0xf8, 0xff, 0xff, 0x00, 0x99, 0x1e, 0x0c, 0x00, 0x22, 0x0f, 0x00,
  0x45, 0x12, 0x13, 0x00, 0x22, 0x00, 0x00, 0x00, 0x00, 0x10, 0x20, 0x00,
  0x00, 0xe4, 0x0f, 0x00, 0x12, 0x78, 0x12, 0x12, 0x03, 0x00, 0x00, 0x00,
  0xff, 0xc0, 0x8e, 0x07, 0x00, 0xe2, 0x0f, 0x00, 0x81, 0x79, 0x22, 0x0e,
  0x06, 0xfc, 0xff, 0xff, 0x00, 0x99, 0x1e, 0x0c, 0x00, 0x24, 0x0f, 0x00,
  0x20, 0x12, 0x14, 0x1c, 0x13, 0x00, 0x00, 0x00, 0x00, 0x00, 0x40, 0x00,
  0x00, 0xe2, 0x0f, 0x00, 0x04, 0x78, 0x00, 0x15, 0x09, 0x00, 0x00, 0x00,
  0x00, 0x00, 0x00, 0x00, 0x00, 0xc6, 0x0f, 0x00, 0x20, 0x72, 0x14, 0x14,
  0x19, 0x00, 0x00, 0x00, 0x00, 0x00, 0x40, 0x00, 0x00, 0xe4, 0x0f, 0x00,
  0x35, 0x28, 0x12, 0x12, 0xff, 0xff, 0xff, 0xff, 0x00, 0x00, 0x8e, 0x07,
  0x00, 0xe2, 0x0f, 0x00, 0x02, 0x28, 0x13, 0x00, 0x01, 0x00, 0x00, 0x00,
  0x00, 0x0f, 0x00, 0x00, 0x00, 0xe2, 0x0f, 0x00, 0x20, 0x72, 0x14, 0x1b,
  0x14, 0x00, 0x00, 0x00, 0x00, 0x00, 0x40, 0x00, 0x00, 0xe2, 0x4f, 0x00,
  0x08, 0x78, 0x1c, 0xff, 0x00, 0x00, 0x00, 0x3f, 0x00, 0x00, 0x00, 0x04,
  0x00, 0xe2, 0x0f, 0x00, 0x08, 0x78, 0x23, 0x1e, 0x00, 0x00, 0x80, 0xbf,
  0x00, 0x00, 0x80, 0x05, 0x00, 0xe4, 0x0f, 0x00, 0x23, 0x72, 0x21, 0x14,
  0x00, 0x00, 0x00, 0x00, 0x21, 0x00, 0x00, 0x00, 0x00, 0xe2, 0x0f, 0x02,
  0x19, 0x22, 0x12, 0x13, 0x12, 0x00, 0x00, 0x00, 0xff, 0x06, 0x00, 0x00,
  0x00, 0xe2, 0x0f, 0x00, 0x21, 0x24, 0x00, 0x1c, 0x00, 0x00, 0x80, 0x3f,
  0x00, 0x00, 0x00, 0x00, 0x00, 0xc6, 0x0f, 0x00, 0x45, 0x22, 0x13, 0x00,
  0x12, 0x00, 0x00, 0x00, 0x00, 0x10, 0x20, 0x00, 0x00, 0xe2, 0x0f, 0x00,
  0x20, 0x22, 0x00, 0x23, 0x00, 0x00, 0x00, 0x00, 0x00, 0x00, 0x40, 0x00,
  0x00, 0xc8, 0x0f, 0x00, 0x20, 0x22, 0x00, 0x00, 0x13, 0x00, 0x00, 0x00,
  0x00, 0x00, 0x40, 0x00, 0x00, 0xe2, 0x0f, 0x00, 0x35, 0x72, 0x12, 0x0c,
  0x10, 0x00, 0x00, 0x00, 0x00, 0x02, 0x8e, 0x07, 0x00, 0xce, 0x0f, 0x00,
  0x81, 0x79, 0x12, 0x12, 0x06, 0x80, 0xff, 0xff, 0x00, 0x91, 0x1e, 0x0c,
  0x00, 0xa2, 0x0e, 0x00, 0x35, 0x72, 0x14, 0x04, 0x10, 0x00, 0x00, 0x00,
  0x00, 0x02, 0x8e, 0x07, 0x00, 0xe4, 0x0f, 0x00, 0x20, 0xa2, 0x00, 0x23,
  0x1c, 0x00, 0x00, 0x00, 0x00, 0x00, 0x40, 0x00, 0x00, 0xca, 0x0f, 0x00,
  0x81, 0x79, 0x14, 0x14, 0x06, 0x80, 0xff, 0xff, 0x00, 0x91, 0x1e, 0x0c,
  0x00, 0x62, 0x01, 0x00, 0x12, 0x78, 0x1c, 0x1f, 0x0f, 0x00, 0x00, 0x00,
  0xff, 0xc0, 0x8e, 0x07, 0x00, 0xc6, 0x0f, 0x00, 0x81, 0x79, 0x13, 0x0e,
  0x06, 0x00, 0x00, 0x00, 0x00, 0x99, 0x1e, 0x0c, 0x00, 0x62, 0x0f, 0x00,
  0x19, 0x78, 0x1c, 0xff, 0x01, 0x00, 0x00, 0x00, 0x1c, 0x16, 0x01, 0x00,
  0x00, 0xc8, 0x0f, 0x00, 0x12, 0x78, 0xff, 0x1c, 0x03, 0x00, 0x00, 0x00,
  0xff, 0xc0, 0x82, 0x07, 0x00, 0xe2, 0x0f, 0x00, 0x20, 0x72, 0x00, 0x00,
  0x19, 0x00, 0x00, 0x00, 0x00, 0x00, 0x40, 0x00, 0x00, 0xe2, 0x0f, 0x00,
  0x12, 0x78, 0x1c, 0x1c, 0x03, 0x00, 0x00, 0x00, 0xff, 0xc0, 0x8e, 0x07,
  0x00, 0xe4, 0x0f, 0x00, 0x04, 0x78, 0x00, 0x1f, 0x09, 0x00, 0x00, 0x00,
  0x00, 0x00, 0x00, 0x00, 0x00, 0xe2, 0x0f, 0x00, 0x20, 0x72, 0x00, 0x1b,
  0x00, 0x00, 0x00, 0x00, 0x00, 0x00, 0x40, 0x00, 0x00, 0xc8, 0x0f, 0x00,
  0x23, 0x72, 0x20, 0x00, 0x20, 0x00, 0x00, 0x00, 0x21, 0x00, 0x00, 0x00,
  0x00, 0xe2, 0x0f, 0x00, 0x08, 0x78, 0x00, 0xff, 0x00, 0x00, 0x00, 0x3f,
  0x00, 0x00, 0x00, 0x04, 0x00, 0xc6, 0x0f, 0x00, 0x35, 0x18, 0x02, 0x1c,
  0xff, 0xff, 0xff, 0xff, 0x00, 0x00, 0x8e, 0x07, 0x00, 0xe2, 0x0f, 0x00,
  0x02, 0x18, 0x03, 0x00, 0x01, 0x00, 0x00, 0x00, 0x00, 0x0f, 0x00, 0x00,
  0x00, 0xe2, 0x0f, 0x00, 0x08, 0x78, 0x15, 0x1e, 0x00, 0x00, 0x80, 0xbf,
  0x00, 0x00, 0x80, 0x05, 0x00, 0xc8, 0x1f, 0x00, 0x19, 0x12, 0x03, 0x03,
  0x02, 0x00, 0x00, 0x00, 0xff, 0x06, 0x00, 0x00, 0x00, 0xe2, 0x0f, 0x00,
  0x21, 0x14, 0x02, 0x00, 0x00, 0x00, 0x80, 0x3f, 0x00, 0x00, 0x00, 0x00,
  0x00, 0xc6, 0x0f, 0x00, 0x45, 0x12, 0x03, 0x00, 0x03, 0x00, 0x00, 0x00,
  0x00, 0x10, 0x20, 0x00, 0x00, 0xe2, 0x0f, 0x00, 0x20, 0x12, 0x02, 0x15,
  0x02, 0x00, 0x00, 0x00, 0x00, 0x00, 0x40, 0x00, 0x00, 0xc8, 0x0f, 0x00,
  0x20, 0x12, 0x1c, 0x02, 0x03, 0x00, 0x00, 0x00, 0x00, 0x00, 0x40, 0x00,
  0x00, 0xe4, 0x0f, 0x00, 0x81, 0x79, 0x03, 0x0e, 0x06, 0x04, 0x00, 0x00,
  0x00, 0x99, 0x1e, 0x0c, 0x00, 0x62, 0x0f, 0x00, 0x20, 0x92, 0x1c, 0x15,
  0x00, 0x00, 0x00, 0x00, 0x00, 0x00, 0x40, 0x00, 0x00, 0xc6, 0x0f, 0x00,
  0x81, 0x79, 0x02, 0x0e, 0x06, 0x08, 0x00, 0x00, 0x00, 0x99, 0x1e, 0x0c,
  0x00, 0x68, 0x0f, 0x00, 0x81, 0x79, 0x00, 0x0e, 0x06, 0x0c, 0x00, 0x00,
  0x00, 0x99, 0x1e, 0x0c, 0x00, 0x62, 0x01, 0x00, 0x20, 0x72, 0x1c, 0x1c,
  0x19, 0x00, 0x00, 0x00, 0x00, 0x00, 0x40, 0x00, 0x00, 0xc8, 0x0f, 0x00,
  0x20, 0x72, 0x15, 0x1b, 0x1c, 0x00, 0x00, 0x00, 0x00, 0x00, 0x40, 0x00,
  0x00, 0xe2, 0x0f, 0x00, 0x90, 0x78, 0x04, 0x04, 0x01, 0x00, 0x00, 0x00,
  0xff, 0xe0, 0xff, 0x0f, 0x00, 0xc8, 0x0f, 0x00, 0x8c, 0x72, 0x00, 0x04,
  0xff, 0x00, 0x00, 0x00, 0x70, 0x50, 0xf0, 0x0b, 0x00, 0xe2, 0x0f, 0x00,
  0x35, 0x78, 0x10, 0x10, 0xa0, 0x00, 0x00, 0x00, 0x00, 0x02, 0x8e, 0x07,
  0x00, 0xe4, 0x0f, 0x00, 0x35, 0x78, 0x0e, 0x0e, 0x00, 0x04, 0x00, 0x00,
  0x00, 0x02, 0x8e, 0x07, 0x00, 0xc6, 0x1f, 0x00, 0x19, 0x78, 0x1a, 0xff,
  0x04, 0x00, 0x00, 0x00, 0x1a, 0x16, 0x01, 0x00, 0x00, 0xc8, 0x8f, 0x00,
  0x19, 0x78, 0x1f, 0xff, 0x01, 0x00, 0x00, 0x00, 0x1a, 0x16, 0x01, 0x00,
  0x00, 0xc8, 0x0f, 0x00, 0x12, 0x78, 0xff, 0x1f, 0x03, 0x00, 0x00, 0x00,
  0xff, 0xc0, 0x82, 0x07, 0x00, 0xe4, 0x0f, 0x04, 0x12, 0x78, 0x1f, 0x1f,
  0x03, 0x00, 0x00, 0x00, 0xff, 0xc0, 0x8e, 0x07, 0x00, 0xe4, 0x0f, 0x00,
  0x04, 0x78, 0x00, 0x1a, 0x09, 0x00, 0x00, 0x00, 0x00, 0x00, 0x00, 0x00,
  0x00, 0xe2, 0x0f, 0x00, 0x23, 0x72, 0x1d, 0x15, 0x1d, 0x00, 0x00, 0x00,
  0x20, 0x00, 0x00, 0x00, 0x00, 0xc8, 0x0f, 0x01, 0x08, 0x78, 0x15, 0xff,
  0x00, 0x00, 0x00, 0x3f, 0x00, 0x00, 0x00, 0x04, 0x00, 0xc8, 0x0f, 0x00,
  0x35, 0x18, 0x1a, 0x1f, 0xff, 0xff, 0xff, 0xff, 0x00, 0x00, 0x8e, 0x07,
  0x00, 0xe2, 0x0f, 0x00, 0x02, 0x18, 0x1f, 0x00, 0x01, 0x00, 0x00, 0x00,
  0x00, 0x0f, 0x00, 0x00, 0x00, 0xe2, 0x0f, 0x00, 0x08, 0x78, 0x20, 0x1e,
  0x00, 0x00, 0x80, 0xbf, 0x00, 0x00, 0x80, 0x05, 0x00, 0xc8, 0x0f, 0x00,
  0x19, 0x12, 0x1c, 0x1f, 0x1a, 0x00, 0x00, 0x00, 0xff, 0x06, 0x00, 0x00,
  0x00, 0xe2, 0x0f, 0x00, 0x21, 0x14, 0x1a, 0x15, 0x00, 0x00, 0x80, 0x3f,
  0x00, 0x00, 0x00, 0x00, 0x00, 0xc6, 0x0f, 0x00, 0x45, 0x12, 0x1f, 0x00,
  0x1c, 0x00, 0x00, 0x00, 0x00, 0x10, 0x20, 0x00, 0x00, 0xe2, 0x0f, 0x00,
  0x20, 0x12, 0x1a, 0x20, 0x1a, 0x00, 0x00, 0x00, 0x00, 0x00, 0x40, 0x00,
  0x00, 0xc8, 0x0f, 0x00, 0x20, 0x12, 0x1a, 0x1a, 0x1f, 0x00, 0x00, 0x00,
  0x00, 0x00, 0x40, 0x00, 0x00, 0xe2, 0x0f, 0x00, 0x20, 0x92, 0x1a, 0x20,
  0x15, 0x00, 0x00, 0x00, 0x00, 0x00, 0x40, 0x00, 0x00, 0xe2, 0x0f, 0x00,
  0x12, 0x78, 0x15, 0x24, 0x0f, 0x00, 0x00, 0x00, 0xff, 0xc0, 0x8e, 0x07,
  0x00, 0xc8, 0x0f, 0x00, 0x19, 0x78, 0x15, 0xff, 0x01, 0x00, 0x00, 0x00,
  0x15, 0x16, 0x01, 0x00, 0x00, 0xc8, 0x0f, 0x00, 0x12, 0x78, 0xff, 0x15,
  0x03, 0x00, 0x00, 0x00, 0xff, 0xc0, 0x84, 0x07, 0x00, 0xe2, 0x0f, 0x04,
  0x20, 0x72, 0x1a, 0x1a, 0x19, 0x00, 0x00, 0x00, 0x00, 0x00, 0x40, 0x00,
  0x00, 0xe2, 0x0f, 0x00, 0x12, 0x78, 0x1c, 0x15, 0x03, 0x00, 0x00, 0x00,
  0xff, 0xc0, 0x8e, 0x07, 0x00, 0xe4, 0x0f, 0x00, 0x04, 0x78, 0x00, 0x24,
  0x09, 0x00, 0x00, 0x00, 0x00, 0x00, 0x00, 0x00, 0x00, 0xe2, 0x0f, 0x00,
  0x20, 0x72, 0x1a, 0x1b, 0x1a, 0x00, 0x00, 0x00, 0x00, 0x00, 0x40, 0x00,
  0x00, 0xe2, 0x0f, 0x00, 0x19, 0x78, 0x15, 0xff, 0x04, 0x00, 0x00, 0x00,
  0x12, 0x16, 0x01, 0x00, 0x00, 0xc6, 0x4f, 0x00, 0x23, 0x72, 0x22, 0x1a,
  0x22, 0x00, 0x00, 0x00, 0x1d, 0x00, 0x00, 0x00, 0x00, 0xe2, 0x0f, 0x00,
  0x08, 0x78, 0x1a, 0xff, 0x00, 0x00, 0x00, 0x3f, 0x00, 0x00, 0x00, 0x04,
  0x00, 0xc6, 0x0f, 0x00, 0x35, 0x28, 0x12, 0x1c, 0xff, 0xff, 0xff, 0xff,
  0x00, 0x00, 0x8e, 0x07, 0x00, 0xe2, 0x0f, 0x00, 0x19, 0x78, 0x1c, 0xff,
  0x01, 0x00, 0x00, 0x00, 0x15, 0x16, 0x01, 0x00, 0x00, 0xe2, 0x0f, 0x00,
  0x02, 0x28, 0x1d, 0x00, 0x01, 0x00, 0x00, 0x00, 0x00, 0x0f, 0x00, 0x00,
  0x00, 0xc6, 0x0f, 0x00, 0x12, 0x78, 0xff, 0x1c, 0x03, 0x00, 0x00, 0x00,
  0xff, 0xc0, 0x82, 0x07, 0x00, 0xe2, 0x0f, 0x00, 0x08, 0x78, 0x1f, 0x1e,
  0x00, 0x00, 0x80, 0xbf, 0x00, 0x00, 0x80, 0x05, 0x00, 0xe2, 0x0f, 0x00,
  0x19, 0x22, 0x1d, 0x1d, 0x12, 0x00, 0x00, 0x00, 0xff, 0x06, 0x00, 0x00,
  0x00, 0xe2, 0x0f, 0x00, 0x21, 0x24, 0x12, 0x1a, 0x00, 0x00, 0x80, 0x3f,
  0x00, 0x00, 0x00, 0x00, 0x00, 0xe2, 0x0f, 0x00, 0x12, 0x78, 0x1c, 0x1c,
  0x03, 0x00, 0x00, 0x00, 0xff, 0xc0, 0x8e, 0x07, 0x00, 0xe4, 0x0f, 0x00,
  0x45, 0x22, 0x1d, 0x00, 0x1d, 0x00, 0x00, 0x00, 0x00, 0x10, 0x20, 0x00,
  0x00, 0xe2, 0x0f, 0x00, 0x20, 0x22, 0x12, 0x1f, 0x12, 0x00, 0x00, 0x00,
  0x00, 0x00, 0x40, 0x00, 0x00, 0xe2, 0x0f, 0x00, 0x04, 0x78, 0x00, 0x15,
  0x09, 0x00, 0x00, 0x00, 0x00, 0x00, 0x00, 0x00, 0x00, 0xc6, 0x0f, 0x00,
  0x20, 0x22, 0x12, 0x12, 0x1d, 0x00, 0x00, 0x00, 0x00, 0x00, 0x40, 0x00,
  0x00, 0xe2, 0x0f, 0x00, 0x20, 0xa2, 0x12, 0x1f, 0x1a, 0x00, 0x00, 0x00,
  0x00, 0x00, 0x40, 0x00, 0x00, 0xe2, 0x0f, 0x00, 0x35, 0x18, 0x1a, 0x1c,
  0xff, 0xff, 0xff, 0xff, 0x00, 0x00, 0x8e, 0x07, 0x00, 0xe2, 0x0f, 0x00,
  0x02, 0x18, 0x1f, 0x00, 0x01, 0x00, 0x00, 0x00, 0x00, 0x0f, 0x00, 0x00,
  0x00, 0xe2, 0x0f, 0x00, 0x12, 0x78, 0x1d, 0x25, 0x0f, 0x00, 0x00, 0x00,
  0xff, 0xc0, 0x8e, 0x07, 0x00, 0xe2, 0x0f, 0x00, 0x08, 0x78, 0x15, 0xff,
  0x00, 0x00, 0x00, 0x3f, 0x00, 0x00, 0x00, 0x04, 0x00, 0xc6, 0x0f, 0x00,
  0x19, 0x12, 0x1c, 0x1f, 0x1a, 0x00, 0x00, 0x00, 0xff, 0x06, 0x00, 0x00,
  0x00, 0xe4, 0x0f, 0x00, 0x19, 0x78, 0x1f, 0xff, 0x01, 0x00, 0x00, 0x00,
  0x1d, 0x16, 0x01, 0x00, 0x00, 0xe2, 0x0f, 0x00, 0x21, 0x14, 0x1a, 0x15,
  0x00, 0x00, 0x80, 0x3f, 0x00, 0x00, 0x00, 0x00, 0x00, 0xe2, 0x0f, 0x00,
  0x08, 0x78, 0x20, 0x1e, 0x00, 0x00, 0x80, 0xbf, 0x00, 0x00, 0x80, 0x05,
  0x00, 0xe4, 0x0f, 0x00, 0x12, 0x78, 0xff, 0x1f, 0x03, 0x00, 0x00, 0x00,
  0xff, 0xc0, 0x84, 0x07, 0x00, 0xe4, 0x0f, 0x04, 0x45, 0x12, 0x1d, 0x00,
  0x1c, 0x00, 0x00, 0x00, 0x00, 0x10, 0x20, 0x00, 0x00, 0xe2, 0x0f, 0x00,
  0x20, 0x12, 0x1a, 0x20, 0x1a, 0x00, 0x00, 0x00, 0x00, 0x00, 0x40, 0x00,
  0x00, 0xe2, 0x0f, 0x00, 0x12, 0x78, 0x1f, 0x1f, 0x03, 0x00, 0x00, 0x00,
  0xff, 0xc0, 0x8e, 0x07, 0x00, 0xc6, 0x0f, 0x00, 0x20, 0x12, 0x1a, 0x1a,
  0x1d, 0x00, 0x00, 0x00, 0x00, 0x00, 0x40, 0x00, 0x00, 0xe2, 0x0f, 0x00,
  0x20, 0x92, 0x1a, 0x20, 0x15, 0x00, 0x00, 0x00, 0x00, 0x00, 0x40, 0x00,
  0x00, 0xe2, 0x0f, 0x00, 0x19, 0x78, 0x15, 0xff, 0x04, 0x00, 0x00, 0x00,
  0x14, 0x16, 0x01, 0x00, 0x00, 0xe4, 0x0f, 0x02, 0x04, 0x78, 0x00, 0x25,
  0x09, 0x00, 0x00, 0x00, 0x00, 0x00, 0x00, 0x00, 0x00, 0xe4, 0x0f, 0x00,
  0x35, 0x28, 0x14, 0x1f, 0xff, 0xff, 0xff, 0xff, 0x00, 0x00, 0x8e, 0x07,
  0x00, 0xe2, 0x0f, 0x00, 0x19, 0x78, 0x1d, 0xff, 0x01, 0x00, 0x00, 0x00,
  0x15, 0x16, 0x01, 0x00, 0x00, 0xe2, 0x0f, 0x00, 0x02, 0x28, 0x1f, 0x00,
  0x01, 0x00, 0x00, 0x00, 0x00, 0x0f, 0x00, 0x00, 0x00, 0xe2, 0x0f, 0x00,
  0x08, 0x78, 0x1c, 0xff, 0x00, 0x00, 0x00, 0x3f, 0x00, 0x00, 0x00, 0x04,
  0x00, 0xe4, 0x0f, 0x00, 0x12, 0x78, 0xff, 0x1d, 0x03, 0x00, 0x00, 0x00,
  0xff, 0xc0, 0x82, 0x07, 0x00, 0xe2, 0x0f, 0x00, 0x08, 0x78, 0x21, 0x1e,
  0x00, 0x00, 0x80, 0xbf, 0x00, 0x00, 0x80, 0x05, 0x00, 0xe2, 0x0f, 0x00,
  0x19, 0x22, 0x1f, 0x1f, 0x14, 0x00, 0x00, 0x00, 0xff, 0x06, 0x00, 0x00,
  0x00, 0xe2, 0x0f, 0x00, 0x21, 0x24, 0x14, 0x1c, 0x00, 0x00, 0x80, 0x3f,
  0x00, 0x00, 0x00, 0x00, 0x00, 0xe2, 0x0f, 0x00, 0x12, 0x78, 0x1d, 0x1d,
  0x03, 0x00, 0x00, 0x00, 0xff, 0xc0, 0x8e, 0x07, 0x00, 0xc4, 0x0f, 0x00,
  0x45, 0x22, 0x1f, 0x00, 0x1f, 0x00, 0x00, 0x00, 0x00, 0x10, 0x20, 0x00,
  0x00, 0xe2, 0x0f, 0x00, 0x20, 0x22, 0x14, 0x21, 0x14, 0x00, 0x00, 0x00,
  0x00, 0x00, 0x40, 0x00, 0x00, 0xe2, 0x0f, 0x00, 0x04, 0x78, 0x00, 0x15,
  0x09, 0x00, 0x00, 0x00, 0x00, 0x00, 0x00, 0x00, 0x00, 0xc6, 0x0f, 0x00,
  0x20, 0x22, 0x14, 0x14, 0x1f, 0x00, 0x00, 0x00, 0x00, 0x00, 0x40, 0x00,
  0x00, 0xe2, 0x0f, 0x00, 0x20, 0xa2, 0x14, 0x21, 0x1c, 0x00, 0x00, 0x00,
  0x00, 0x00, 0x40, 0x00, 0x00, 0xe2, 0x0f, 0x00, 0x35, 0x18, 0x1c, 0x1d,
  0xff, 0xff, 0xff, 0xff, 0x00, 0x00, 0x8e, 0x07, 0x00, 0xe2, 0x0f, 0x00,
  0x02, 0x18, 0x1d, 0x00, 0x01, 0x00, 0x00, 0x00, 0x00, 0x0f, 0x00, 0x00,
  0x00, 0xe2, 0x0f, 0x00, 0x08, 0x78, 0x15, 0xff, 0x00, 0x00, 0x00, 0x3f,
  0x00, 0x00, 0x00, 0x04, 0x00, 0xe2, 0x0f, 0x00, 0x08, 0x78, 0x1e, 0x1e,
  0x00, 0x00, 0x80, 0xbf, 0x00, 0x00, 0x80, 0x05, 0x00, 0xe2, 0x0f, 0x00,
  0x20, 0x72, 0x12, 0x12, 0x19, 0x00, 0x00, 0x00, 0x00, 0x00, 0x40, 0x00,
  0x00, 0xe4, 0x0f, 0x08, 0x19, 0x12, 0x1c, 0x1d, 0x1c, 0x00, 0x00, 0x00,
  0xff, 0x06, 0x00, 0x00, 0x00, 0xe2, 0x0f, 0x00, 0x21, 0x14, 0x1d, 0x15,
  0x00, 0x00, 0x80, 0x3f, 0x00, 0x00, 0x00, 0x00, 0x00, 0xe2, 0x0f, 0x00,
  0x20, 0x72, 0x1a, 0x1a, 0x19, 0x00, 0x00, 0x00, 0x00, 0x00, 0x40, 0x00,
  0x00, 0xc4, 0x0f, 0x00, 0x45, 0x12, 0x1f, 0x00, 0x1c, 0x00, 0x00, 0x00,
  0x00, 0x10, 0x20, 0x00, 0x00, 0xe2, 0x0f, 0x00, 0x20, 0x12, 0x1c, 0x1e,
  0x1d, 0x00, 0x00, 0x00, 0x00, 0x00, 0x40, 0x00, 0x00, 0xe2, 0x0f, 0x00,
  0x20, 0x72, 0x1d, 0x1b, 0x12, 0x00, 0x00, 0x00, 0x00, 0x00, 0x40, 0x00,
  0x00, 0xe2, 0x0f, 0x04, 0x20, 0x72, 0x1a, 0x1b, 0x1a, 0x00, 0x00, 0x00,
  0x00, 0x00, 0x40, 0x00, 0x00, 0xe2, 0x0f, 0x00, 0x20, 0x72, 0x14, 0x14,
  0x19, 0x00, 0x00, 0x00, 0x00, 0x00, 0x40, 0x00, 0x00, 0xe2, 0x0f, 0x00,
  0x20, 0x12, 0x1c, 0x1c, 0x1f, 0x00, 0x00, 0x00, 0x00, 0x00, 0x40, 0x00,
  0x00, 0xe2, 0x0f, 0x00, 0x23, 0x72, 0x13, 0x1d, 0x13, 0x00, 0x00, 0x00,
  0x22, 0x00, 0x00, 0x00, 0x00, 0xe2, 0x0f, 0x00, 0x20, 0x92, 0x1c, 0x1e,
  0x15, 0x00, 0x00, 0x00, 0x00, 0x00, 0x40, 0x00, 0x00, 0xc6, 0x0f, 0x00,
  0x23, 0x72, 0x1a, 0x1a, 0x03, 0x00, 0x00, 0x00, 0x13, 0x00, 0x00, 0x00,
  0x00, 0xe2, 0x0f, 0x00, 0x20, 0x72, 0x03, 0x1b, 0x14, 0x00, 0x00, 0x00,
  0x00, 0x00, 0x40, 0x00, 0x00, 0xe2, 0x0f, 0x00, 0x20, 0x72, 0x1c, 0x1c,
  0x19, 0x00, 0x00, 0x00, 0x00, 0x00, 0x40, 0x00, 0x00, 0xc6, 0x0f, 0x00,
  0x23, 0x72, 0x02, 0x03, 0x02, 0x00, 0x00, 0x00, 0x1a, 0x00, 0x00, 0x00,
  0x00, 0xe2, 0x0f, 0x00, 0x20, 0x72, 0x1b, 0x1b, 0x1c, 0x00, 0x00, 0x00,
  0x00, 0x00, 0x40, 0x00, 0x00, 0xc8, 0x0f, 0x00, 0x23, 0x72, 0x21, 0x1b,
  0x00, 0x00, 0x00, 0x00, 0x02, 0x00, 0x00, 0x00, 0x00, 0xe2, 0x0f, 0x00,
  0x47, 0x75, 0xb0, 0x00, 0xf1, 0xff, 0xff, 0xff, 0xff, 0xff, 0x83, 0x0b,
  0x00, 0xec, 0x0f, 0x00, 0x89, 0x7f, 0x00, 0x21, 0x00, 0x1f, 0x00, 0x0e,
  0x00, 0x00, 0x0e, 0x00, 0x00, 0x22, 0x0e, 0x00, 0x0c, 0x72, 0x00, 0x17,
  0xff, 0x00, 0x00, 0x00, 0x70, 0x50, 0xf0, 0x03, 0x00, 0xe2, 0x8f, 0x00,
  0x21, 0x72, 0x00, 0x00, 0x21, 0x00, 0x00, 0x00, 0x00, 0x00, 0x00, 0x00,
  0x00, 0xca, 0x1f, 0x00, 0x89, 0x7f, 0x03, 0x00, 0x00, 0x1f, 0x00, 0x0d,
  0x00, 0x00, 0x0e, 0x00, 0x00, 0x24, 0x0e, 0x00, 0x21, 0x72, 0x03, 0x00,
  0x03, 0x00, 0x00, 0x00, 0x00, 0x00, 0x00, 0x00, 0x00, 0xca, 0x1f, 0x00,
  0x89, 0x7f, 0x02, 0x03, 0x00, 0x1f, 0x80, 0x0c, 0x00, 0x00, 0x0e, 0x00,
  0x00, 0x24, 0x0e, 0x00, 0x21, 0x72, 0x02, 0x03, 0x02, 0x00, 0x00, 0x00,
  0x00, 0x00, 0x00, 0x00, 0x00, 0xca, 0x1f, 0x00, 0x89, 0x7f, 0x05, 0x02,
  0x00, 0x1f, 0x40, 0x0c, 0x00, 0x00, 0x0e, 0x00, 0x00, 0x24, 0x0e, 0x00,
  0x21, 0x72, 0x05, 0x02, 0x05, 0x00, 0x00, 0x00, 0x00, 0x00, 0x00, 0x00,
  0x00, 0xca, 0x1f, 0x00, 0x89, 0x7f, 0x04, 0x05, 0x00, 0x1f, 0x20, 0x0c,
  0x00, 0x00, 0x0e, 0x00, 0x00, 0xe2, 0x00, 0x00, 0x4d, 0x09, 0x00, 0x00,
  0x00, 0x00, 0x00, 0x00, 0x00, 0x00, 0x80, 0x03, 0x00, 0xea, 0x4f, 0x00,
  0x82, 0x7b, 0x02, 0xff, 0x00, 0xe4, 0x00, 0x00, 0x00, 0x0a, 0x00, 0x00,
  0x00, 0x62, 0x0e, 0x00, 0x21, 0x72, 0x05, 0x05, 0x04, 0x00, 0x00, 0x00,
  0x00, 0x00, 0x00, 0x00, 0x00, 0xe2, 0x9f, 0x00, 0x25, 0x78, 0x16, 0x16,
  0x04, 0x00, 0x00, 0x00, 0x02, 0x00, 0x8e, 0x07, 0x00, 0xca, 0x2f, 0x00,
  0x86, 0x79, 0x00, 0x16, 0x05, 0x00, 0x00, 0x00, 0x06, 0x19, 0x10, 0x0c,
  0x00, 0xe2, 0x0f, 0x00, 0x4d, 0x79, 0x00, 0x00, 0x00, 0x00, 0x00, 0x00,
  0x00, 0x00, 0x80, 0x03, 0x00, 0xea, 0x0f, 0x00, 0x19, 0x78, 0x12, 0xff,
  0x17, 0x00, 0x00, 0x00, 0x15, 0x16, 0x01, 0x00, 0x00, 0xe2, 0x0f, 0x00,
  0x45, 0x79, 0x02, 0x00, 0x60, 0x06, 0x00, 0x00, 0x00, 0x02, 0x80, 0x03,
  0x00, 0xe2, 0x0f, 0x00, 0x19, 0x78, 0x03, 0xff, 0x17, 0x00, 0x00, 0x00,
  0x00, 0x16, 0x01, 0x00, 0x00, 0xe4, 0x0f, 0x00, 0x12, 0x78, 0x12, 0x12,
  0xff, 0x00, 0x00, 0x00, 0xff, 0xc0, 0x8e, 0x07, 0x00, 0xe4, 0x0f, 0x00,
  0x12, 0x78, 0x1a, 0x03, 0xff, 0x00, 0x00, 0x00, 0xff, 0xc0, 0x8e, 0x07,
  0x00, 0xe2, 0x0f, 0x00, 0x02, 0x72, 0x14, 0x00, 0x00, 0x00, 0x00, 0x00,
  0x00, 0x0f, 0x00, 0x00, 0x00, 0xe4, 0x0f, 0x00, 0x35, 0x78, 0x1b, 0x12,
  0xff, 0xff, 0xff, 0xff, 0x00, 0x00, 0x8e, 0x07, 0x00, 0xe4, 0x0f, 0x00,
  0x35, 0x78, 0x19, 0x1a, 0xff, 0xff, 0xff, 0xff, 0x00, 0x00, 0x8e, 0x07,
  0x00, 0xc6, 0x0f, 0x00, 0x0c, 0x78, 0x00, 0x1b, 0xfd, 0x00, 0x00, 0x00,
  0x70, 0x40, 0xf0, 0x03, 0x00, 0xca, 0x0f, 0x00, 0x0c, 0x78, 0x00, 0x19,
  0xfd, 0x00, 0x00, 0x00, 0x70, 0x44, 0x70, 0x00, 0x00, 0xda, 0x0f, 0x00,
  0x02, 0x82, 0x13, 0x00, 0xff, 0x00, 0x00, 0x00, 0x00, 0x0f, 0x00, 0x00,
  0x00, 0xe2, 0x0f, 0x00, 0x47, 0x89, 0x60, 0x00, 0x00, 0x00, 0x00, 0x00,
  0x00, 0x00, 0x80, 0x03, 0x00, 0xec, 0x0f, 0x00, 0x0b, 0x78, 0x00, 0x00,
  0x00, 0x00, 0x80, 0x7f, 0x00, 0xc2, 0xf1, 0x03, 0x00, 0xe2, 0x0f, 0x00,
  0x0b, 0x78, 0x00, 0x15, 0x00, 0x00, 0x80, 0x7f, 0x00, 0xc2, 0xf3, 0x03,
  0x00, 0xe2, 0x0f, 0x00, 0x02, 0x72, 0x03, 0x00, 0x15, 0x00, 0x00, 0x00,
  0x00, 0x0f, 0x00, 0x00, 0x00, 0xc8, 0x0f, 0x00, 0x1c, 0x78, 0x8f, 0x00,
  0x00, 0x00, 0x00, 0x00, 0x70, 0x3f, 0x70, 0x00, 0x00, 0xda, 0x0f, 0x00,
  0x47, 0x09, 0x50, 0x00, 0x04, 0x00, 0x00, 0x00, 0x00, 0x00, 0x80, 0x03,
  0x00, 0xea, 0x0f, 0x00, 0x12, 0x78, 0xff, 0x15, 0xff, 0xff, 0xff, 0x7f,
  0x14, 0xc8, 0x80, 0x07, 0x00, 0xda, 0x0f, 0x00, 0x47, 0x89, 0x40, 0x00,
  0x04, 0x00, 0x00, 0x00, 0x00, 0x00, 0x80, 0x03, 0x00, 0xea, 0x0f, 0x00,
  0x0b, 0x78, 0x00, 0x00, 0x00, 0x00, 0x80, 0x7f, 0x00, 0xd2, 0xf3, 0x03,
  0x00, 0xe2, 0x0f, 0x04, 0x0b, 0x78, 0x00, 0x03, 0x00, 0x00, 0x80, 0x7f,
  0x00, 0xd2, 0xf5, 0x03, 0x00, 0xe2, 0x0f, 0x00, 0x0b, 0x78, 0x00, 0x00,
  0x00, 0x00, 0x80, 0x7f, 0x00, 0xd2, 0xf1, 0x03, 0x00, 0xd8, 0x0f, 0x00,
  0x47, 0xa9, 0x30, 0x00, 0x04, 0x00, 0x00, 0x00, 0x00, 0x00, 0x80, 0x04,
  0x00, 0xea, 0x0f, 0x00, 0x12, 0x78, 0xff, 0x14, 0xff, 0xff, 0xff, 0x7f,
  0xff, 0xc0, 0x82, 0x07, 0x00, 0xc8, 0x0f, 0x00, 0x1c, 0x78, 0xf2, 0x00,
  0x00, 0x00, 0x00, 0x00, 0x77, 0x25, 0x72, 0x01, 0x00, 0xda, 0x0f, 0x00,
  0x47, 0x19, 0x1c, 0x00, 0x04, 0x00, 0x00, 0x00, 0x00, 0x00, 0x80, 0x03,
  0x00, 0xea, 0x0f, 0x00, 0x12, 0x78, 0xff, 0x15, 0xff, 0xff, 0xff, 0x7f,
  0xff, 0xc0, 0x82, 0x07, 0x00, 0xc8, 0x0f, 0x00, 0x1c, 0x78, 0xf2, 0x00,
  0x00, 0x00, 0x00, 0x00, 0x77, 0x25, 0x70, 0x00, 0x00, 0xda, 0x0f, 0x00,
  0x47, 0x09, 0x04, 0x00, 0x04, 0x00, 0x00, 0x00, 0x00, 0x00, 0x80, 0x03,
  0x00, 0xea, 0x0f, 0x00, 0x0c, 0x72, 0x00, 0x19, 0xff, 0x00, 0x00, 0x00,
  0x70, 0x62, 0xf0, 0x03, 0x00, 0xe2, 0x0f, 0x00, 0x0c, 0x72, 0x00, 0x1b,
  0xff, 0x00, 0x00, 0x00, 0x70, 0x62, 0xf2, 0x03, 0x00, 0xd8, 0x0f, 0x00,
  0x02, 0x02, 0x13, 0x00, 0xff, 0x00, 0x00, 0x00, 0x00, 0x0f, 0x00, 0x00,
  0x00, 0xe2, 0x0f, 0x00, 0x02, 0x88, 0x13, 0x00, 0xc0, 0xff, 0xff, 0xff,
  0x00, 0x0f, 0x00, 0x00, 0x00, 0xe2, 0x0f, 0x00, 0x23, 0x88, 0x14, 0x00,
  0x00, 0x00, 0x80, 0x5f, 0xff, 0x00, 0x00, 0x00, 0x00, 0xe2, 0x0f, 0x00,
  0x23, 0x98, 0x15, 0x03, 0x00, 0x00, 0x80, 0x5f, 0xff, 0x00, 0x00, 0x00,
  0x00, 0xc6, 0x0f, 0x00, 0x35, 0x98, 0x13, 0x13, 0x40, 0x00, 0x00, 0x00,
  0x00, 0x00, 0x8e, 0x07, 0x00, 0xce, 0x0f, 0x00, 0x11, 0x78, 0x00, 0x12,
  0x00, 0x00, 0x80, 0xc0, 0xff, 0xb8, 0x8e, 0x07, 0x00, 0xe2, 0x0f, 0x00,
  0x45, 0x79, 0x03, 0x00, 0x70, 0x03, 0x00, 0x00, 0x00, 0x02, 0x80, 0x03,
  0x00, 0xe8, 0x0f, 0x00, 0x35, 0x72, 0x19, 0x00, 0x15, 0x00, 0x00, 0x00,
  0x00, 0x01, 0x8e, 0x07, 0x00, 0xe2, 0x0f, 0x00, 0x35, 0x78, 0x15, 0x1a,
  0x81, 0xff, 0xff, 0xff, 0x00, 0x00, 0x8e, 0x07, 0x00, 0xc6, 0x0f, 0x00,
  0x08, 0x73, 0x03, 0x00, 0x19, 0x00, 0x00, 0x00, 0x00, 0x10, 0x00, 0x00,
  0x00, 0x22, 0x0e, 0x00, 0x21, 0x72, 0x1b, 0x19, 0xff, 0x00, 0x00, 0x80,
  0x00, 0x01, 0x01, 0x00, 0x00, 0xe2, 0x0f, 0x00, 0x24, 0x78, 0x00, 0x15,
  0x00, 0x00, 0x80, 0xff, 0x14, 0x02, 0x8e, 0x07, 0x00, 0xc6, 0x0f, 0x00,
  0x23, 0x74, 0x1a, 0x03, 0x00, 0x00, 0x80, 0x3f, 0x1b, 0x00, 0x00, 0x00,
  0x00, 0xc8, 0x1f, 0x00, 0x23, 0x72, 0x03, 0x03, 0x1a, 0x00, 0x00, 0x00,
  0x03, 0x00, 0x00, 0x00, 0x00, 0xc8, 0x0f, 0x00, 0x23, 0x72, 0x14, 0x00,
  0x03, 0x00, 0x00, 0x00, 0xff, 0x00, 0x00, 0x00, 0x00, 0xc8, 0x0f, 0x00,
  0x23, 0x72, 0x1a, 0x1b, 0x14, 0x00, 0x00, 0x00, 0x00, 0x00, 0x00, 0x00,
  0x00, 0xc8, 0x0f, 0x00, 0x23, 0x72, 0x14, 0x03, 0x1a, 0x00, 0x00, 0x00,
  0x14, 0x00, 0x00, 0x00, 0x00, 0xe2, 0x0f, 0x00, 0x10, 0x78, 0x1a, 0x15,
  0x7f, 0x00, 0x00, 0x00, 0x12, 0xe8, 0xff, 0x07, 0x00, 0xc6, 0x0f, 0x00,
  0x23, 0x72, 0x1b, 0x1b, 0x14, 0x00, 0x00, 0x00, 0x00, 0x00, 0x00, 0x00,
  0x00, 0xe4, 0x0f, 0x00, 0x35, 0x72, 0x13, 0x1a, 0x13, 0x00, 0x00, 0x00,
  0x00, 0x00, 0x8e, 0x07, 0x00, 0xe4, 0x0f, 0x00, 0x23, 0x72, 0x00, 0x03,
  0x1b, 0x00, 0x00, 0x00, 0x14, 0x00, 0x00, 0x00, 0x00, 0xca, 0x0f, 0x00,
  0x19, 0x78, 0x12, 0xff, 0x17, 0x00, 0x00, 0x00, 0x00, 0x16, 0x01, 0x00,
  0x00, 0xc8, 0x0f, 0x00, 0x12, 0x78, 0x12, 0x12, 0xff, 0x00, 0x00, 0x00,
  0xff, 0xc0, 0x8e, 0x07, 0x00, 0xca, 0x0f, 0x00, 0x35, 0x72, 0x15, 0x12,
  0x13, 0x00, 0x00, 0x00, 0x00, 0x00, 0x8e, 0x07, 0x00, 0xca, 0x0f, 0x00,
  0x35, 0x78, 0x12, 0x15, 0xff, 0xff, 0xff, 0xff, 0x00, 0x00, 0x8e, 0x07,
  0x00, 0xca, 0x0f, 0x00, 0x0c, 0x78, 0x00, 0x12, 0xfe, 0x00, 0x00, 0x00,
  0x70, 0x60, 0xf0, 0x03, 0x00, 0xda, 0x0f, 0x00, 0x47, 0x89, 0x80, 0x00,
  0x00, 0x00, 0x00, 0x00, 0x00, 0x00, 0x80, 0x03, 0x00, 0xea, 0x0f, 0x00,
  0x0c, 0x78, 0x00, 0x15, 0xfe, 0x00, 0x00, 0x00, 0x70, 0x42, 0xf0, 0x03,
  0x00, 0xda, 0x0f, 0x00, 0x47, 0x09, 0x6c, 0x00, 0x00, 0x00, 0x00, 0x00,
  0x00, 0x00, 0x80, 0x03, 0x00, 0xea, 0x0f, 0x00, 0x0c, 0x78, 0x00, 0x15,
  0x01, 0x00, 0x00, 0x00, 0x70, 0x62, 0xf0, 0x03, 0x00, 0xda, 0x0f, 0x00,
  0x47, 0x09, 0x74, 0x00, 0x00, 0x00, 0x00, 0x00, 0x00, 0x00, 0x80, 0x03,
  0x00, 0xea, 0x0f, 0x00, 0x0c, 0x78, 0x00, 0x15, 0xe8, 0xff, 0xff, 0xff,
  0x70, 0x62, 0xf0, 0x03, 0x00, 0xe2, 0x0f, 0x00, 0x12, 0x78, 0x00, 0x00,
  0x00, 0x00, 0x00, 0x80, 0xff, 0xc0, 0x8e, 0x07, 0x00, 0xd8, 0x0f, 0x00,
  0x47, 0x89, 0x68, 0x00, 0x00, 0x00, 0x00, 0x00, 0x00, 0x00, 0x80, 0x03,
  0x00, 0xea, 0x0f, 0x00, 0x23, 0x72, 0x12, 0x03, 0x1b, 0x00, 0x00, 0x00,
  0x14, 0xc0, 0x00, 0x00, 0x00, 0xe2, 0x0f, 0x00, 0x35, 0x78, 0x1a, 0x15,
  0x20, 0x00, 0x00, 0x00, 0x00, 0x00, 0x8e, 0x07, 0x00, 0xe2, 0x0f, 0x04,
  0x0c, 0x72, 0x00, 0x15, 0xff, 0x00, 0x00, 0x00, 0x70, 0x52, 0xf2, 0x03,
  0x00, 0xe2, 0x0f, 0x04, 0x0c, 0x72, 0x00, 0x15, 0xff, 0x00, 0x00, 0x00,
  0x70, 0x52, 0xf4, 0x03, 0x00, 0xe4, 0x0f, 0x00, 0x12, 0x78, 0x12, 0x12,
  0xff, 0xff, 0x7f, 0x00, 0xff, 0xc0, 0x8e, 0x07, 0x00, 0xc8, 0x0f, 0x00,
  0x12, 0x78, 0x13, 0x12, 0x00, 0x00, 0x80, 0x00, 0xff, 0xfc, 0x8e, 0x07,
  0x00, 0xe2, 0x0f, 0x00, 0x23, 0x72, 0x12, 0x03, 0x1b, 0x00, 0x00, 0x00,
  0x14, 0x80, 0x00, 0x00, 0x00, 0xe2, 0x0f, 0x1c, 0x23, 0x72, 0x03, 0x03,
  0x1b, 0x00, 0x00, 0x00, 0x14, 0x40, 0x00, 0x00, 0x00, 0xe2, 0x0f, 0x00,
  0x35, 0x72, 0x14, 0x15, 0xff, 0x00, 0x00, 0x00, 0x00, 0x01, 0x8e, 0x07,
  0x00, 0xe2, 0x0f, 0x00, 0x19, 0x72, 0x1a, 0x13, 0x1a, 0x00, 0x00, 0x00,
  0xff, 0x06, 0x00, 0x00, 0x00, 0xc6, 0x0f, 0x00, 0x0b, 0x72, 0x00, 0x12,
  0x03, 0x00, 0x00, 0x00, 0x00, 0xd0, 0xf1, 0x03, 0x00, 0xe2, 0x0f, 0x00,
  0x07, 0x72, 0x12, 0x14, 0xff, 0x00, 0x00, 0x00, 0x00, 0x00, 0x00, 0x01,
  0x00, 0xe2, 0x0f, 0x00, 0x0c, 0x72, 0x00, 0x1a, 0xff, 0x00, 0x00, 0x00,
  0x70, 0x52, 0xf2, 0x00, 0x00, 0xc8, 0x0f, 0x00, 0x19, 0x72, 0x12, 0xff,
  0x12, 0x00, 0x00, 0x00, 0x13, 0x16, 0x01, 0x00, 0x00, 0xe4, 0x0f, 0x00,
  0x1c, 0x78, 0x8f, 0x00, 0x00, 0x00, 0x00, 0x00, 0x70, 0x3f, 0x70, 0x00,
  0x00, 0xe4, 0x0f, 0x00, 0x19, 0x78, 0x14, 0xff, 0x01, 0x00, 0x00, 0x00,
  0x12, 0x16, 0x01, 0x00, 0x00, 0xc6, 0x0f, 0x00, 0x07, 0x78, 0x03, 0xff,
  0x01, 0x00, 0x00, 0x00, 0x00, 0x00, 0x00, 0x04, 0x00, 0xca, 0x0f, 0x00,
  0x12, 0x78, 0x03, 0x03, 0x01, 0x00, 0x00, 0x00, 0x14, 0xf8, 0x8e, 0x07,
  0x00, 0xc8, 0x0f, 0x00, 0x12, 0x72, 0x03, 0x03, 0x12, 0x00, 0x00, 0x00,
  0xff, 0xc0, 0x8e, 0x07, 0x00, 0xca, 0x0f, 0x00, 0x35, 0x72, 0x03, 0x14,
  0x03, 0x00, 0x00, 0x00, 0x00, 0x00, 0x8e, 0x07, 0x00, 0xca, 0x0f, 0x00,
  0x12, 0x72, 0x00, 0x03, 0x00, 0x00, 0x00, 0x00, 0xff, 0xfc, 0x8e, 0x07,
  0x00, 0xe2, 0x0f, 0x00, 0x47, 0x79, 0x10, 0x00, 0x00, 0x00, 0x00, 0x00,
  0x00, 0x00, 0x80, 0x03, 0x00, 0xec, 0x0f, 0x00, 0x12, 0x78, 0x00, 0x00,
  0x00, 0x00, 0x00, 0x80, 0xff, 0xc0, 0x8e, 0x07, 0x00, 0xc8, 0x0f, 0x00,
  0x12, 0x78, 0x00, 0x00, 0x00, 0x00, 0x80, 0x7f, 0xff, 0xfc, 0x8e, 0x07,
  0x00, 0xe2, 0x0f, 0x00, 0x47, 0x79, 0x04, 0x00, 0x00, 0x00, 0x00, 0x00,
  0x00, 0x00, 0x80, 0x03, 0x00, 0xec, 0x0f, 0x00, 0x24, 0x78, 0x00, 0x13,
  0x00, 0x00, 0x80, 0x00, 0x00, 0x02, 0x8e, 0x07, 0x00, 0xce, 0x0f, 0x00,
  0x18, 0x79, 0x00, 0x00, 0x00, 0x00, 0x00, 0x00, 0x00, 0x00, 0x00, 0x00,
  0x00, 0xe2, 0x0f, 0x00, 0x41, 0x79, 0x03, 0x00, 0x00, 0x00, 0x00, 0x00,
  0x00, 0x02, 0x80, 0x03, 0x00, 0xea, 0x0f, 0x00, 0x47, 0x79, 0x20, 0x00,
  0x00, 0x00, 0x00, 0x00, 0x00, 0x00, 0x80, 0x03, 0x00, 0xea, 0x0f, 0x00,
  0x12, 0x78, 0x00, 0x15, 0x00, 0x00, 0x00, 0x80, 0x14, 0x48, 0x8e, 0x07,
  0x00, 0xc8, 0x0f, 0x00, 0x12, 0x78, 0x00, 0x00, 0x00, 0x00, 0x80, 0x7f,
  0xff, 0xfc, 0x8e, 0x07, 0x00, 0xe2, 0x0f, 0x00, 0x47, 0x79, 0x14, 0x00,
  0x00, 0x00, 0x00, 0x00, 0x00, 0x00, 0x80, 0x03, 0x00, 0xec, 0x0f, 0x00,
  0x12, 0x78, 0x00, 0x15, 0x00, 0x00, 0x00, 0x80, 0x14, 0x48, 0x8e, 0x07,
  0x00, 0xe2, 0x0f, 0x00, 0x47, 0x79, 0x0c, 0x00, 0x00, 0x00, 0x00, 0x00,
  0x00, 0x00, 0x80, 0x03, 0x00, 0xec, 0x0f, 0x00, 0x08, 0x79, 0x00, 0x00,
  0x00, 0x00, 0xc0, 0xff, 0x00, 0x14, 0x00, 0x00, 0x00, 0x22, 0x0e, 0x00,
  0x47, 0x79, 0x04, 0x00, 0x00, 0x00, 0x00, 0x00, 0x00, 0x00, 0x80, 0x03,
  0x00, 0xea, 0x0f, 0x00, 0x21, 0x72, 0x00, 0x00, 0x03, 0x00, 0x00, 0x00,
  0x00, 0x00, 0x01, 0x00, 0x00, 0xce, 0x0f, 0x00, 0x18, 0x79, 0x00, 0x00,
  0x00, 0x00, 0x00, 0x00, 0x00, 0x00, 0x00, 0x00, 0x00, 0xe2, 0x0f, 0x00,
  0x41, 0x79, 0x02, 0x00, 0x00, 0x00, 0x00, 0x00, 0x00, 0x02, 0x80, 0x03,
  0x00, 0xea, 0x0f, 0x00, 0x31, 0x74, 0x03, 0xff, 0x00, 0x00, 0x00, 0x00,
  0xff, 0x01, 0x00, 0x00, 0x00, 0xc8, 0x0f, 0x00, 0x50, 0x79, 0x28, 0x02,
  0xe8, 0xff, 0xff, 0xff, 0xff, 0xff, 0xc3, 0x03, 0x00, 0xea, 0x1f, 0x00,
  0x47, 0x79, 0xfc, 0x00, 0xfc, 0xff, 0xff, 0xff, 0xff, 0xff, 0x83, 0x03,
  0x00, 0xc0, 0x0f, 0x00, 0x18, 0x79, 0x00, 0x00, 0x00, 0x00, 0x00, 0x00,
  0x00, 0x00, 0x00, 0x00, 0x00, 0xc0, 0x0f, 0x00, 0x18, 0x79, 0x00, 0x00,
  0x00, 0x00, 0x00, 0x00, 0x00, 0x00, 0x00, 0x00, 0x00, 0xc0, 0x0f, 0x00,
  0x18, 0x79, 0x00, 0x00, 0x00, 0x00, 0x00, 0x00, 0x00, 0x00, 0x00, 0x00,
  0x00, 0xc0, 0x0f, 0x00, 0x18, 0x79, 0x00, 0x00, 0x00, 0x00, 0x00, 0x00,
  0x00, 0x00, 0x00, 0x00, 0x00, 0xc0, 0x0f, 0x00, 0x18, 0x79, 0x00, 0x00,
  0x00, 0x00, 0x00, 0x00, 0x00, 0x00, 0x00, 0x00, 0x00, 0xc0, 0x0f, 0x00,
  0x18, 0x79, 0x00, 0x00, 0x00, 0x00, 0x00, 0x00, 0x00, 0x00, 0x00, 0x00,
  0x00, 0xc0, 0x0f, 0x00, 0x18, 0x79, 0x00, 0x00, 0x00, 0x00, 0x00, 0x00,
  0x00, 0x00, 0x00, 0x00, 0x00, 0xc0, 0x0f, 0x00, 0x18, 0x79, 0x00, 0x00,
  0x00, 0x00, 0x00, 0x00, 0x00, 0x00, 0x00, 0x00, 0x00, 0xc0, 0x0f, 0x00,
  0x18, 0x79, 0x00, 0x00, 0x00, 0x00, 0x00, 0x00, 0x00, 0x00, 0x00, 0x00,
  0x00, 0xc0, 0x0f, 0x00, 0x82, 0x7b, 0x01, 0xff, 0x00, 0xdf, 0x00, 0x00,
  0x00, 0x08, 0x00, 0x00, 0x00, 0xe2, 0x0f, 0x00, 0xac, 0x77, 0x04, 0xff,
  0x80, 0x73, 0x00, 0x00, 0x00, 0x08, 0x00, 0x08, 0x00, 0x22, 0x0e, 0x00,
  0x19, 0x79, 0x16, 0x00, 0x00, 0x00, 0x00, 0x00, 0x00, 0x25, 0x00, 0x00,
  0x00, 0x62, 0x0e, 0x00, 0x31, 0x74, 0x21, 0xff, 0x00, 0x00, 0x00, 0x00,
  0xff, 0x01, 0x00, 0x00, 0x00, 0xe2, 0x0f, 0x00, 0xac, 0x77, 0x06, 0xff,
  0x00, 0x6b, 0x00, 0x00, 0x00, 0x0a, 0x00, 0x08, 0x00, 0xa2, 0x0e, 0x00,
  0x19, 0x79, 0x17, 0x00, 0x00, 0x00, 0x00, 0x00, 0x00, 0x21, 0x00, 0x00,
  0x00, 0xe2, 0x0e, 0x00, 0x8c, 0x78, 0x00, 0x04, 0x01, 0x00, 0x00, 0x00,
  0x70, 0x62, 0xf0, 0x0b, 0x00, 0xd2, 0x1f, 0x00, 0x47, 0x75, 0xd0, 0x08,
  0x0d, 0x00, 0x00, 0x00, 0x00, 0x00, 0x80, 0x0b, 0x00, 0xea, 0x0f, 0x00,
  0x82, 0x7b, 0x10, 0xff, 0x00, 0xe0, 0x00, 0x00, 0x00, 0x0a, 0x00, 0x00,
  0x00, 0x22, 0x0e, 0x00, 0x25, 0x7c, 0x02, 0x16, 0x04, 0x00, 0x00, 0x00,
  0xff, 0x00, 0x8e, 0x0f, 0x00, 0xe2, 0x2f, 0x00, 0x19, 0x78, 0x18, 0xff,
  0x01, 0x00, 0x00, 0x00, 0x17, 0x16, 0x01, 0x00, 0x00, 0xe2, 0x8f, 0x00,
  0x90, 0x72, 0x04, 0x04, 0xff, 0x00, 0x00, 0x00, 0xff, 0xe1, 0xff, 0x0f,
  0x00, 0xe2, 0x0f, 0x00, 0x02, 0x72, 0x21, 0x00, 0xff, 0x00, 0x00, 0x00,
  0x00, 0x0f, 0x00, 0x00, 0x00, 0xe2, 0x0f, 0x00, 0x24, 0x78, 0x03, 0x03,
  0xa0, 0x00, 0x00, 0x00, 0xff, 0x02, 0x8e, 0x07, 0x00, 0xe2, 0x0f, 0x00,
  0x02, 0x72, 0x07, 0x00, 0xff, 0x00, 0x00, 0x00, 0x00, 0x0f, 0x00, 0x00,
  0x00, 0xe2, 0x0f, 0x00, 0x24, 0x78, 0x08, 0x17, 0x08, 0x00, 0x00, 0x00,
  0xff, 0x00, 0x8e, 0x07, 0x00, 0xe2, 0x0f, 0x04, 0x82, 0x7b, 0x0e, 0xff,
  0x00, 0xe2, 0x00, 0x00, 0x00, 0x0a, 0x00, 0x00, 0x00, 0x62, 0x0e, 0x00,
  0x24, 0x78, 0x06, 0x17, 0x04, 0x00, 0x00, 0x00, 0xff, 0x00, 0x8e, 0x07,
  0x00, 0xe2, 0x0f, 0x00, 0x02, 0x72, 0x09, 0x00, 0xff, 0x00, 0x00, 0x00,
  0x00, 0x0f, 0x00, 0x00, 0x00, 0xe2, 0x0f, 0x00, 0x02, 0x72, 0x0b, 0x00,
  0xff, 0x00, 0x00, 0x00, 0x00, 0x0f, 0x00, 0x00, 0x00, 0xe2, 0x0f, 0x00,
  0x35, 0x78, 0x00, 0x08, 0x02, 0x00, 0x00, 0x00, 0x00, 0x00, 0x8e, 0x07,
  0x00, 0xe2, 0x0f, 0x00, 0x02, 0x72, 0x0d, 0x00, 0xff, 0x00, 0x00, 0x00,
  0x00, 0x0f, 0x00, 0x00, 0x00, 0xe2, 0x0f, 0x00, 0x02, 0x72, 0x05, 0x00,
  0xff, 0x00, 0x00, 0x00, 0x00, 0x0f, 0x00, 0x00, 0x00, 0xc6, 0x0f, 0x00,
  0x12, 0x78, 0x00, 0x00, 0xff, 0xff, 0x00, 0x00, 0xff, 0xc0, 0x8e, 0x07,
  0x00, 0xc8, 0x0f, 0x00, 0x19, 0x78, 0x0a, 0xff, 0x01, 0x00, 0x00, 0x00,
  0x00, 0x16, 0x01, 0x00, 0x00, 0xe2, 0x0f, 0x00, 0x25, 0x78, 0x10, 0x02,
  0xa0, 0x00, 0x00, 0x00, 0x10, 0x00, 0x8e, 0x07, 0x00, 0xe2, 0x1f, 0x00,
  0x35, 0x78, 0x02, 0x08, 0x04, 0x00, 0x00, 0x00, 0x00, 0x00, 0x8e, 0x07,
  0x00, 0xe4, 0x0f, 0x00, 0x12, 0x78, 0x0a, 0x0a, 0xff, 0xff, 0x00, 0x00,
  0xff, 0xc0, 0x8e, 0x07, 0x00, 0xe4, 0x0f, 0x00, 0x35, 0x72, 0x11, 0x11,
  0x03, 0x00, 0x00, 0x00, 0x00, 0x00, 0x8e, 0x07, 0x00, 0xe2, 0x0f, 0x00,
  0x35, 0x78, 0x03, 0x08, 0x06, 0x00, 0x00, 0x00, 0x00, 0x00, 0x8e, 0x07,
  0x00, 0xe2, 0x0f, 0x00, 0x12, 0x78, 0x02, 0x02, 0xff, 0xff, 0x00, 0x00,
  0xff, 0xc0, 0x8e, 0x07, 0x00, 0xe2, 0x0f, 0x00, 0x25, 0x78, 0x0e, 0x17,
  0x20, 0x00, 0x00, 0x00, 0x0e, 0x00, 0x8e, 0x07, 0x00, 0xe2, 0x2f, 0x00,
  0x19, 0x78, 0x08, 0xff, 0x01, 0x00, 0x00, 0x00, 0x08, 0x16, 0x01, 0x00,
  0x00, 0xe2, 0x0f, 0x00, 0x35, 0x78, 0x10, 0x10, 0x90, 0x00, 0x00, 0x00,
  0x00, 0x02, 0x8e, 0x07, 0x00, 0xc6, 0x0f, 0x00, 0x12, 0x78, 0x03, 0x03,
  0xff, 0xff, 0x00, 0x00, 0xff, 0xc0, 0x8e, 0x07, 0x00, 0xe2, 0x0f, 0x00,
  0x35, 0x78, 0x0e, 0x0e, 0x10, 0x00, 0x00, 0x00, 0x00, 0x02, 0x8e, 0x07,
  0x00, 0xc6, 0x0f, 0x00, 0x19, 0x78, 0x0c, 0xff, 0x01, 0x00, 0x00, 0x00,
  0x02, 0x16, 0x01, 0x00, 0x00, 0xe4, 0x0f, 0x00, 0x19, 0x78, 0x04, 0xff,
  0x01, 0x00, 0x00, 0x00, 0x03, 0x16, 0x01, 0x00, 0x00, 0xe4, 0x0f, 0x00,
  0x12, 0x78, 0x0c, 0x0c, 0xff, 0xff, 0x00, 0x00, 0xff, 0xc0, 0x8e, 0x07,
  0x00, 0xe4, 0x0f, 0x00, 0x12, 0x78, 0x04, 0x04, 0xff, 0xff, 0x00, 0x00,
  0xff, 0xc0, 0x8e, 0x07, 0x00, 0xce, 0x4f, 0x00, 0x02, 0x72, 0x19, 0x00,
  0xff, 0x00, 0x00, 0x00, 0x00, 0x0f, 0x00, 0x00, 0x00, 0xca, 0x0f, 0x00,
  0x35, 0x72, 0x02, 0x18, 0x10, 0x00, 0x00, 0x00, 0x00, 0x02, 0x8e, 0x07,
  0x00, 0xce, 0x0f, 0x00, 0x81, 0x79, 0x02, 0x02, 0x06, 0x70, 0xff, 0xff,
  0x00, 0x91, 0x1e, 0x0c, 0x00, 0xa2, 0x0e, 0x00, 0x45, 0x79, 0x00, 0x00,
  0x40, 0x02, 0x00, 0x00, 0x00, 0x02, 0x80, 0x03, 0x00, 0xe2, 0x0f, 0x00,
  0x19, 0x78, 0x12, 0xff, 0x03, 0x00, 0x00, 0x00, 0x02, 0x16, 0x01, 0x00,
  0x00, 0xe4, 0x4f, 0x00, 0x12, 0x78, 0x13, 0x02, 0x07, 0x00, 0x00, 0x00,
  0xff, 0xc0, 0x8e, 0x07, 0x00, 0xc6, 0x0f, 0x00, 0x0c, 0x72, 0x00, 0x12,
  0xff, 0x00, 0x00, 0x00, 0x70, 0x50, 0xf0, 0x03, 0x00, 0xda, 0x0f, 0x00,
  0x06, 0x83, 0x19, 0x00, 0x13, 0x00, 0x00, 0x00, 0x00, 0x10, 0x10, 0x00,
  0x00, 0x24, 0x0e, 0x00, 0x20, 0x88, 0x19, 0x19, 0x00, 0x00, 0x00, 0x3b,
  0x00, 0x00, 0x40, 0x00, 0x00, 0xe2, 0x1f, 0x00, 0x47, 0x89, 0x70, 0x00,
  0x00, 0x00, 0x00, 0x00, 0x00, 0x00, 0x80, 0x03, 0x00, 0xec, 0x0f, 0x00,
  0x0c, 0x78, 0x00, 0x02, 0x38, 0x00, 0x00, 0x00, 0x70, 0x60, 0xf0, 0x03,
  0x00, 0xe2, 0x0f, 0x00, 0x06, 0x73, 0x13, 0x00, 0x13, 0x00, 0x00, 0x00,
  0x00, 0x10, 0x10, 0x00, 0x00, 0x22, 0x0e, 0x00, 0x31, 0x74, 0x02, 0xff,
  0x00, 0x00, 0x00, 0x3e, 0xff, 0x01, 0x00, 0x00, 0x00, 0xd6, 0x0f, 0x00,
  0x35, 0x08, 0x00, 0x12, 0xf9, 0xff, 0xff, 0xff, 0x00, 0x00, 0x8e, 0x07,
  0x00, 0xe2, 0x0f, 0x00, 0x02, 0x08, 0x03, 0x00, 0x01, 0x00, 0x00, 0x00,
  0x00, 0x0f, 0x00, 0x00, 0x00, 0xca, 0x0f, 0x00, 0x19, 0x02, 0x00, 0x03,
  0x00, 0x00, 0x00, 0x00, 0xff, 0x06, 0x00, 0x00, 0x00, 0xc8, 0x0f, 0x00,
  0x45, 0x02, 0x19, 0x00, 0x00, 0x00, 0x00, 0x00, 0x00, 0x10, 0x20, 0x00,
  0x00, 0xe2, 0x0f, 0x00, 0x23, 0x74, 0x00, 0x13, 0x00, 0x00, 0x80, 0x3f,
  0x02, 0x00, 0x00, 0x00, 0x00, 0xc8, 0x1f, 0x00, 0x20, 0x02, 0x19, 0x00,
  0x19, 0x00, 0x00, 0x00, 0x00, 0x00, 0x40, 0x00, 0x00, 0xe2, 0x0f, 0x00,
  0x47, 0x09, 0x48, 0x00, 0x00, 0x00, 0x00, 0x00, 0x00, 0x00, 0x80, 0x03,
  0x00, 0xec, 0x0f, 0x00, 0x35, 0x78, 0x02, 0x12, 0x07, 0x00, 0x00, 0x00,
  0x00, 0x01, 0x8e, 0x07, 0x00, 0xe2, 0x0f, 0x00, 0x02, 0x78, 0x03, 0x00,
  0x01, 0x00, 0x00, 0x00, 0x00, 0x0f, 0x00, 0x00, 0x00, 0xe2, 0x0f, 0x00,
  0x45, 0x79, 0x01, 0x00, 0xf0, 0x00, 0x00, 0x00, 0x00, 0x02, 0x80, 0x03,
  0x00, 0xe8, 0x0f, 0x00, 0x19, 0x72, 0x02, 0x03, 0x02, 0x00, 0x00, 0x00,
  0xff, 0x06, 0x00, 0x00, 0x00, 0xc8, 0x0f, 0x00, 0x45, 0x72, 0x15, 0x00,
  0x02, 0x00, 0x00, 0x00, 0x00, 0x10, 0x20, 0x00, 0x00, 0xc8, 0x0f, 0x00,
  0x08, 0x73, 0x02, 0x00, 0x15, 0x00, 0x00, 0x00, 0x00, 0x10, 0x00, 0x00,
  0x00, 0x22, 0x0e, 0x00, 0x02, 0x73, 0x00, 0x00, 0x15, 0x00, 0x00, 0x00,
  0x00, 0x00, 0x00, 0x00, 0x00, 0x62, 0x0e, 0x00, 0x23, 0x74, 0x03, 0x15,
  0x00, 0x00, 0x80, 0x3f, 0x02, 0x01, 0x00, 0x00, 0x00, 0xc8, 0x1f, 0x00,
  0x23, 0x72, 0x03, 0x02, 0x03, 0x00, 0x00, 0x00, 0x02, 0x00, 0x00, 0x00,
  0x00, 0xc8, 0x0f, 0x00, 0x23, 0x72, 0x02, 0x00, 0x03, 0x00, 0x00, 0x00,
  0xff, 0x00, 0x00, 0x00, 0x00, 0xc8, 0x0f, 0x00, 0x23, 0x72, 0x12, 0x15,
  0x02, 0x00, 0x00, 0x00, 0x00, 0x01, 0x00, 0x00, 0x00, 0xc8, 0x0f, 0x00,
  0x23, 0x72, 0x19, 0x03, 0x12, 0x00, 0x00, 0x00, 0x02, 0x00, 0x00, 0x00,
  0x00, 0xe2, 0x0f, 0x00, 0x47, 0x89, 0x0c, 0x00, 0x00, 0x00, 0x00, 0x00,
  0x00, 0x00, 0x80, 0x03, 0x00, 0xec, 0x2f, 0x00, 0x02, 0x78, 0x02, 0x00,
  0xb0, 0x04, 0x00, 0x00, 0x00, 0x0f, 0x00, 0x00, 0x00, 0xce, 0x0f, 0x00,
  0x44, 0x79, 0x04, 0x00, 0x0c, 0x00, 0x00, 0x00, 0x00, 0x00, 0xc0, 0x03,
  0x00, 0xea, 0x0f, 0x00, 0x02, 0x72, 0x19, 0x00, 0x00, 0x00, 0x00, 0x00,
  0x00, 0x0f, 0x00, 0x00, 0x00, 0xce, 0x0f, 0x00, 0x18, 0x79, 0x00, 0x00,
  0x00, 0x00, 0x00, 0x00, 0x00, 0x00, 0x00, 0x00, 0x00, 0xe2, 0x0f, 0x00,
  0x41, 0x79, 0x01, 0x00, 0x00, 0x00, 0x00, 0x00, 0x00, 0x02, 0x80, 0x03,
  0x00, 0xea, 0x0f, 0x00, 0x18, 0x79, 0x00, 0x00, 0x00, 0x00, 0x00, 0x00,
  0x00, 0x00, 0x00, 0x00, 0x00, 0xe2, 0x0f, 0x00, 0x41, 0x79, 0x00, 0x00,
  0x00, 0x00, 0x00, 0x00, 0x00, 0x02, 0x80, 0x03, 0x00, 0xea, 0x0f, 0x00,
  0x35, 0x72, 0x02, 0x06, 0x10, 0x00, 0x00, 0x00, 0x00, 0x02, 0x8e, 0x07,
  0x00, 0xe4, 0x0f, 0x08, 0x35, 0x72, 0x14, 0x08, 0x10, 0x00, 0x00, 0x00,
  0x00, 0x02, 0x8e, 0x07, 0x00, 0xe4, 0x0f, 0x00, 0x81, 0x79, 0x1b, 0x10,
  0x06, 0x00, 0x00, 0x00, 0x00, 0x99, 0x1e, 0x0c, 0x00, 0xa8, 0x0e, 0x00,
  0x81, 0x79, 0x13, 0x02, 0x06, 0x80, 0xff, 0xff, 0x00, 0x91, 0x1e, 0x0c,
  0x00, 0xe8, 0x0e, 0x00, 0x81, 0x79, 0x15, 0x14, 0x06, 0x80, 0xff, 0xff,
  0x00, 0x91, 0x1e, 0x0c, 0x00, 0x28, 0x01, 0x00, 0x81, 0x79, 0x00, 0x0e,
  0x06, 0xf0, 0xff, 0xff, 0x00, 0x99, 0x1e, 0x0c, 0x00, 0x68, 0x0f, 0x00,
  0x81, 0x79, 0x1f, 0x02, 0x06, 0x81, 0xff, 0xff, 0x00, 0x91, 0x1e, 0x0c,
  0x00, 0x68, 0x0f, 0x00, 0x81, 0x79, 0x20, 0x0e, 0x06, 0xf4, 0xff, 0xff,
  0x00, 0x99, 0x1e, 0x0c, 0x00, 0x62, 0x0f, 0x00, 0x31, 0x74, 0x1e, 0xff,
  0x00, 0x00, 0x80, 0x3f, 0xff, 0x01, 0x00, 0x00, 0x00, 0xc6, 0x0f, 0x00,
  0x81, 0x79, 0x24, 0x02, 0x06, 0x82, 0xff, 0xff, 0x00, 0x91, 0x1e, 0x0c,
  0x00, 0x68, 0x0f, 0x00, 0x81, 0x79, 0x25, 0x02, 0x06, 0x83, 0xff, 0xff,
  0x00, 0x91, 0x1e, 0x0c, 0x00, 0x62, 0x0f, 0x00, 0x12, 0x78, 0x12, 0x13,
  0x0f, 0x00, 0x00, 0x00, 0xff, 0xc0, 0x8e, 0x07, 0x00, 0xc8, 0x8f, 0x00,
  0x19, 0x78, 0x1c, 0xff, 0x01, 0x00, 0x00, 0x00, 0x12, 0x16, 0x01, 0x00,
  0x00, 0xc8, 0x0f, 0x00, 0x12, 0x78, 0xff, 0x1c, 0x03, 0x00, 0x00, 0x00,
  0xff, 0xc0, 0x82, 0x07, 0x00, 0xc8, 0x0f, 0x00, 0x04, 0x78, 0x00, 0x13,
  0x09, 0x00, 0x00, 0x00, 0x00, 0x00, 0x00, 0x00, 0x00, 0xe2, 0x0f, 0x00,
  0x35, 0x72, 0x12, 0x0a, 0x10, 0x00, 0x00, 0x00, 0x00, 0x02, 0x8e, 0x07,
  0x00, 0xc8, 0x0f, 0x00, 0x08, 0x78, 0x14, 0xff, 0x00, 0x00, 0x00, 0x3f,
  0x00, 0x00, 0x00, 0x04, 0x00, 0xe4, 0x1f, 0x00, 0x81, 0x79, 0x1a, 0x12,
  0x06, 0x80, 0xff, 0xff, 0x00, 0x91, 0x1e, 0x0c, 0x00, 0xe2, 0x00, 0x00,
  0x08, 0x78, 0x1d, 0x1e, 0x00, 0x00, 0x80, 0xbf, 0x00, 0x00, 0x80, 0x05,
  0x00, 0xe2, 0x0f, 0x00, 0x12, 0x78, 0x22, 0x1c, 0x03, 0x00, 0x00, 0x00,
  0xff, 0xc0, 0x8e, 0x07, 0x00, 0xe2, 0x0f, 0x00, 0x21, 0x14, 0x1c, 0x14,
  0x00, 0x00, 0x80, 0x3f, 0x00, 0x00, 0x00, 0x00, 0x00, 0xe2, 0x0f, 0x00,
  0x19, 0x78, 0x15, 0xff, 0x04, 0x00, 0x00, 0x00, 0x15, 0x16, 0x01, 0x00,
  0x00, 0xe4, 0x0f, 0x01, 0x20, 0x92, 0x14, 0x1d, 0x14, 0x00, 0x00, 0x00,
  0x00, 0x00, 0x40, 0x00, 0x00, 0xe2, 0x0f, 0x04, 0x20, 0x12, 0x1c, 0x1d,
  0x1c, 0x00, 0x00, 0x00, 0x00, 0x00, 0x40, 0x00, 0x00, 0xe2, 0x0f, 0x00,
  0x35, 0x18, 0x1d, 0x22, 0xff, 0xff, 0xff, 0xff, 0x00, 0x00, 0x8e, 0x07,
  0x00, 0xe2, 0x0f, 0x00, 0x02, 0x18, 0x22, 0x00, 0x01, 0x00, 0x00, 0x00,
  0x00, 0x0f, 0x00, 0x00, 0x00, 0xe2, 0x0f, 0x00, 0x19, 0x78, 0x12, 0xff,
  0x01, 0x00, 0x00, 0x00, 0x15, 0x16, 0x01, 0x00, 0x00, 0xc8, 0x1f, 0x00,
  0x19, 0x12, 0x22, 0x22, 0x1d, 0x00, 0x00, 0x00, 0xff, 0x06, 0x00, 0x00,
  0x00, 0xe4, 0x0f, 0x00, 0x12, 0x78, 0xff, 0x12, 0x03, 0x00, 0x00, 0x00,
  0xff, 0xc0, 0x84, 0x07, 0x00, 0xe2, 0x0f, 0x04, 0x81, 0x79, 0x1d, 0x0e,
  0x06, 0xf8, 0xff, 0xff, 0x00, 0x99, 0x1e, 0x0c, 0x00, 0x22, 0x0f, 0x00,
  0x45, 0x12, 0x13, 0x00, 0x22, 0x00, 0x00, 0x00, 0x00, 0x10, 0x20, 0x00,
  0x00, 0xe4, 0x0f, 0x00, 0x12, 0x78, 0x12, 0x12, 0x03, 0x00, 0x00, 0x00,
  0xff, 0xc0, 0x8e, 0x07, 0x00, 0xe2, 0x0f, 0x00, 0x81, 0x79, 0x22, 0x0e,
  0x06, 0xfc, 0xff, 0xff, 0x00, 0x99, 0x1e, 0x0c, 0x00, 0x24, 0x0f, 0x00,
  0x20, 0x12, 0x14, 0x1c, 0x13, 0x00, 0x00, 0x00, 0x00, 0x00, 0x40, 0x00,
  0x00, 0xe2, 0x0f, 0x00, 0x04, 0x78, 0x00, 0x15, 0x09, 0x00, 0x00, 0x00,
  0x00, 0x00, 0x00, 0x00, 0x00, 0xc6, 0x0f, 0x00, 0x20, 0x72, 0x14, 0x14,
  0x19, 0x00, 0x00, 0x00, 0x00, 0x00, 0x40, 0x00, 0x00, 0xe4, 0x0f, 0x00,
  0x35, 0x28, 0x12, 0x12, 0xff, 0xff, 0xff, 0xff, 0x00, 0x00, 0x8e, 0x07,
  0x00, 0xe2, 0x0f, 0x00, 0x02, 0x28, 0x13, 0x00, 0x01, 0x00, 0x00, 0x00,
  0x00, 0x0f, 0x00, 0x00, 0x00, 0xe2, 0x0f, 0x00, 0x20, 0x72, 0x14, 0x1b,
  0x14, 0x00, 0x00, 0x00, 0x00, 0x00, 0x40, 0x00, 0x00, 0xe2, 0x4f, 0x00,
  0x08, 0x78, 0x1c, 0xff, 0x00, 0x00, 0x00, 0x3f, 0x00, 0x00, 0x00, 0x04,
  0x00, 0xe2, 0x0f, 0x00, 0x08, 0x78, 0x23, 0x1e, 0x00, 0x00, 0x80, 0xbf,
  0x00, 0x00, 0x80, 0x05, 0x00, 0xe4, 0x0f, 0x00, 0x23, 0x72, 0x21, 0x14,
  0x00, 0x00, 0x00, 0x00, 0x21, 0x00, 0x00, 0x00, 0x00, 0xe2, 0x0f, 0x02,
  0x19, 0x22, 0x12, 0x13, 0x12, 0x00, 0x00, 0x00, 0xff, 0x06, 0x00, 0x00,
  0x00, 0xe2, 0x0f, 0x00, 0x21, 0x24, 0x00, 0x1c, 0x00, 0x00, 0x80, 0x3f,
  0x00, 0x00, 0x00, 0x00, 0x00, 0xc6, 0x0f, 0x00, 0x45, 0x22, 0x13, 0x00,
  0x12, 0x00, 0x00, 0x00, 0x00, 0x10, 0x20, 0x00, 0x00, 0xe2, 0x0f, 0x00,
  0x20, 0x22, 0x00, 0x23, 0x00, 0x00, 0x00, 0x00, 0x00, 0x00, 0x40, 0x00,
  0x00, 0xc8, 0x0f, 0x00, 0x20, 0x22, 0x00, 0x00, 0x13, 0x00, 0x00, 0x00,
  0x00, 0x00, 0x40, 0x00, 0x00, 0xe2, 0x0f, 0x00, 0x35, 0x72, 0x12, 0x0c,
  0x10, 0x00, 0x00, 0x00, 0x00, 0x02, 0x8e, 0x07, 0x00, 0xce, 0x0f, 0x00,
  0x81, 0x79, 0x12, 0x12, 0x06, 0x80, 0xff, 0xff, 0x00, 0x91, 0x1e, 0x0c,
  0x00, 0xa2, 0x0e, 0x00, 0x35, 0x72, 0x14, 0x04, 0x10, 0x00, 0x00, 0x00,
  0x00, 0x02, 0x8e, 0x07, 0x00, 0xe4, 0x0f, 0x00, 0x20, 0xa2, 0x00, 0x23,
  0x1c, 0x00, 0x00, 0x00, 0x00, 0x00, 0x40, 0x00, 0x00, 0xca, 0x0f, 0x00,
  0x81, 0x79, 0x14, 0x14, 0x06, 0x80, 0xff, 0xff, 0x00, 0x91, 0x1e, 0x0c,
  0x00, 0x62, 0x01, 0x00, 0x12, 0x78, 0x1c, 0x1f, 0x0f, 0x00, 0x00, 0x00,
  0xff, 0xc0, 0x8e, 0x07, 0x00, 0xc6, 0x0f, 0x00, 0x81, 0x79, 0x13, 0x0e,
  0x06, 0x00, 0x00, 0x00, 0x00, 0x99, 0x1e, 0x0c, 0x00, 0x62, 0x0f, 0x00,
  0x19, 0x78, 0x1c, 0xff, 0x01, 0x00, 0x00, 0x00, 0x1c, 0x16, 0x01, 0x00,
  0x00, 0xc8, 0x0f, 0x00, 0x12, 0x78, 0xff, 0x1c, 0x03, 0x00, 0x00, 0x00,
  0xff, 0xc0, 0x82, 0x07, 0x00, 0xe2, 0x0f, 0x00, 0x20, 0x72, 0x00, 0x00,
  0x19, 0x00, 0x00, 0x00, 0x00, 0x00, 0x40, 0x00, 0x00, 0xe2, 0x0f, 0x00,
  0x12, 0x78, 0x1c, 0x1c, 0x03, 0x00, 0x00, 0x00, 0xff, 0xc0, 0x8e, 0x07,
  0x00, 0xe4, 0x0f, 0x00, 0x04, 0x78, 0x00, 0x1f, 0x09, 0x00, 0x00, 0x00,
  0x00, 0x00, 0x00, 0x00, 0x00, 0xe2, 0x0f, 0x00, 0x20, 0x72, 0x00, 0x1b,
  0x00, 0x00, 0x00, 0x00, 0x00, 0x00, 0x40, 0x00, 0x00, 0xc8, 0x0f, 0x00,
  0x23, 0x72, 0x20, 0x00, 0x20, 0x00, 0x00, 0x00, 0x21, 0x00, 0x00, 0x00,
  0x00, 0xe2, 0x0f, 0x00, 0x08, 0x78, 0x00, 0xff, 0x00, 0x00, 0x00, 0x3f,
  0x00, 0x00, 0x00, 0x04, 0x00, 0xc6, 0x0f, 0x00, 0x35, 0x18, 0x02, 0x1c,
  0xff, 0xff, 0xff, 0xff, 0x00, 0x00, 0x8e, 0x07, 0x00, 0xe2, 0x0f, 0x00,
  0x02, 0x18, 0x03, 0x00, 0x01, 0x00, 0x00, 0x00, 0x00, 0x0f, 0x00, 0x00,
  0x00, 0xe2, 0x0f, 0x00, 0x08, 0x78, 0x15, 0x1e, 0x00, 0x00, 0x80, 0xbf,
  0x00, 0x00, 0x80, 0x05, 0x00, 0xc8, 0x1f, 0x00, 0x19, 0x12, 0x03, 0x03,
  0x02, 0x00, 0x00, 0x00, 0xff, 0x06, 0x00, 0x00, 0x00, 0xe2, 0x0f, 0x00,
  0x21, 0x14, 0x02, 0x00, 0x00, 0x00, 0x80, 0x3f, 0x00, 0x00, 0x00, 0x00,
  0x00, 0xc6, 0x0f, 0x00, 0x45, 0x12, 0x03, 0x00, 0x03, 0x00, 0x00, 0x00,
  0x00, 0x10, 0x20, 0x00, 0x00, 0xe2, 0x0f, 0x00, 0x20, 0x12, 0x02, 0x15,
  0x02, 0x00, 0x00, 0x00, 0x00, 0x00, 0x40, 0x00, 0x00, 0xc8, 0x0f, 0x00,
  0x20, 0x12, 0x1c, 0x02, 0x03, 0x00, 0x00, 0x00, 0x00, 0x00, 0x40, 0x00,
  0x00, 0xe4, 0x0f, 0x00, 0x81, 0x79, 0x03, 0x0e, 0x06, 0x04, 0x00, 0x00,
  0x00, 0x99, 0x1e, 0x0c, 0x00, 0x62, 0x0f, 0x00, 0x20, 0x92, 0x1c, 0x15,
  0x00, 0x00, 0x00, 0x00, 0x00, 0x00, 0x40, 0x00, 0x00, 0xc6, 0x0f, 0x00,
  0x81, 0x79, 0x02, 0x0e, 0x06, 0x08, 0x00, 0x00, 0x00, 0x99, 0x1e, 0x0c,
  0x00, 0x68, 0x0f, 0x00, 0x81, 0x79, 0x00, 0x0e, 0x06, 0x0c, 0x00, 0x00,
  0x00, 0x99, 0x1e, 0x0c, 0x00, 0x62, 0x01, 0x00, 0x20, 0x72, 0x1c, 0x1c,
  0x19, 0x00, 0x00, 0x00, 0x00, 0x00, 0x40, 0x00, 0x00, 0xc8, 0x0f, 0x00,
  0x20, 0x72, 0x15, 0x1b, 0x1c, 0x00, 0x00, 0x00, 0x00, 0x00, 0x40, 0x00,
  0x00, 0xe2, 0x0f, 0x00, 0x90, 0x78, 0x04, 0x04, 0x01, 0x00, 0x00, 0x00,
  0xff, 0xe0, 0xff, 0x0f, 0x00, 0xc8, 0x0f, 0x00, 0x8c, 0x72, 0x00, 0x04,
  0xff, 0x00, 0x00, 0x00, 0x70, 0x50, 0xf0, 0x0b, 0x00, 0xe2, 0x0f, 0x00,
  0x35, 0x78, 0x10, 0x10, 0xa0, 0x00, 0x00, 0x00, 0x00, 0x02, 0x8e, 0x07,
  0x00, 0xe4, 0x0f, 0x00, 0x35, 0x78, 0x0e, 0x0e, 0x00, 0x04, 0x00, 0x00,
  0x00, 0x02, 0x8e, 0x07, 0x00, 0xc6, 0x1f, 0x00, 0x19, 0x78, 0x1a, 0xff,
  0x04, 0x00, 0x00, 0x00, 0x1a, 0x16, 0x01, 0x00, 0x00, 0xc8, 0x8f, 0x00,
  0x19, 0x78, 0x1f, 0xff, 0x01, 0x00, 0x00, 0x00, 0x1a, 0x16, 0x01, 0x00,
  0x00, 0xc8, 0x0f, 0x00, 0x12, 0x78, 0xff, 0x1f, 0x03, 0x00, 0x00, 0x00,
  0xff, 0xc0, 0x82, 0x07, 0x00, 0xe4, 0x0f, 0x04, 0x12, 0x78, 0x1f, 0x1f,
  0x03, 0x00, 0x00, 0x00, 0xff, 0xc0, 0x8e, 0x07, 0x00, 0xe4, 0x0f, 0x00,
  0x04, 0x78, 0x00, 0x1a, 0x09, 0x00, 0x00, 0x00, 0x00, 0x00, 0x00, 0x00,
  0x00, 0xe2, 0x0f, 0x00, 0x23, 0x72, 0x1d, 0x15, 0x1d, 0x00, 0x00, 0x00,
  0x20, 0x00, 0x00, 0x00, 0x00, 0xc8, 0x0f, 0x01, 0x08, 0x78, 0x15, 0xff,
  0x00, 0x00, 0x00, 0x3f, 0x00, 0x00, 0x00, 0x04, 0x00, 0xc8, 0x0f, 0x00,
  0x35, 0x18, 0x1a, 0x1f, 0xff, 0xff, 0xff, 0xff, 0x00, 0x00, 0x8e, 0x07,
  0x00, 0xe2, 0x0f, 0x00, 0x02, 0x18, 0x1f, 0x00, 0x01, 0x00, 0x00, 0x00,
  0x00, 0x0f, 0x00, 0x00, 0x00, 0xe2, 0x0f, 0x00, 0x08, 0x78, 0x20, 0x1e,
  0x00, 0x00, 0x80, 0xbf, 0x00, 0x00, 0x80, 0x05, 0x00, 0xc8, 0x0f, 0x00,
  0x19, 0x12, 0x1c, 0x1f, 0x1a, 0x00, 0x00, 0x00, 0xff, 0x06, 0x00, 0x00,
  0x00, 0xe2, 0x0f, 0x00, 0x21, 0x14, 0x1a, 0x15, 0x00, 0x00, 0x80, 0x3f,
  0x00, 0x00, 0x00, 0x00, 0x00, 0xc6, 0x0f, 0x00, 0x45, 0x12, 0x1f, 0x00,
  0x1c, 0x00, 0x00, 0x00, 0x00, 0x10, 0x20, 0x00, 0x00, 0xe2, 0x0f, 0x00,
  0x20, 0x12, 0x1a, 0x20, 0x1a, 0x00, 0x00, 0x00, 0x00, 0x00, 0x40, 0x00,
  0x00, 0xc8, 0x0f, 0x00, 0x20, 0x12, 0x1a, 0x1a, 0x1f, 0x00, 0x00, 0x00,
  0x00, 0x00, 0x40, 0x00, 0x00, 0xe2, 0x0f, 0x00, 0x20, 0x92, 0x1a, 0x20,
  0x15, 0x00, 0x00, 0x00, 0x00, 0x00, 0x40, 0x00, 0x00, 0xe2, 0x0f, 0x00,
  0x12, 0x78, 0x15, 0x24, 0x0f, 0x00, 0x00, 0x00, 0xff, 0xc0, 0x8e, 0x07,
  0x00, 0xc8, 0x0f, 0x00, 0x19, 0x78, 0x15, 0xff, 0x01, 0x00, 0x00, 0x00,
  0x15, 0x16, 0x01, 0x00, 0x00, 0xc8, 0x0f, 0x00, 0x12, 0x78, 0xff, 0x15,
  0x03, 0x00, 0x00, 0x00, 0xff, 0xc0, 0x84, 0x07, 0x00, 0xe2, 0x0f, 0x04,
  0x20, 0x72, 0x1a, 0x1a, 0x19, 0x00, 0x00, 0x00, 0x00, 0x00, 0x40, 0x00,
  0x00, 0xe2, 0x0f, 0x00, 0x12, 0x78, 0x1c, 0x15, 0x03, 0x00, 0x00, 0x00,
  0xff, 0xc0, 0x8e, 0x07, 0x00, 0xe4, 0x0f, 0x00, 0x04, 0x78, 0x00, 0x24,
  0x09, 0x00, 0x00, 0x00, 0x00, 0x00, 0x00, 0x00, 0x00, 0xe2, 0x0f, 0x00,
  0x20, 0x72, 0x1a, 0x1b, 0x1a, 0x00, 0x00, 0x00, 0x00, 0x00, 0x40, 0x00,
  0x00, 0xe2, 0x0f, 0x00, 0x19, 0x78, 0x15, 0xff, 0x04, 0x00, 0x00, 0x00,
  0x12, 0x16, 0x01, 0x00, 0x00, 0xc6, 0x4f, 0x00, 0x23, 0x72, 0x22, 0x1a,
  0x22, 0x00, 0x00, 0x00, 0x1d, 0x00, 0x00, 0x00, 0x00, 0xe2, 0x0f, 0x00,
  0x08, 0x78, 0x1a, 0xff, 0x00, 0x00, 0x00, 0x3f, 0x00, 0x00, 0x00, 0x04,
  0x00, 0xc6, 0x0f, 0x00, 0x35, 0x28, 0x12, 0x1c, 0xff, 0xff, 0xff, 0xff,
  0x00, 0x00, 0x8e, 0x07, 0x00, 0xe2, 0x0f, 0x00, 0x19, 0x78, 0x1c, 0xff,
  0x01, 0x00, 0x00, 0x00, 0x15, 0x16, 0x01, 0x00, 0x00, 0xe2, 0x0f, 0x00,
  0x02, 0x28, 0x1d, 0x00, 0x01, 0x00, 0x00, 0x00, 0x00, 0x0f, 0x00, 0x00,
  0x00, 0xc6, 0x0f, 0x00, 0x12, 0x78, 0xff, 0x1c, 0x03, 0x00, 0x00, 0x00,
  0xff, 0xc0, 0x82, 0x07, 0x00, 0xe2, 0x0f, 0x00, 0x08, 0x78, 0x1f, 0x1e,
  0x00, 0x00, 0x80, 0xbf, 0x00, 0x00, 0x80, 0x05, 0x00, 0xe2, 0x0f, 0x00,
  0x19, 0x22, 0x1d, 0x1d, 0x12, 0x00, 0x00, 0x00, 0xff, 0x06, 0x00, 0x00,
  0x00, 0xe2, 0x0f, 0x00, 0x21, 0x24, 0x12, 0x1a, 0x00, 0x00, 0x80, 0x3f,
  0x00, 0x00, 0x00, 0x00, 0x00, 0xe2, 0x0f, 0x00, 0x12, 0x78, 0x1c, 0x1c,
  0x03, 0x00, 0x00, 0x00, 0xff, 0xc0, 0x8e, 0x07, 0x00, 0xe4, 0x0f, 0x00,
  0x45, 0x22, 0x1d, 0x00, 0x1d, 0x00, 0x00, 0x00, 0x00, 0x10, 0x20, 0x00,
  0x00, 0xe2, 0x0f, 0x00, 0x20, 0x22, 0x12, 0x1f, 0x12, 0x00, 0x00, 0x00,
  0x00, 0x00, 0x40, 0x00, 0x00, 0xe2, 0x0f, 0x00, 0x04, 0x78, 0x00, 0x15,
  0x09, 0x00, 0x00, 0x00, 0x00, 0x00, 0x00, 0x00, 0x00, 0xc6, 0x0f, 0x00,
  0x20, 0x22, 0x12, 0x12, 0x1d, 0x00, 0x00, 0x00, 0x00, 0x00, 0x40, 0x00,
  0x00, 0xe2, 0x0f, 0x00, 0x20, 0xa2, 0x12, 0x1f, 0x1a, 0x00, 0x00, 0x00,
  0x00, 0x00, 0x40, 0x00, 0x00, 0xe2, 0x0f, 0x00, 0x35, 0x18, 0x1a, 0x1c,
  0xff, 0xff, 0xff, 0xff, 0x00, 0x00, 0x8e, 0x07, 0x00, 0xe2, 0x0f, 0x00,
  0x02, 0x18, 0x1f, 0x00, 0x01, 0x00, 0x00, 0x00, 0x00, 0x0f, 0x00, 0x00,
  0x00, 0xe2, 0x0f, 0x00, 0x12, 0x78, 0x1d, 0x25, 0x0f, 0x00, 0x00, 0x00,
  0xff, 0xc0, 0x8e, 0x07, 0x00, 0xe2, 0x0f, 0x00, 0x08, 0x78, 0x15, 0xff,
  0x00, 0x00, 0x00, 0x3f, 0x00, 0x00, 0x00, 0x04, 0x00, 0xc6, 0x0f, 0x00,
  0x19, 0x12, 0x1c, 0x1f, 0x1a, 0x00, 0x00, 0x00, 0xff, 0x06, 0x00, 0x00,
  0x00, 0xe4, 0x0f, 0x00, 0x19, 0x78, 0x1f, 0xff, 0x01, 0x00, 0x00, 0x00,
  0x1d, 0x16, 0x01, 0x00, 0x00, 0xe2, 0x0f, 0x00, 0x21, 0x14, 0x1a, 0x15,
  0x00, 0x00, 0x80, 0x3f, 0x00, 0x00, 0x00, 0x00, 0x00, 0xe2, 0x0f, 0x00,
  0x08, 0x78, 0x20, 0x1e, 0x00, 0x00, 0x80, 0xbf, 0x00, 0x00, 0x80, 0x05,
  0x00, 0xe4, 0x0f, 0x00, 0x12, 0x78, 0xff, 0x1f, 0x03, 0x00, 0x00, 0x00,
  0xff, 0xc0, 0x84, 0x07, 0x00, 0xe4, 0x0f, 0x04, 0x45, 0x12, 0x1d, 0x00,
  0x1c, 0x00, 0x00, 0x00, 0x00, 0x10, 0x20, 0x00, 0x00, 0xe2, 0x0f, 0x00,
  0x20, 0x12, 0x1a, 0x20, 0x1a, 0x00, 0x00, 0x00, 0x00, 0x00, 0x40, 0x00,
  0x00, 0xe2, 0x0f, 0x00, 0x12, 0x78, 0x1f, 0x1f, 0x03, 0x00, 0x00, 0x00,
  0xff, 0xc0, 0x8e, 0x07, 0x00, 0xc6, 0x0f, 0x00, 0x20, 0x12, 0x1a, 0x1a,
  0x1d, 0x00, 0x00, 0x00, 0x00, 0x00, 0x40, 0x00, 0x00, 0xe2, 0x0f, 0x00,
  0x20, 0x92, 0x1a, 0x20, 0x15, 0x00, 0x00, 0x00, 0x00, 0x00, 0x40, 0x00,
  0x00, 0xe2, 0x0f, 0x00, 0x19, 0x78, 0x15, 0xff, 0x04, 0x00, 0x00, 0x00,
  0x14, 0x16, 0x01, 0x00, 0x00, 0xe4, 0x0f, 0x02, 0x04, 0x78, 0x00, 0x25,
  0x09, 0x00, 0x00, 0x00, 0x00, 0x00, 0x00, 0x00, 0x00, 0xe4, 0x0f, 0x00,
  0x35, 0x28, 0x14, 0x1f, 0xff, 0xff, 0xff, 0xff, 0x00, 0x00, 0x8e, 0x07,
  0x00, 0xe2, 0x0f, 0x00, 0x19, 0x78, 0x1d, 0xff, 0x01, 0x00, 0x00, 0x00,
  0x15, 0x16, 0x01, 0x00, 0x00, 0xe2, 0x0f, 0x00, 0x02, 0x28, 0x1f, 0x00,
  0x01, 0x00, 0x00, 0x00, 0x00, 0x0f, 0x00, 0x00, 0x00, 0xe2, 0x0f, 0x00,
  0x08, 0x78, 0x1c, 0xff, 0x00, 0x00, 0x00, 0x3f, 0x00, 0x00, 0x00, 0x04,
  0x00, 0xe4, 0x0f, 0x00, 0x12, 0x78, 0xff, 0x1d, 0x03, 0x00, 0x00, 0x00,
  0xff, 0xc0, 0x82, 0x07, 0x00, 0xe2, 0x0f, 0x00, 0x08, 0x78, 0x21, 0x1e,
  0x00, 0x00, 0x80, 0xbf, 0x00, 0x00, 0x80, 0x05, 0x00, 0xe2, 0x0f, 0x00,
  0x19, 0x22, 0x1f, 0x1f, 0x14, 0x00, 0x00, 0x00, 0xff, 0x06, 0x00, 0x00,
  0x00, 0xe2, 0x0f, 0x00, 0x21, 0x24, 0x14, 0x1c, 0x00, 0x00, 0x80, 0x3f,
  0x00, 0x00, 0x00, 0x00, 0x00, 0xe2, 0x0f, 0x00, 0x12, 0x78, 0x1d, 0x1d,
  0x03, 0x00, 0x00, 0x00, 0xff, 0xc0, 0x8e, 0x07, 0x00, 0xc4, 0x0f, 0x00,
  0x45, 0x22, 0x1f, 0x00, 0x1f, 0x00, 0x00, 0x00, 0x00, 0x10, 0x20, 0x00,
  0x00, 0xe2, 0x0f, 0x00, 0x20, 0x22, 0x14, 0x21, 0x14, 0x00, 0x00, 0x00,
  0x00, 0x00, 0x40, 0x00, 0x00, 0xe2, 0x0f, 0x00, 0x04, 0x78, 0x00, 0x15,
  0x09, 0x00, 0x00, 0x00, 0x00, 0x00, 0x00, 0x00, 0x00, 0xc6, 0x0f, 0x00,
  0x20, 0x22, 0x14, 0x14, 0x1f, 0x00, 0x00, 0x00, 0x00, 0x00, 0x40, 0x00,
  0x00, 0xe2, 0x0f, 0x00, 0x20, 0xa2, 0x14, 0x21, 0x1c, 0x00, 0x00, 0x00,
  0x00, 0x00, 0x40, 0x00, 0x00, 0xe2, 0x0f, 0x00, 0x35, 0x18, 0x1c, 0x1d,
  0xff, 0xff, 0xff, 0xff, 0x00, 0x00, 0x8e, 0x07, 0x00, 0xe2, 0x0f, 0x00,
  0x02, 0x18, 0x1d, 0x00, 0x01, 0x00, 0x00, 0x00, 0x00, 0x0f, 0x00, 0x00,
  0x00, 0xe2, 0x0f, 0x00, 0x08, 0x78, 0x15, 0xff, 0x00, 0x00, 0x00, 0x3f,
  0x00, 0x00, 0x00, 0x04, 0x00, 0xe2, 0x0f, 0x00, 0x08, 0x78, 0x1e, 0x1e,
  0x00, 0x00, 0x80, 0xbf, 0x00, 0x00, 0x80, 0x05, 0x00, 0xe2, 0x0f, 0x00,
  0x20, 0x72, 0x12, 0x12, 0x19, 0x00, 0x00, 0x00, 0x00, 0x00, 0x40, 0x00,
  0x00, 0xe4, 0x0f, 0x08, 0x19, 0x12, 0x1c, 0x1d, 0x1c, 0x00, 0x00, 0x00,
  0xff, 0x06, 0x00, 0x00, 0x00, 0xe2, 0x0f, 0x00, 0x21, 0x14, 0x1d, 0x15,
  0x00, 0x00, 0x80, 0x3f, 0x00, 0x00, 0x00, 0x00, 0x00, 0xe2, 0x0f, 0x00,
  0x20, 0x72, 0x1a, 0x1a, 0x19, 0x00, 0x00, 0x00, 0x00, 0x00, 0x40, 0x00,
  0x00, 0xc4, 0x0f, 0x00, 0x45, 0x12, 0x1f, 0x00, 0x1c, 0x00, 0x00, 0x00,
  0x00, 0x10, 0x20, 0x00, 0x00, 0xe2, 0x0f, 0x00, 0x20, 0x12, 0x1c, 0x1e,
  0x1d, 0x00, 0x00, 0x00, 0x00, 0x00, 0x40, 0x00, 0x00, 0xe2, 0x0f, 0x00,
  0x20, 0x72, 0x1d, 0x1b, 0x12, 0x00, 0x00, 0x00, 0x00, 0x00, 0x40, 0x00,
  0x00, 0xe2, 0x0f, 0x04, 0x20, 0x72, 0x1a, 0x1b, 0x1a, 0x00, 0x00, 0x00,
  0x00, 0x00, 0x40, 0x00, 0x00, 0xe2, 0x0f, 0x00, 0x20, 0x72, 0x14, 0x14,
  0x19, 0x00, 0x00, 0x00, 0x00, 0x00, 0x40, 0x00, 0x00, 0xe2, 0x0f, 0x00,
  0x20, 0x12, 0x1c, 0x1c, 0x1f, 0x00, 0x00, 0x00, 0x00, 0x00, 0x40, 0x00,
  0x00, 0xe2, 0x0f, 0x00, 0x23, 0x72, 0x13, 0x1d, 0x13, 0x00, 0x00, 0x00,
  0x22, 0x00, 0x00, 0x00, 0x00, 0xe2, 0x0f, 0x00, 0x20, 0x92, 0x1c, 0x1e,
  0x15, 0x00, 0x00, 0x00, 0x00, 0x00, 0x40, 0x00, 0x00, 0xc6, 0x0f, 0x00,
  0x23, 0x72, 0x1a, 0x1a, 0x03, 0x00, 0x00, 0x00, 0x13, 0x00, 0x00, 0x00,
  0x00, 0xe2, 0x0f, 0x00, 0x20, 0x72, 0x03, 0x1b, 0x14, 0x00, 0x00, 0x00,
  0x00, 0x00, 0x40, 0x00, 0x00, 0xe2, 0x0f, 0x00, 0x20, 0x72, 0x1c, 0x1c,
  0x19, 0x00, 0x00, 0x00, 0x00, 0x00, 0x40, 0x00, 0x00, 0xc6, 0x0f, 0x00,
  0x23, 0x72, 0x02, 0x03, 0x02, 0x00, 0x00, 0x00, 0x1a, 0x00, 0x00, 0x00,
  0x00, 0xe2, 0x0f, 0x00, 0x20, 0x72, 0x1b, 0x1b, 0x1c, 0x00, 0x00, 0x00,
  0x00, 0x00, 0x40, 0x00, 0x00, 0xc8, 0x0f, 0x00, 0x23, 0x72, 0x21, 0x1b,
  0x00, 0x00, 0x00, 0x00, 0x02, 0x00, 0x00, 0x00, 0x00, 0xe2, 0x0f, 0x00,
  0x47, 0x75, 0xb0, 0x00, 0xf1, 0xff, 0xff, 0xff, 0xff, 0xff, 0x83, 0x0b,
  0x00, 0xec, 0x0f, 0x00, 0x89, 0x7f, 0x00, 0x21, 0x00, 0x1f, 0x00, 0x0e,
  0x00, 0x00, 0x0e, 0x00, 0x00, 0x22, 0x0e, 0x00, 0x0c, 0x72, 0x00, 0x17,
  0xff, 0x00, 0x00, 0x00, 0x70, 0x50, 0xf0, 0x03, 0x00, 0xe2, 0x8f, 0x00,
  0x21, 0x72, 0x00, 0x00, 0x21, 0x00, 0x00, 0x00, 0x00, 0x00, 0x00, 0x00,
  0x00, 0xca, 0x1f, 0x00, 0x89, 0x7f, 0x03, 0x00, 0x00, 0x1f, 0x00, 0x0d,
  0x00, 0x00, 0x0e, 0x00, 0x00, 0x24, 0x0e, 0x00, 0x21, 0x72, 0x03, 0x00,
  0x03, 0x00, 0x00, 0x00, 0x00, 0x00, 0x00, 0x00, 0x00, 0xca, 0x1f, 0x00,
  0x89, 0x7f, 0x02, 0x03, 0x00, 0x1f, 0x80, 0x0c, 0x00, 0x00, 0x0e, 0x00,
  0x00, 0x24, 0x0e, 0x00, 0x21, 0x72, 0x02, 0x03, 0x02, 0x00, 0x00, 0x00,
  0x00, 0x00, 0x00, 0x00, 0x00, 0xca, 0x1f, 0x00, 0x89, 0x7f, 0x05, 0x02,
  0x00, 0x1f, 0x40, 0x0c, 0x00, 0x00, 0x0e, 0x00, 0x00, 0x24, 0x0e, 0x00,
  0x21, 0x72, 0x05, 0x02, 0x05, 0x00, 0x00, 0x00, 0x00, 0x00, 0x00, 0x00,
  0x00, 0xca, 0x1f, 0x00, 0x89, 0x7f, 0x04, 0x05, 0x00, 0x1f, 0x20, 0x0c,
  0x00, 0x00, 0x0e, 0x00, 0x00, 0xe2, 0x00, 0x00, 0x4d, 0x09, 0x00, 0x00,
  0x00, 0x00, 0x00, 0x00, 0x00, 0x00, 0x80, 0x03, 0x00, 0xea, 0x4f, 0x00,
  0x82, 0x7b, 0x02, 0xff, 0x00, 0xe4, 0x00, 0x00, 0x00, 0x0a, 0x00, 0x00,
  0x00, 0x62, 0x0e, 0x00, 0x21, 0x72, 0x05, 0x05, 0x04, 0x00, 0x00, 0x00,
  0x00, 0x00, 0x00, 0x00, 0x00, 0xe2, 0x9f, 0x00, 0x25, 0x78, 0x16, 0x16,
  0x04, 0x00, 0x00, 0x00, 0x02, 0x00, 0x8e, 0x07, 0x00, 0xca, 0x2f, 0x00,
  0x86, 0x79, 0x00, 0x16, 0x05, 0x00, 0x00, 0x00, 0x06, 0x19, 0x10, 0x0c,
  0x00, 0xe2, 0x0f, 0x00, 0x4d, 0x79, 0x00, 0x00, 0x00, 0x00, 0x00, 0x00,
  0x00, 0x00, 0x80, 0x03, 0x00, 0xea, 0x0f, 0x00, 0x19, 0x78, 0x12, 0xff,
  0x17, 0x00, 0x00, 0x00, 0x15, 0x16, 0x01, 0x00, 0x00, 0xe2, 0x0f, 0x00,
  0x45, 0x79, 0x02, 0x00, 0x60, 0x06, 0x00, 0x00, 0x00, 0x02, 0x80, 0x03,
  0x00, 0xe2, 0x0f, 0x00, 0x19, 0x78, 0x03, 0xff, 0x17, 0x00, 0x00, 0x00,
  0x00, 0x16, 0x01, 0x00, 0x00, 0xe4, 0x0f, 0x00, 0x12, 0x78, 0x12, 0x12,
  0xff, 0x00, 0x00, 0x00, 0xff, 0xc0, 0x8e, 0x07, 0x00, 0xe4, 0x0f, 0x00,
  0x12, 0x78, 0x1a, 0x03, 0xff, 0x00, 0x00, 0x00, 0xff, 0xc0, 0x8e, 0x07,
  0x00, 0xe2, 0x0f, 0x00, 0x02, 0x72, 0x14, 0x00, 0x00, 0x00, 0x00, 0x00,
  0x00, 0x0f, 0x00, 0x00, 0x00, 0xe4, 0x0f, 0x00, 0x35, 0x78, 0x1b, 0x12,
  0xff, 0xff, 0xff, 0xff, 0x00, 0x00, 0x8e, 0x07, 0x00, 0xe4, 0x0f, 0x00,
  0x35, 0x78, 0x19, 0x1a, 0xff, 0xff, 0xff, 0xff, 0x00, 0x00, 0x8e, 0x07,
  0x00, 0xc6, 0x0f, 0x00, 0x0c, 0x78, 0x00, 0x1b, 0xfd, 0x00, 0x00, 0x00,
  0x70, 0x40, 0xf0, 0x03, 0x00, 0xca, 0x0f, 0x00, 0x0c, 0x78, 0x00, 0x19,
  0xfd, 0x00, 0x00, 0x00, 0x70, 0x44, 0x70, 0x00, 0x00, 0xda, 0x0f, 0x00,
  0x02, 0x82, 0x13, 0x00, 0xff, 0x00, 0x00, 0x00, 0x00, 0x0f, 0x00, 0x00,
  0x00, 0xe2, 0x0f, 0x00, 0x47, 0x89, 0x60, 0x00, 0x00, 0x00, 0x00, 0x00,
  0x00, 0x00, 0x80, 0x03, 0x00, 0xec, 0x0f, 0x00, 0x0b, 0x78, 0x00, 0x00,
  0x00, 0x00, 0x80, 0x7f, 0x00, 0xc2, 0xf1, 0x03, 0x00, 0xe2, 0x0f, 0x00,
  0x0b, 0x78, 0x00, 0x15, 0x00, 0x00, 0x80, 0x7f, 0x00, 0xc2, 0xf3, 0x03,
  0x00, 0xe2, 0x0f, 0x00, 0x02, 0x72, 0x03, 0x00, 0x15, 0x00, 0x00, 0x00,
  0x00, 0x0f, 0x00, 0x00, 0x00, 0xc8, 0x0f, 0x00, 0x1c, 0x78, 0x8f, 0x00,
  0x00, 0x00, 0x00, 0x00, 0x70, 0x3f, 0x70, 0x00, 0x00, 0xda, 0x0f, 0x00,
  0x47, 0x09, 0x50, 0x00, 0x04, 0x00, 0x00, 0x00, 0x00, 0x00, 0x80, 0x03,
  0x00, 0xea, 0x0f, 0x00, 0x12, 0x78, 0xff, 0x15, 0xff, 0xff, 0xff, 0x7f,
  0x14, 0xc8, 0x80, 0x07, 0x00, 0xda, 0x0f, 0x00, 0x47, 0x89, 0x40, 0x00,
  0x04, 0x00, 0x00, 0x00, 0x00, 0x00, 0x80, 0x03, 0x00, 0xea, 0x0f, 0x00,
  0x0b, 0x78, 0x00, 0x00, 0x00, 0x00, 0x80, 0x7f, 0x00, 0xd2, 0xf3, 0x03,
  0x00, 0xe2, 0x0f, 0x04, 0x0b, 0x78, 0x00, 0x03, 0x00, 0x00, 0x80, 0x7f,
  0x00, 0xd2, 0xf5, 0x03, 0x00, 0xe2, 0x0f, 0x00, 0x0b, 0x78, 0x00, 0x00,
  0x00, 0x00, 0x80, 0x7f, 0x00, 0xd2, 0xf1, 0x03, 0x00, 0xd8, 0x0f, 0x00,
  0x47, 0xa9, 0x30, 0x00, 0x04, 0x00, 0x00, 0x00, 0x00, 0x00, 0x80, 0x04,
  0x00, 0xea, 0x0f, 0x00, 0x12, 0x78, 0xff, 0x14, 0xff, 0xff, 0xff, 0x7f,
  0xff, 0xc0, 0x82, 0x07, 0x00, 0xc8, 0x0f, 0x00, 0x1c, 0x78, 0xf2, 0x00,
  0x00, 0x00, 0x00, 0x00, 0x77, 0x25, 0x72, 0x01, 0x00, 0xda, 0x0f, 0x00,
  0x47, 0x19, 0x1c, 0x00, 0x04, 0x00, 0x00, 0x00, 0x00, 0x00, 0x80, 0x03,
  0x00, 0xea, 0x0f, 0x00, 0x12, 0x78, 0xff, 0x15, 0xff, 0xff, 0xff, 0x7f,
  0xff, 0xc0, 0x82, 0x07, 0x00, 0xc8, 0x0f, 0x00, 0x1c, 0x78, 0xf2, 0x00,
  0x00, 0x00, 0x00, 0x00, 0x77, 0x25, 0x70, 0x00, 0x00, 0xda, 0x0f, 0x00,
  0x47, 0x09, 0x04, 0x00, 0x04, 0x00, 0x00, 0x00, 0x00, 0x00, 0x80, 0x03,
  0x00, 0xea, 0x0f, 0x00, 0x0c, 0x72, 0x00, 0x19, 0xff, 0x00, 0x00, 0x00,
  0x70, 0x62, 0xf0, 0x03, 0x00, 0xe2, 0x0f, 0x00, 0x0c, 0x72, 0x00, 0x1b,
  0xff, 0x00, 0x00, 0x00, 0x70, 0x62, 0xf2, 0x03, 0x00, 0xd8, 0x0f, 0x00,
  0x02, 0x02, 0x13, 0x00, 0xff, 0x00, 0x00, 0x00, 0x00, 0x0f, 0x00, 0x00,
  0x00, 0xe2, 0x0f, 0x00, 0x02, 0x88, 0x13, 0x00, 0xc0, 0xff, 0xff, 0xff,
  0x00, 0x0f, 0x00, 0x00, 0x00, 0xe2, 0x0f, 0x00, 0x23, 0x88, 0x14, 0x00,
  0x00, 0x00, 0x80, 0x5f, 0xff, 0x00, 0x00, 0x00, 0x00, 0xe2, 0x0f, 0x00,
  0x23, 0x98, 0x15, 0x03, 0x00, 0x00, 0x80, 0x5f, 0xff, 0x00, 0x00, 0x00,
  0x00, 0xc6, 0x0f, 0x00, 0x35, 0x98, 0x13, 0x13, 0x40, 0x00, 0x00, 0x00,
  0x00, 0x00, 0x8e, 0x07, 0x00, 0xce, 0x0f, 0x00, 0x11, 0x78, 0x00, 0x12,
  0x00, 0x00, 0x80, 0xc0, 0xff, 0xb8, 0x8e, 0x07, 0x00, 0xe2, 0x0f, 0x00,
  0x45, 0x79, 0x03, 0x00, 0x70, 0x03, 0x00, 0x00, 0x00, 0x02, 0x80, 0x03,
  0x00, 0xe8, 0x0f, 0x00, 0x35, 0x72, 0x19, 0x00, 0x15, 0x00, 0x00, 0x00,
  0x00, 0x01, 0x8e, 0x07, 0x00, 0xe2, 0x0f, 0x00, 0x35, 0x78, 0x15, 0x1a,
  0x81, 0xff, 0xff, 0xff, 0x00, 0x00, 0x8e, 0x07, 0x00, 0xc6, 0x0f, 0x00,
  0x08, 0x73, 0x03, 0x00, 0x19, 0x00, 0x00, 0x00, 0x00, 0x10, 0x00, 0x00,
  0x00, 0x22, 0x0e, 0x00, 0x21, 0x72, 0x1b, 0x19, 0xff, 0x00, 0x00, 0x80,
  0x00, 0x01, 0x01, 0x00, 0x00, 0xe2, 0x0f, 0x00, 0x24, 0x78, 0x00, 0x15,
  0x00, 0x00, 0x80, 0xff, 0x14, 0x02, 0x8e, 0x07, 0x00, 0xc6, 0x0f, 0x00,
  0x23, 0x74, 0x1a, 0x03, 0x00, 0x00, 0x80, 0x3f, 0x1b, 0x00, 0x00, 0x00,
  0x00, 0xc8, 0x1f, 0x00, 0x23, 0x72, 0x03, 0x03, 0x1a, 0x00, 0x00, 0x00,
  0x03, 0x00, 0x00, 0x00, 0x00, 0xc8, 0x0f, 0x00, 0x23, 0x72, 0x14, 0x00,
  0x03, 0x00, 0x00, 0x00, 0xff, 0x00, 0x00, 0x00, 0x00, 0xc8, 0x0f, 0x00,
  0x23, 0x72, 0x1a, 0x1b, 0x14, 0x00, 0x00, 0x00, 0x00, 0x00, 0x00, 0x00,
  0x00, 0xc8, 0x0f, 0x00, 0x23, 0x72, 0x14, 0x03, 0x1a, 0x00, 0x00, 0x00,
  0x14, 0x00, 0x00, 0x00, 0x00, 0xe2, 0x0f, 0x00, 0x10, 0x78, 0x1a, 0x15,
  0x7f, 0x00, 0x00, 0x00, 0x12, 0xe8, 0xff, 0x07, 0x00, 0xc6, 0x0f, 0x00,
  0x23, 0x72, 0x1b, 0x1b, 0x14, 0x00, 0x00, 0x00, 0x00, 0x00, 0x00, 0x00,
  0x00, 0xe4, 0x0f, 0x00, 0x35, 0x72, 0x13, 0x1a, 0x13, 0x00, 0x00, 0x00,
  0x00, 0x00, 0x8e, 0x07, 0x00, 0xe4, 0x0f, 0x00, 0x23, 0x72, 0x00, 0x03,
  0x1b, 0x00, 0x00, 0x00, 0x14, 0x00, 0x00, 0x00, 0x00, 0xca, 0x0f, 0x00,
  0x19, 0x78, 0x12, 0xff, 0x17, 0x00, 0x00, 0x00, 0x00, 0x16, 0x01, 0x00,
  0x00, 0xc8, 0x0f, 0x00, 0x12, 0x78, 0x12, 0x12, 0xff, 0x00, 0x00, 0x00,
  0xff, 0xc0, 0x8e, 0x07, 0x00, 0xca, 0x0f, 0x00, 0x35, 0x72, 0x15, 0x12,
  0x13, 0x00, 0x00, 0x00, 0x00, 0x00, 0x8e, 0x07, 0x00, 0xca, 0x0f, 0x00,
  0x35, 0x78, 0x12, 0x15, 0xff, 0xff, 0xff, 0xff, 0x00, 0x00, 0x8e, 0x07,
  0x00, 0xca, 0x0f, 0x00, 0x0c, 0x78, 0x00, 0x12, 0xfe, 0x00, 0x00, 0x00,
  0x70, 0x60, 0xf0, 0x03, 0x00, 0xda, 0x0f, 0x00, 0x47, 0x89, 0x80, 0x00,
  0x00, 0x00, 0x00, 0x00, 0x00, 0x00, 0x80, 0x03, 0x00, 0xea, 0x0f, 0x00,
  0x0c, 0x78, 0x00, 0x15, 0xfe, 0x00, 0x00, 0x00, 0x70, 0x42, 0xf0, 0x03,
  0x00, 0xda, 0x0f, 0x00, 0x47, 0x09, 0x6c, 0x00, 0x00, 0x00, 0x00, 0x00,
  0x00, 0x00, 0x80, 0x03, 0x00, 0xea, 0x0f, 0x00, 0x0c, 0x78, 0x00, 0x15,
  0x01, 0x00, 0x00, 0x00, 0x70, 0x62, 0xf0, 0x03, 0x00, 0xda, 0x0f, 0x00,
  0x47, 0x09, 0x74, 0x00, 0x00, 0x00, 0x00, 0x00, 0x00, 0x00, 0x80, 0x03,
  0x00, 0xea, 0x0f, 0x00, 0x0c, 0x78, 0x00, 0x15, 0xe8, 0xff, 0xff, 0xff,
  0x70, 0x62, 0xf0, 0x03, 0x00, 0xe2, 0x0f, 0x00, 0x12, 0x78, 0x00, 0x00,
  0x00, 0x00, 0x00, 0x80, 0xff, 0xc0, 0x8e, 0x07, 0x00, 0xd8, 0x0f, 0x00,
  0x47, 0x89, 0x68, 0x00, 0x00, 0x00, 0x00, 0x00, 0x00, 0x00, 0x80, 0x03,
  0x00, 0xea, 0x0f, 0x00, 0x23, 0x72, 0x12, 0x03, 0x1b, 0x00, 0x00, 0x00,
  0x14, 0xc0, 0x00, 0x00, 0x00, 0xe2, 0x0f, 0x00, 0x35, 0x78, 0x1a, 0x15,
  0x20, 0x00, 0x00, 0x00, 0x00, 0x00, 0x8e, 0x07, 0x00, 0xe2, 0x0f, 0x04,
  0x0c, 0x72, 0x00, 0x15, 0xff, 0x00, 0x00, 0x00, 0x70, 0x52, 0xf2, 0x03,
  0x00, 0xe2, 0x0f, 0x04, 0x0c, 0x72, 0x00, 0x15, 0xff, 0x00, 0x00, 0x00,
  0x70, 0x52, 0xf4, 0x03, 0x00, 0xe4, 0x0f, 0x00, 0x12, 0x78, 0x12, 0x12,
  0xff, 0xff, 0x7f, 0x00, 0xff, 0xc0, 0x8e, 0x07, 0x00, 0xc8, 0x0f, 0x00,
  0x12, 0x78, 0x13, 0x12, 0x00, 0x00, 0x80, 0x00, 0xff, 0xfc, 0x8e, 0x07,
  0x00, 0xe2, 0x0f, 0x00, 0x23, 0x72, 0x12, 0x03, 0x1b, 0x00, 0x00, 0x00,
  0x14, 0x80, 0x00, 0x00, 0x00, 0xe2, 0x0f, 0x1c, 0x23, 0x72, 0x03, 0x03,
  0x1b, 0x00, 0x00, 0x00, 0x14, 0x40, 0x00, 0x00, 0x00, 0xe2, 0x0f, 0x00,
  0x35, 0x72, 0x14, 0x15, 0xff, 0x00, 0x00, 0x00, 0x00, 0x01, 0x8e, 0x07,
  0x00, 0xe2, 0x0f, 0x00, 0x19, 0x72, 0x1a, 0x13, 0x1a, 0x00, 0x00, 0x00,
  0xff, 0x06, 0x00, 0x00, 0x00, 0xc6, 0x0f, 0x00, 0x0b, 0x72, 0x00, 0x12,
  0x03, 0x00, 0x00, 0x00, 0x00, 0xd0, 0xf1, 0x03, 0x00, 0xe2, 0x0f, 0x00,
  0x07, 0x72, 0x12, 0x14, 0xff, 0x00, 0x00, 0x00, 0x00, 0x00, 0x00, 0x01,
  0x00, 0xe2, 0x0f, 0x00, 0x0c, 0x72, 0x00, 0x1a, 0xff, 0x00, 0x00, 0x00,
  0x70, 0x52, 0xf2, 0x00, 0x00, 0xc8, 0x0f, 0x00, 0x19, 0x72, 0x12, 0xff,
  0x12, 0x00, 0x00, 0x00, 0x13, 0x16, 0x01, 0x00, 0x00, 0xe4, 0x0f, 0x00,
  0x1c, 0x78, 0x8f, 0x00, 0x00, 0x00, 0x00, 0x00, 0x70, 0x3f, 0x70, 0x00,
  0x00, 0xe4, 0x0f, 0x00, 0x19, 0x78, 0x14, 0xff, 0x01, 0x00, 0x00, 0x00,
  0x12, 0x16, 0x01, 0x00, 0x00, 0xc6, 0x0f, 0x00, 0x07, 0x78, 0x03, 0xff,
  0x01, 0x00, 0x00, 0x00, 0x00, 0x00, 0x00, 0x04, 0x00, 0xca, 0x0f, 0x00,
  0x12, 0x78, 0x03, 0x03, 0x01, 0x00, 0x00, 0x00, 0x14, 0xf8, 0x8e, 0x07,
  0x00, 0xc8, 0x0f, 0x00, 0x12, 0x72, 0x03, 0x03, 0x12, 0x00, 0x00, 0x00,
  0xff, 0xc0, 0x8e, 0x07, 0x00, 0xca, 0x0f, 0x00, 0x35, 0x72, 0x03, 0x14,
  0x03, 0x00, 0x00, 0x00, 0x00, 0x00, 0x8e, 0x07, 0x00, 0xca, 0x0f, 0x00,
  0x12, 0x72, 0x00, 0x03, 0x00, 0x00, 0x00, 0x00, 0xff, 0xfc, 0x8e, 0x07,
  0x00, 0xe2, 0x0f, 0x00, 0x47, 0x79, 0x10, 0x00, 0x00, 0x00, 0x00, 0x00,
  0x00, 0x00, 0x80, 0x03, 0x00, 0xec, 0x0f, 0x00, 0x12, 0x78, 0x00, 0x00,
  0x00, 0x00, 0x00, 0x80, 0xff, 0xc0, 0x8e, 0x07, 0x00, 0xc8, 0x0f, 0x00,
  0x12, 0x78, 0x00, 0x00, 0x00, 0x00, 0x80, 0x7f, 0xff, 0xfc, 0x8e, 0x07,
  0x00, 0xe2, 0x0f, 0x00, 0x47, 0x79, 0x04, 0x00, 0x00, 0x00, 0x00, 0x00,
  0x00, 0x00, 0x80, 0x03, 0x00, 0xec, 0x0f, 0x00, 0x24, 0x78, 0x00, 0x13,
  0x00, 0x00, 0x80, 0x00, 0x00, 0x02, 0x8e, 0x07, 0x00, 0xce, 0x0f, 0x00,
  0x18, 0x79, 0x00, 0x00, 0x00, 0x00, 0x00, 0x00, 0x00, 0x00, 0x00, 0x00,
  0x00, 0xe2, 0x0f, 0x00, 0x41, 0x79, 0x03, 0x00, 0x00, 0x00, 0x00, 0x00,
  0x00, 0x02, 0x80, 0x03, 0x00, 0xea, 0x0f, 0x00, 0x47, 0x79, 0x20, 0x00,
  0x00, 0x00, 0x00, 0x00, 0x00, 0x00, 0x80, 0x03, 0x00, 0xea, 0x0f, 0x00,
  0x12, 0x78, 0x00, 0x15, 0x00, 0x00, 0x00, 0x80, 0x14, 0x48, 0x8e, 0x07,
  0x00, 0xc8, 0x0f, 0x00, 0x12, 0x78, 0x00, 0x00, 0x00, 0x00, 0x80, 0x7f,
  0xff, 0xfc, 0x8e, 0x07, 0x00, 0xe2, 0x0f, 0x00, 0x47, 0x79, 0x14, 0x00,
  0x00, 0x00, 0x00, 0x00, 0x00, 0x00, 0x80, 0x03, 0x00, 0xec, 0x0f, 0x00,
  0x12, 0x78, 0x00, 0x15, 0x00, 0x00, 0x00, 0x80, 0x14, 0x48, 0x8e, 0x07,
  0x00, 0xe2, 0x0f, 0x00, 0x47, 0x79, 0x0c, 0x00, 0x00, 0x00, 0x00, 0x00,
  0x00, 0x00, 0x80, 0x03, 0x00, 0xec, 0x0f, 0x00, 0x08, 0x79, 0x00, 0x00,
  0x00, 0x00, 0xc0, 0xff, 0x00, 0x14, 0x00, 0x00, 0x00, 0x22, 0x0e, 0x00,
  0x47, 0x79, 0x04, 0x00, 0x00, 0x00, 0x00, 0x00, 0x00, 0x00, 0x80, 0x03,
  0x00, 0xea, 0x0f, 0x00, 0x21, 0x72, 0x00, 0x00, 0x03, 0x00, 0x00, 0x00,
  0x00, 0x00, 0x01, 0x00, 0x00, 0xce, 0x0f, 0x00, 0x18, 0x79, 0x00, 0x00,
  0x00, 0x00, 0x00, 0x00, 0x00, 0x00, 0x00, 0x00, 0x00, 0xe2, 0x0f, 0x00,
  0x41, 0x79, 0x02, 0x00, 0x00, 0x00, 0x00, 0x00, 0x00, 0x02, 0x80, 0x03,
  0x00, 0xea, 0x0f, 0x00, 0x31, 0x74, 0x03, 0xff, 0x00, 0x00, 0x00, 0x00,
  0xff, 0x01, 0x00, 0x00, 0x00, 0xc8, 0x0f, 0x00, 0x50, 0x79, 0x28, 0x02,
  0xe8, 0xff, 0xff, 0xff, 0xff, 0xff, 0xc3, 0x03, 0x00, 0xea, 0x1f, 0x00,
  0x47, 0x79, 0xfc, 0x00, 0xfc, 0xff, 0xff, 0xff, 0xff, 0xff, 0x83, 0x03,
  0x00, 0xc0, 0x0f, 0x00, 0x18, 0x79, 0x00, 0x00, 0x00, 0x00, 0x00, 0x00,
  0x00, 0x00, 0x00, 0x00, 0x00, 0xc0, 0x0f, 0x00, 0x18, 0x79, 0x00, 0x00,
  0x00, 0x00, 0x00, 0x00, 0x00, 0x00, 0x00, 0x00, 0x00, 0xc0, 0x0f, 0x00,
  0x18, 0x79, 0x00, 0x00, 0x00, 0x00, 0x00, 0x00, 0x00, 0x00, 0x00, 0x00,
  0x00, 0xc0, 0x0f, 0x00, 0x18, 0x79, 0x00, 0x00, 0x00, 0x00, 0x00, 0x00,
  0x00, 0x00, 0x00, 0x00, 0x00, 0xc0, 0x0f, 0x00, 0x18, 0x79, 0x00, 0x00,
  0x00, 0x00, 0x00, 0x00, 0x00, 0x00, 0x00, 0x00, 0x00, 0xc0, 0x0f, 0x00,
  0x18, 0x79, 0x00, 0x00, 0x00, 0x00, 0x00, 0x00, 0x00, 0x00, 0x00, 0x00,
  0x00, 0xc0, 0x0f, 0x00, 0x18, 0x79, 0x00, 0x00, 0x00, 0x00, 0x00, 0x00,
  0x00, 0x00, 0x00, 0x00, 0x00, 0xc0, 0x0f, 0x00, 0x18, 0x79, 0x00, 0x00,
  0x00, 0x00, 0x00, 0x00, 0x00, 0x00, 0x00, 0x00, 0x00, 0xc0, 0x0f, 0x00,
  0x18, 0x79, 0x00, 0x00, 0x00, 0x00, 0x00, 0x00, 0x00, 0x00, 0x00, 0x00,
  0x00, 0xc0, 0x0f, 0x00, 0x00, 0x00, 0x00, 0x00, 0x00, 0x00, 0x00, 0x00,
  0x00, 0x00, 0x00, 0x00, 0x00, 0x00, 0x00, 0x00, 0x00, 0x00, 0x00, 0x00,
  0x00, 0x00, 0x00, 0x00, 0x00, 0x00, 0x00, 0x00, 0x00, 0x00, 0x00, 0x00,
  0x00, 0x00, 0x00, 0x00, 0x00, 0x00, 0x00, 0x00, 0x00, 0x00, 0x00, 0x00,
  0x00, 0x00, 0x00, 0x00, 0x00, 0x00, 0x00, 0x00, 0x00, 0x00, 0x00, 0x00,
  0x00, 0x00, 0x00, 0x00, 0x00, 0x00, 0x00, 0x00, 0x00, 0x00, 0x00, 0x00,
  0x00, 0x00, 0x00, 0x00, 0x00, 0x00, 0x00, 0x00, 0x00, 0x00, 0x00, 0x00,
  0x00, 0x00, 0x00, 0x00, 0x00, 0x00, 0x00, 0x00, 0x00, 0x00, 0x00, 0x00,
  0x00, 0x00, 0x00, 0x00, 0x00, 0x00, 0x00, 0x00, 0x00, 0x00, 0x00, 0x00,
  0x00, 0x00, 0x00, 0x00, 0x00, 0x00, 0x00, 0x00, 0x00, 0x00, 0x00, 0x00,
  0x00, 0x00, 0x00, 0x00, 0x00, 0x00, 0x00, 0x00, 0x00, 0x00, 0x00, 0x00,
  0x00, 0x00, 0x00, 0x00, 0x00, 0x00, 0x00, 0x00, 0x00, 0x00, 0x00, 0x00,
  0x00, 0x00, 0x00, 0x00, 0x00, 0x00, 0x00, 0x00, 0x00, 0x00, 0x00, 0x00,
  0x00, 0x00, 0x00, 0x00, 0x00, 0x00, 0x00, 0x00, 0x00, 0x00, 0x00, 0x00,
  0x00, 0x00, 0x00, 0x00, 0x00, 0x00, 0x00, 0x00, 0x00, 0x00, 0x00, 0x00,
  0x00, 0x00, 0x00, 0x00, 0x00, 0x00, 0x00, 0x00, 0x00, 0x00, 0x00, 0x00,
  0x00, 0x00, 0x00, 0x00, 0x00, 0x00, 0x00, 0x00, 0x00, 0x00, 0x00, 0x00,
  0x00, 0x00, 0x00, 0x00, 0x00, 0x00, 0x00, 0x00, 0x00, 0x00, 0x00, 0x00,
  0x00, 0x00, 0x00, 0x00, 0x00, 0x00, 0x00, 0x00, 0x00, 0x00, 0x00, 0x00,
  0x00, 0x00, 0x00, 0x00, 0x00, 0x00, 0x00, 0x00, 0x00, 0x00, 0x00, 0x00,
  0x00, 0x00, 0x00, 0x00, 0x00, 0x00, 0x00, 0x00, 0x00, 0x00, 0x00, 0x00,
  0x00, 0x00, 0x00, 0x00, 0x00, 0x00, 0x00, 0x00, 0x00, 0x00, 0x00, 0x00,
  0x00, 0x00, 0x00, 0x00, 0x00, 0x00, 0x00, 0x00, 0x00, 0x00, 0x00, 0x00,
  0x00, 0x00, 0x00, 0x00, 0x00, 0x00, 0x00, 0x00, 0x00, 0x00, 0x00, 0x00,
  0x00, 0x00, 0x00, 0x00, 0x00, 0x00, 0x00, 0x00, 0x00, 0x00, 0x00, 0x00,
  0x00, 0x00, 0x00, 0x00, 0x00, 0x00, 0x00, 0x00, 0x00, 0x00, 0x00, 0x00,
  0x00, 0x00, 0x00, 0x00, 0x00, 0x00, 0x00, 0x00, 0x00, 0x00, 0x00, 0x00,
  0x00, 0x00, 0x00, 0x00, 0x00, 0x00, 0x00, 0x00, 0x00, 0x00, 0x00, 0x00,
  0x00, 0x00, 0x00, 0x00, 0x00, 0x00, 0x00, 0x00, 0x00, 0x00, 0x00, 0x00,
  0x00, 0x00, 0x00, 0x00, 0x00, 0x00, 0x00, 0x00, 0x00, 0x00, 0x00, 0x00,
  0x00, 0x00, 0x00, 0x00, 0x00, 0x00, 0x00, 0x00, 0x00, 0x00, 0x00, 0x00,
  0x00, 0x00, 0x00, 0x00, 0x00, 0x00, 0x00, 0x00, 0x00, 0x00, 0x00, 0x00,
  0x00, 0x00, 0x00, 0x00, 0x00, 0x00, 0x00, 0x00, 0x00, 0x00, 0x00, 0x00,
  0x00, 0x00, 0x00, 0x00, 0x00, 0x00, 0x00, 0x00, 0x00, 0x00, 0x00, 0x00,
  0x00, 0x00, 0x00, 0x00, 0x00, 0x00, 0x00, 0x00, 0x00, 0x00, 0x00, 0x00,
  0x00, 0x00, 0x00, 0x00, 0x00, 0x00, 0x00, 0x00, 0x00, 0x00, 0x00, 0x00,
  0x00, 0x00, 0x00, 0x00, 0x00, 0x00, 0x00, 0x00, 0x00, 0x00, 0x00, 0x00,
  0x00, 0x00, 0x00, 0x00, 0x00, 0x00, 0x00, 0x00, 0x00, 0x00, 0x00, 0x00,
  0x00, 0x00, 0x00, 0x00, 0x00, 0x00, 0x00, 0x00, 0x00, 0x00, 0x00, 0x00,
  0x00, 0x00, 0x00, 0x00, 0x00, 0x00, 0x00, 0x00, 0x00, 0x00, 0x00, 0x00,
  0x00, 0x00, 0x00, 0x00, 0x00, 0x00, 0x00, 0x00, 0x00, 0x00, 0x00, 0x00,
  0x00, 0x00, 0x00, 0x00, 0x00, 0x00, 0x00, 0x00, 0x00, 0x00, 0x00, 0x00,
  0x00, 0x00, 0x00, 0x00, 0x00, 0x00, 0x00, 0x00, 0x00, 0x00, 0x00, 0x00,
  0x00, 0x00, 0x00, 0x00, 0x00, 0x00, 0x00, 0x00, 0x00, 0x00, 0x00, 0x00,
  0x00, 0x00, 0x00, 0x00, 0x00, 0x00, 0x00, 0x00, 0x00, 0x00, 0x00, 0x00,
  0x00, 0x00, 0x00, 0x00, 0x00, 0x00, 0x00, 0x00, 0x00, 0x00, 0x00, 0x00,
  0x00, 0x00, 0x00, 0x00, 0x00, 0x00, 0x00, 0x00, 0x00, 0x00, 0x00, 0x00,
  0x00, 0x00, 0x00, 0x00, 0x00, 0x00, 0x00, 0x00, 0x00, 0x00, 0x00, 0x00,
  0x00, 0x00, 0x00, 0x00, 0x00, 0x00, 0x00, 0x00, 0x00, 0x00, 0x00, 0x00,
  0x00, 0x00, 0x00, 0x00, 0x00, 0x00, 0x00, 0x00, 0x00, 0x00, 0x00, 0x00,
  0x00, 0x00, 0x00, 0x00, 0x00, 0x00, 0x00, 0x00, 0x00, 0x00, 0x00, 0x00,
  0x00, 0x00, 0x00, 0x00, 0x00, 0x00, 0x00, 0x00, 0x00, 0x00, 0x00, 0x00,
  0x00, 0x00, 0x00, 0x00, 0x00, 0x00, 0x00, 0x00, 0x00, 0x00, 0x00, 0x00,
  0x00, 0x00, 0x00, 0x00, 0x00, 0x00, 0x00, 0x00, 0x00, 0x00, 0x00, 0x00,
  0x00, 0x00, 0x00, 0x00, 0x00, 0x00, 0x00, 0x00, 0x00, 0x00, 0x00, 0x00,
  0x00, 0x00, 0x00, 0x00, 0x00, 0x00, 0x00, 0x00, 0x00, 0x00, 0x00, 0x00,
  0x00, 0x00, 0x00, 0x00, 0x00, 0x00, 0x00, 0x00, 0x00, 0x00, 0x00, 0x00,
  0x00, 0x00, 0x00, 0x00, 0x00, 0x00, 0x00, 0x00, 0x00, 0x00, 0x00, 0x00,
  0x00, 0x00, 0x00, 0x00, 0x00, 0x00, 0x00, 0x00, 0x00, 0x00, 0x00, 0x00,
  0x00, 0x00, 0x00, 0x00, 0x00, 0x00, 0x00, 0x00, 0x00, 0x00, 0x00, 0x00,
  0x00, 0x00, 0x00, 0x00, 0x00, 0x00, 0x00, 0x00, 0x00, 0x00, 0x00, 0x00,
  0x00, 0x00, 0x00, 0x00, 0x00, 0x00, 0x00, 0x00, 0x00, 0x00, 0x00, 0x00,
  0x00, 0x00, 0x00, 0x00, 0x00, 0x00, 0x00, 0x00, 0x00, 0x00, 0x00, 0x00,
  0x00, 0x00, 0x00, 0x00, 0x00, 0x00, 0x00, 0x00, 0x00, 0x00, 0x00, 0x00,
  0x00, 0x00, 0x00, 0x00, 0x00, 0x00, 0x00, 0x00, 0x00, 0x00, 0x00, 0x00,
  0x00, 0x00, 0x00, 0x00, 0x00, 0x00, 0x00, 0x00, 0x00, 0x00, 0x00, 0x00,
  0x00, 0x00, 0x00, 0x00, 0x00, 0x00, 0x00, 0x00, 0x00, 0x00, 0x00, 0x00,
  0x00, 0x00, 0x00, 0x00, 0x00, 0x00, 0x00, 0x00, 0x00, 0x00, 0x00, 0x00,
  0x00, 0x00, 0x00, 0x00, 0x00, 0x00, 0x00, 0x00, 0x00, 0x00, 0x00, 0x00,
  0x00, 0x00, 0x00, 0x00, 0x00, 0x00, 0x00, 0x00, 0x00, 0x00, 0x00, 0x00,
  0x00, 0x00, 0x00, 0x00, 0x00, 0x00, 0x00, 0x00, 0x00, 0x00, 0x00, 0x00,
  0x00, 0x00, 0x00, 0x00, 0x00, 0x00, 0x00, 0x00, 0x00, 0x00, 0x00, 0x00,
  0x00, 0x00, 0x00, 0x00, 0x00, 0x00, 0x00, 0x00, 0x00, 0x00, 0x00, 0x00,
  0x00, 0x00, 0x00, 0x00, 0x00, 0x00, 0x00, 0x00, 0x00, 0x00, 0x00, 0x00,
  0x00, 0x00, 0x00, 0x00, 0x00, 0x00, 0x00, 0x00, 0x00, 0x00, 0x00, 0x00,
  0x00, 0x00, 0x00, 0x00, 0x00, 0x00, 0x00, 0x00, 0x00, 0x00, 0x00, 0x00,
  0x00, 0x00, 0x00, 0x00, 0x00, 0x00, 0x00, 0x00, 0x00, 0x00, 0x00, 0x00,
  0x00, 0x00, 0x00, 0x00, 0x00, 0x00, 0x00, 0x00, 0x00, 0x00, 0x00, 0x00,
  0x00, 0x00, 0x00, 0x00, 0x00, 0x00, 0x00, 0x00, 0x00, 0x00, 0x00, 0x00,
  0x00, 0x00, 0x00, 0x00, 0x00, 0x00, 0x00, 0x00, 0x00, 0x00, 0x00, 0x00,
  0x00, 0x00, 0x00, 0x00, 0x00, 0x00, 0x00, 0x00, 0x00, 0x00, 0x00, 0x00,
  0x00, 0x00, 0x00, 0x00, 0x00, 0x00, 0x00, 0x00, 0x00, 0x00, 0x00, 0x00,
  0x00, 0x00, 0x00, 0x00, 0x00, 0x00, 0x00, 0x00, 0x00, 0x00, 0x00, 0x00,
  0x00, 0x00, 0x00, 0x00, 0x00, 0x00, 0x00, 0x00, 0x00, 0x00, 0x00, 0x00,
  0x00, 0x00, 0x00, 0x00, 0x00, 0x00, 0x00, 0x00, 0x00, 0x00, 0x00, 0x00,
  0x00, 0x00, 0x00, 0x00, 0x00, 0x00, 0x00, 0x00, 0x00, 0x00, 0x00, 0x00,
  0x00, 0x00, 0x00, 0x00, 0x00, 0x00, 0x00, 0x00, 0x00, 0x00, 0x00, 0x00,
  0x00, 0x00, 0x00, 0x00, 0x00, 0x00, 0x00, 0x00, 0x00, 0x00, 0x00, 0x00,
  0x00, 0x00, 0x00, 0x00, 0x00, 0x00, 0x00, 0x00, 0x00, 0x00, 0x00, 0x00,
  0x00, 0x00, 0x00, 0x00, 0x00, 0x00, 0x00, 0x00, 0x00, 0x00, 0x00, 0x00,
  0x00, 0x00, 0x00, 0x00, 0x00, 0x00, 0x00, 0x00, 0x00, 0x00, 0x00, 0x00,
  0x00, 0x00, 0x00, 0x00, 0x00, 0x00, 0x00, 0x00, 0x00, 0x00, 0x00, 0x00,
  0x00, 0x00, 0x00, 0x00, 0x00, 0x00, 0x00, 0x00, 0x00, 0x00, 0x00, 0x00,
  0x00, 0x00, 0x00, 0x00, 0x00, 0x00, 0x00, 0x00, 0x00, 0x00, 0x00, 0x00,
  0x00, 0x00, 0x00, 0x00, 0x00, 0x00, 0x00, 0x00, 0x00, 0x00, 0x00, 0x00,
  0x00, 0x00, 0x00, 0x00, 0x00, 0x00, 0x00, 0x00, 0x00, 0x00, 0x00, 0x00,
  0x00, 0x00, 0x00, 0x00, 0x00, 0x00, 0x00, 0x00, 0x00, 0x00, 0x00, 0x00,
  0x00, 0x00, 0x00, 0x00, 0x00, 0x00, 0x00, 0x00, 0x00, 0x00, 0x00, 0x00,
  0x00, 0x00, 0x00, 0x00, 0x00, 0x00, 0x00, 0x00, 0x00, 0x00, 0x00, 0x00,
  0x00, 0x00, 0x00, 0x00, 0x00, 0x00, 0x00, 0x00, 0x00, 0x00, 0x00, 0x00,
  0x00, 0x00, 0x00, 0x00, 0x00, 0x00, 0x00, 0x00, 0x00, 0x00, 0x00, 0x00,
  0x00, 0x00, 0x00, 0x00, 0x00, 0x00, 0x00, 0x00, 0x00, 0x00, 0x00, 0x00,
  0x00, 0x00, 0x00, 0x00, 0x00, 0x00, 0x00, 0x00, 0x00, 0x00, 0x00, 0x00,
  0x00, 0x00, 0x00, 0x00, 0x00, 0x00, 0x00, 0x00, 0x00, 0x00, 0x00, 0x00,
  0x00, 0x00, 0x00, 0x00, 0x00, 0x00, 0x00, 0x00, 0x00, 0x00, 0x00, 0x00,
  0x00, 0x00, 0x00, 0x00, 0x00, 0x00, 0x00, 0x00, 0x00, 0x00, 0x00, 0x00,
  0x00, 0x00, 0x00, 0x00, 0x00, 0x00, 0x00, 0x00, 0x00, 0x00, 0x00, 0x00,
  0x00, 0x00, 0x00, 0x00, 0x00, 0x00, 0x00, 0x00, 0x00, 0x00, 0x00, 0x00,
  0x00, 0x00, 0x00, 0x00, 0x00, 0x00, 0x00, 0x00, 0x00, 0x00, 0x00, 0x00,
  0x00, 0x00, 0x00, 0x00, 0x00, 0x00, 0x00, 0x00, 0x00, 0x00, 0x00, 0x00,
  0x00, 0x00, 0x00, 0x00, 0x00, 0x00, 0x00, 0x00, 0x00, 0x00, 0x00, 0x00,
  0x00, 0x00, 0x00, 0x00, 0x00, 0x00, 0x00, 0x00, 0x00, 0x00, 0x00, 0x00,
  0x00, 0x00, 0x00, 0x00, 0x00, 0x00, 0x00, 0x00, 0x00, 0x00, 0x00, 0x00,
  0x00, 0x00, 0x00, 0x00, 0x00, 0x00, 0x00, 0x00, 0x00, 0x00, 0x00, 0x00,
  0x00, 0x00, 0x00, 0x00, 0x00, 0x00, 0x00, 0x00, 0x00, 0x00, 0x00, 0x00,
  0x00, 0x00, 0x00, 0x00, 0x00, 0x00, 0x00, 0x00, 0x00, 0x00, 0x00, 0x00,
  0x00, 0x00, 0x00, 0x00, 0x00, 0x00, 0x00, 0x00, 0x00, 0x00, 0x00, 0x00,
  0x00, 0x00, 0x00, 0x00, 0x00, 0x00, 0x00, 0x00, 0x00, 0x00, 0x00, 0x00,
  0x00, 0x00, 0x00, 0x00, 0x00, 0x00, 0x00, 0x00, 0x00, 0x00, 0x00, 0x00,
  0x00, 0x00, 0x00, 0x00, 0x00, 0x00, 0x00, 0x00, 0x00, 0x00, 0x00, 0x00,
  0x00, 0x00, 0x00, 0x00, 0x00, 0x00, 0x00, 0x00, 0x00, 0x00, 0x00, 0x00,
  0x00, 0x00, 0x00, 0x00, 0x00, 0x00, 0x00, 0x00, 0x00, 0x00, 0x00, 0x00,
  0x00, 0x00, 0x00, 0x00, 0x00, 0x00, 0x00, 0x00, 0x00, 0x00, 0x00, 0x00,
  0x00, 0x00, 0x00, 0x00, 0x00, 0x00, 0x00, 0x00, 0x00, 0x00, 0x00, 0x00,
  0x00, 0x00, 0x00, 0x00, 0x00, 0x00, 0x00, 0x00, 0x00, 0x00, 0x00, 0x00,
  0x00, 0x00, 0x00, 0x00, 0x00, 0x00, 0x00, 0x00, 0x00, 0x00, 0x00, 0x00,
  0x00, 0x00, 0x00, 0x00, 0x00, 0x00, 0x00, 0x00, 0x00, 0x00, 0x00, 0x00,
  0x00, 0x00, 0x00, 0x00, 0x00, 0x00, 0x00, 0x00, 0x00, 0x00, 0x00, 0x00,
  0x00, 0x00, 0x00, 0x00, 0x00, 0x00, 0x00, 0x00, 0x00, 0x00, 0x00, 0x00,
  0x00, 0x00, 0x00, 0x00, 0x00, 0x00, 0x00, 0x00, 0x00, 0x00, 0x00, 0x00,
  0x00, 0x00, 0x00, 0x00, 0x00, 0x00, 0x00, 0x00, 0x00, 0x00, 0x00, 0x00,
  0x00, 0x00, 0x00, 0x00, 0x00, 0x00, 0x00, 0x00, 0x00, 0x00, 0x00, 0x00,
  0x00, 0x00, 0x00, 0x00, 0x00, 0x00, 0x00, 0x00, 0x00, 0x00, 0x00, 0x00,
  0x00, 0x00, 0x00, 0x00, 0x00, 0x00, 0x00, 0x00, 0x00, 0x00, 0x00, 0x00,
  0x00, 0x00, 0x00, 0x00, 0x00, 0x00, 0x00, 0x00, 0x00, 0x00, 0x00, 0x00,
  0x00, 0x00, 0x00, 0x00, 0x00, 0x00, 0x00, 0x00, 0x00, 0x00, 0x00, 0x00,
  0x00, 0x00, 0x00, 0x00, 0x00, 0x00, 0x00, 0x00, 0x00, 0x00, 0x00, 0x00,
  0x00, 0x00, 0x00, 0x00, 0x00, 0x00, 0x00, 0x00, 0x00, 0x00, 0x00, 0x00,
  0x00, 0x00, 0x00, 0x00, 0x00, 0x00, 0x00, 0x00, 0x00, 0x00, 0x00, 0x00,
  0x00, 0x00, 0x00, 0x00, 0x00, 0x00, 0x00, 0x00, 0x00, 0x00, 0x00, 0x00,
  0x00, 0x00, 0x00, 0x00, 0x00, 0x00, 0x00, 0x00, 0x00, 0x00, 0x00, 0x00,
  0x00, 0x00, 0x00, 0x00, 0x00, 0x00, 0x00, 0x00, 0x00, 0x00, 0x00, 0x00,
  0x00, 0x00, 0x00, 0x00, 0x00, 0x00, 0x00, 0x00, 0x00, 0x00, 0x00, 0x00,
  0x00, 0x00, 0x00, 0x00, 0x00, 0x00, 0x00, 0x00, 0x00, 0x00, 0x00, 0x00,
  0x00, 0x00, 0x00, 0x00, 0x00, 0x00, 0x00, 0x00, 0x00, 0x00, 0x00, 0x00,
  0x00, 0x00, 0x00, 0x00, 0x00, 0x00, 0x00, 0x00, 0x00, 0x00, 0x00, 0x00,
  0x00, 0x00, 0x00, 0x00, 0x00, 0x00, 0x00, 0x00, 0x00, 0x00, 0x00, 0x00,
  0x00, 0x00, 0x00, 0x00, 0x00, 0x00, 0x00, 0x00, 0x00, 0x00, 0x00, 0x00,
  0x00, 0x00, 0x00, 0x00, 0x00, 0x00, 0x00, 0x00, 0x00, 0x00, 0x00, 0x00,
  0x00, 0x00, 0x00, 0x00, 0x00, 0x00, 0x00, 0x00, 0x00, 0x00, 0x00, 0x00,
  0x00, 0x00, 0x00, 0x00, 0x00, 0x00, 0x00, 0x00, 0x00, 0x00, 0x00, 0x00,
  0x00, 0x00, 0x00, 0x00, 0x00, 0x00, 0x00, 0x00, 0x00, 0x00, 0x00, 0x00,
  0x00, 0x00, 0x00, 0x00, 0x00, 0x00, 0x00, 0x00, 0x00, 0x00, 0x00, 0x00,
  0x00, 0x00, 0x00, 0x00, 0x00, 0x00, 0x00, 0x00, 0x00, 0x00, 0x00, 0x00,
  0x00, 0x00, 0x00, 0x00, 0x00, 0x00, 0x00, 0x00, 0x00, 0x00, 0x00, 0x00,
  0x0f, 0x00, 0x00, 0x00, 0x01, 0x00, 0x00, 0xc0, 0x73, 0x01, 0x00, 0x00,
  0xc8, 0xfe, 0xee, 0xcb, 0xf5, 0xfd, 0xdf, 0xef, 0xff, 0x0f, 0xff, 0xdf,
  0xbf, 0xff, 0xfb, 0x5f, 0xff, 0xef, 0xff, 0xcf, 0xdf, 0xff, 0xff, 0xfe,
  0xdf, 0xff, 0xdf, 0xff, 0xf7, 0xff, 0xff, 0xff, 0xdf, 0xfe, 0xfc, 0xfd,
  0xdb, 0xdf, 0xfc, 0xef, 0xfc, 0xef, 0xf7, 0xbd, 0xdf, 0x7f, 0x03, 0x00,
  0x01, 0x0b, 0x04, 0x0a, 0xf8, 0x00, 0x04, 0x00, 0x00, 0x00, 0x41, 0x00,
  0x00, 0x04, 0x00, 0x00, 0x02, 0x22, 0x08, 0x06, 0xfa, 0x00, 0x42, 0x00,
  0x00, 0x00, 0x01, 0x01, 0x40, 0x00, 0x02, 0x00, 0x00, 0x00, 0x00, 0x00,
  0x00, 0x00, 0x00, 0x00, 0x00, 0x00, 0x00, 0x00, 0x1c, 0x00, 0x00, 0x00,
  0x01, 0x0b, 0x04, 0x0a, 0xf8, 0x00, 0x04, 0x00, 0x00, 0x00, 0x81, 0x05,
  0x04, 0x02, 0x00, 0x00, 0x01, 0x0b, 0x0e, 0x0a, 0xfa, 0x00, 0x05, 0x00,
  0x00, 0x00, 0x83, 0x01, 0x39, 0x04, 0x00, 0x00, 0x01, 0x0b, 0x04, 0x0a,
  0xf8, 0x00, 0x04, 0x00, 0x00, 0x00, 0xc1, 0x05, 0x01, 0x02, 0x00, 0x00,
  0x02, 0x22, 0x0e, 0x06, 0xf8, 0x00, 0x52, 0x00, 0x00, 0x00, 0x03, 0x04,
  0x40, 0x00, 0x02, 0x00, 0x00, 0x00, 0x00, 0x00, 0x00, 0x00, 0x00, 0x00,
  0x00, 0x00, 0x00, 0x00, 0x00, 0x00, 0x00, 0x00, 0x02, 0x22, 0x0e, 0x06,
  0xf8, 0x00, 0x52, 0x00, 0x00, 0x00, 0x83, 0x03, 0x40, 0x00, 0x02, 0x00,
  0x00, 0x00, 0x00, 0x00, 0x00, 0x00, 0x00, 0x00, 0x00, 0x00, 0x00, 0x00,
  0x08, 0x00, 0x00, 0x00, 0x42, 0x0c, 0x42, 0x06, 0x42, 0x0c, 0x42, 0x06,
  0x41, 0x0c, 0x40, 0x04, 0x42, 0x0c, 0x42, 0x06, 0x02, 0x0c, 0x52, 0x0e,
  0xf8, 0x00, 0x0a, 0x00, 0x00, 0x00, 0x03, 0x04, 0x01, 0xf8, 0x02, 0x04,
  0x00, 0x0b, 0x00, 0x00, 0x00, 0x00, 0x00, 0x00, 0x90, 0x00, 0x00, 0x00,
  0x00, 0x00, 0x00, 0x00, 0x02, 0x0c, 0x52, 0x0e, 0xf8, 0x00, 0x0a, 0x00,
  0x00, 0x00, 0x83, 0x03, 0x01, 0xf8, 0x82, 0x03, 0x00, 0x0b, 0x00, 0x00,
  0x00, 0x00, 0x00, 0x00, 0x10, 0x00, 0x00, 0x00, 0x00, 0x00, 0x00, 0x00,
  0x41, 0x0c, 0x50, 0x04, 0x42, 0x0c, 0x42, 0x06, 0x42, 0x0c, 0x42, 0x06,
  0x51, 0x01, 0x01, 0x09, 0x02, 0x0a, 0xf8, 0x00, 0x01, 0x00, 0x00, 0x00,
  0x02, 0x00, 0x00, 0x00, 0x00, 0x00, 0x51, 0x01, 0x01, 0x09, 0x02, 0x0a,
  0xf8, 0x00, 0x01, 0x00, 0x00, 0x00, 0x00, 0x00, 0x00, 0x00, 0x00, 0x00,
  0x41, 0x0c, 0x50, 0x04, 0x41, 0x0c, 0x50, 0x04, 0x41, 0x0c, 0x50, 0x04,
  0x42, 0x0c, 0x42, 0x06, 0x42, 0x0c, 0x42, 0x06, 0x41, 0x0c, 0x50, 0x04,
  0x41, 0x0c, 0x50, 0x04, 0x42, 0x0c, 0x42, 0x06, 0x02, 0x0c, 0x52, 0x0e,
  0xf8, 0x00, 0x0a, 0x00, 0x00, 0x00, 0x03, 0x04, 0x01, 0xf8, 0x02, 0x04,
  0x00, 0x0b, 0x00, 0x00, 0x00, 0x00, 0x00, 0x00, 0xa0, 0x00, 0x00, 0x00,
  0x00, 0x00, 0x00, 0x00, 0x02, 0x0c, 0x52, 0x0e, 0xf8, 0x00, 0x0a, 0x00,
  0x00, 0x00, 0x83, 0x03, 0x01, 0xf8, 0x82, 0x03, 0x00, 0x0b, 0x00, 0x00,
  0x00, 0x00, 0x00, 0x00, 0x00, 0x04, 0x00, 0x00, 0x00, 0x00, 0x00, 0x00,
  0x42, 0x0c, 0x42, 0x06, 0x42, 0x0c, 0x42, 0x06, 0x42, 0x0c, 0x42, 0x06,
  0x42, 0x0c, 0x42, 0x06, 0x42, 0x0c, 0x42, 0x06, 0x02, 0x22, 0x0e, 0x06,
  0xf8, 0x00, 0x52, 0x00, 0x00, 0x00, 0x83, 0x00, 0x40, 0x00, 0x02, 0x00,
  0x00, 0x00, 0x00, 0x00, 0x00, 0x00, 0x00, 0x00, 0x00, 0x00, 0x00, 0x00,
  0x10, 0x00, 0x00, 0x00, 0x02, 0x38, 0x0e, 0x32, 0xf8, 0x00, 0x40, 0x11,
  0x00, 0x00, 0x00, 0x00, 0x82, 0x05, 0x0a, 0x00, 0x00, 0x82, 0x01, 0x40,
  0x01, 0x00, 0x00, 0x00, 0x00, 0x00, 0x00, 0x00, 0x00, 0x00, 0x00, 0x00,
  0x42, 0x0c, 0x42, 0x06, 0x42, 0x0c, 0x42, 0x06, 0x01, 0x10, 0x06, 0x0a,
  0xf8, 0x00, 0x20, 0x00, 0x00, 0x00, 0x01, 0x00, 0x00, 0x00, 0x00, 0x08,
  0x01, 0x10, 0x06, 0x0a, 0xf8, 0x00, 0x20, 0x03, 0x00, 0x00, 0x01, 0x08,
  0x00, 0x10, 0x00, 0x08, 0x01, 0x10, 0x06, 0x0a, 0xf8, 0x00, 0x20, 0x03,
  0x00, 0x00, 0x01, 0x00, 0x00, 0x00, 0x00, 0x08, 0x42, 0x0c, 0x42, 0x06,
  0x41, 0x0c, 0x40, 0x04, 0x42, 0x0c, 0x42, 0x06, 0x41, 0x0c, 0x40, 0x04,
  0x41, 0x0c, 0x40, 0x04, 0x42, 0x0c, 0x42, 0x06, 0x42, 0x0c, 0x42, 0x06,
  0x41, 0x0c, 0x40, 0x04, 0x01, 0x10, 0x06, 0x0a, 0xf8, 0x00, 0x20, 0x00,
  0x00, 0x00, 0x01, 0x00, 0x00, 0x00, 0x00, 0x08, 0x41, 0x0c, 0x40, 0x04,
  0x51, 0x01, 0x01, 0x09, 0x02, 0x0a, 0xf8, 0x00, 0x01, 0x00, 0x00, 0x00,
  0x06, 0x00, 0x00, 0x00, 0x00, 0x00, 0x51, 0x01, 0x01, 0x09, 0x02, 0x0a,
  0xf8, 0x00, 0x01, 0x00, 0x00, 0x00, 0x04, 0x00, 0x00, 0x00, 0x00, 0x00,
  0x50, 0x05, 0x00, 0x00, 0x00, 0x00, 0x00, 0x00, 0x00, 0x00, 0x00, 0x00,
  0x00, 0x00, 0x00, 0x00, 0x10, 0x00, 0x00, 0x00, 0x01, 0x00, 0x00, 0xc0,
  0x73, 0x01, 0x00, 0x00, 0xc8, 0xfe, 0xee, 0xcb, 0xf5, 0xfd, 0xdf, 0xef,
  0xff, 0x0f, 0xff, 0xdf, 0xbf, 0xff, 0xfb, 0x5f, 0xff, 0xef, 0xff, 0xcf,
  0xdf, 0xff, 0xff, 0xfe, 0xdf, 0xff, 0xdf, 0xff, 0xf7, 0xff, 0xff, 0xff,
  0xdf, 0xfe, 0xfc, 0xfd, 0xdb, 0xdf, 0xfc, 0xef, 0xfc, 0xef, 0xf7, 0xbd,
  0xdf, 0x7f, 0x03, 0x00, 0x01, 0x0b, 0x04, 0x0a, 0xf8, 0x00, 0x04, 0x00,
  0x00, 0x00, 0x41, 0x00, 0x00, 0x04, 0x00, 0x00, 0x02, 0x22, 0x08, 0x06,
  0xfa, 0x00, 0x42, 0x00, 0x00, 0x00, 0x01, 0x01, 0x40, 0x00, 0x02, 0x00,
  0x00, 0x00, 0x00, 0x00, 0x00, 0x00, 0x00, 0x00, 0x00, 0x00, 0x00, 0x00,
  0x1c, 0x00, 0x00, 0x00, 0x01, 0x0b, 0x04, 0x0a, 0xf8, 0x00, 0x04, 0x00,
  0x00, 0x00, 0x81, 0x05, 0x04, 0x02, 0x00, 0x00, 0x01, 0x0b, 0x0e, 0x0a,
  0xfa, 0x00, 0x05, 0x00, 0x00, 0x00, 0x83, 0x01, 0x39, 0x04, 0x00, 0x00,
  0x01, 0x0b, 0x04, 0x0a, 0xf8, 0x00, 0x04, 0x00, 0x00, 0x00, 0xc1, 0x05,
  0x01, 0x02, 0x00, 0x00, 0x02, 0x22, 0x0e, 0x06, 0xf8, 0x00, 0x52, 0x00,
  0x00, 0x00, 0x03, 0x04, 0x40, 0x00, 0x02, 0x00, 0x00, 0x00, 0x00, 0x00,
  0x00, 0x00, 0x00, 0x00, 0x00, 0x00, 0x00, 0x00, 0x00, 0x00, 0x00, 0x00,
  0x02, 0x22, 0x0e, 0x06, 0xf8, 0x00, 0x52, 0x00, 0x00, 0x00, 0x83, 0x03,
  0x40, 0x00, 0x02, 0x00, 0x00, 0x00, 0x00, 0x00, 0x00, 0x00, 0x00, 0x00,
  0x00, 0x00, 0x00, 0x00, 0x08, 0x00, 0x00, 0x00, 0x42, 0x0c, 0x42, 0x06,
  0x42, 0x0c, 0x42, 0x06, 0x41, 0x0c, 0x40, 0x04, 0x42, 0x0c, 0x42, 0x06,
  0x02, 0x0c, 0x52, 0x0e, 0xf8, 0x00, 0x0a, 0x00, 0x00, 0x00, 0x03, 0x04,
  0x01, 0xf8, 0x02, 0x04, 0x00, 0x0b, 0x00, 0x00, 0x00, 0x00, 0x00, 0x00,
  0x90, 0x00, 0x00, 0x00, 0x00, 0x00, 0x00, 0x00, 0x02, 0x0c, 0x52, 0x0e,
  0xf8, 0x00, 0x0a, 0x00, 0x00, 0x00, 0x83, 0x03, 0x01, 0xf8, 0x82, 0x03,
  0x00, 0x0b, 0x00, 0x00, 0x00, 0x00, 0x00, 0x00, 0x10, 0x00, 0x00, 0x00,
  0x00, 0x00, 0x00, 0x00, 0x41, 0x0c, 0x50, 0x04, 0x42, 0x0c, 0x42, 0x06,
  0x42, 0x0c, 0x42, 0x06, 0x51, 0x01, 0x01, 0x09, 0x02, 0x0a, 0xf8, 0x00,
  0x01, 0x00, 0x00, 0x00, 0x02, 0x00, 0x00, 0x00, 0x00, 0x00, 0x51, 0x01,
  0x01, 0x09, 0x02, 0x0a, 0xf8, 0x00, 0x01, 0x00, 0x00, 0x00, 0x00, 0x00,
  0x00, 0x00, 0x00, 0x00, 0x41, 0x0c, 0x50, 0x04, 0x41, 0x0c, 0x50, 0x04,
  0x41, 0x0c, 0x50, 0x04, 0x42, 0x0c, 0x42, 0x06, 0x42, 0x0c, 0x42, 0x06,
  0x41, 0x0c, 0x50, 0x04, 0x41, 0x0c, 0x50, 0x04, 0x42, 0x0c, 0x42, 0x06,
  0x02, 0x0c, 0x52, 0x0e, 0xf8, 0x00, 0x0a, 0x00, 0x00, 0x00, 0x03, 0x04,
  0x01, 0xf8, 0x02, 0x04, 0x00, 0x0b, 0x00, 0x00, 0x00, 0x00, 0x00, 0x00,
  0xa0, 0x00, 0x00, 0x00, 0x00, 0x00, 0x00, 0x00, 0x02, 0x0c, 0x52, 0x0e,
  0xf8, 0x00, 0x0a, 0x00, 0x00, 0x00, 0x83, 0x03, 0x01, 0xf8, 0x82, 0x03,
  0x00, 0x0b, 0x00, 0x00, 0x00, 0x00, 0x00, 0x00, 0x00, 0x04, 0x00, 0x00,
  0x00, 0x00, 0x00, 0x00, 0x42, 0x0c, 0x42, 0x06, 0x42, 0x0c, 0x42, 0x06,
  0x42, 0x0c, 0x42, 0x06, 0x42, 0x0c, 0x42, 0x06, 0x42, 0x0c, 0x42, 0x06,
  0x02, 0x22, 0x0e, 0x06, 0xf8, 0x00, 0x52, 0x00, 0x00, 0x00, 0x83, 0x00,
  0x40, 0x00, 0x02, 0x00, 0x00, 0x00, 0x00, 0x00, 0x00, 0x00, 0x00, 0x00,
  0x00, 0x00, 0x00, 0x00, 0x10, 0x00, 0x00, 0x00, 0x02, 0x38, 0x0e, 0x32,
  0xf8, 0x00, 0x40, 0x11, 0x00, 0x00, 0x00, 0x00, 0x82, 0x05, 0x0a, 0x00,
  0x00, 0x82, 0x01, 0x40, 0x01, 0x00, 0x00, 0x00, 0x00, 0x00, 0x00, 0x00,
  0x00, 0x00, 0x00, 0x00, 0x42, 0x0c, 0x42, 0x06, 0x42, 0x0c, 0x42, 0x06,
  0x01, 0x10, 0x06, 0x0a, 0xf8, 0x00, 0x20, 0x00, 0x00, 0x00, 0x01, 0x00,
  0x00, 0x00, 0x00, 0x08, 0x01, 0x10, 0x06, 0x0a, 0xf8, 0x00, 0x20, 0x03,
  0x00, 0x00, 0x01, 0x08, 0x00, 0x10, 0x00, 0x08, 0x01, 0x10, 0x06, 0x0a,
  0xf8, 0x00, 0x20, 0x03, 0x00, 0x00, 0x01, 0x00, 0x00, 0x00, 0x00, 0x08,
  0x42, 0x0c, 0x42, 0x06, 0x41, 0x0c, 0x40, 0x04, 0x42, 0x0c, 0x42, 0x06,
  0x41, 0x0c, 0x40, 0x04, 0x41, 0x0c, 0x40, 0x04, 0x42, 0x0c, 0x42, 0x06,
  0x42, 0x0c, 0x42, 0x06, 0x41, 0x0c, 0x40, 0x04, 0x01, 0x10, 0x06, 0x0a,
  0xf8, 0x00, 0x20, 0x00, 0x00, 0x00, 0x01, 0x00, 0x00, 0x00, 0x00, 0x08,
  0x41, 0x0c, 0x40, 0x04, 0x51, 0x01, 0x01, 0x09, 0x02, 0x0a, 0xf8, 0x00,
  0x01, 0x00, 0x00, 0x00, 0x06, 0x00, 0x00, 0x00, 0x00, 0x00, 0x51, 0x01,
  0x01, 0x09, 0x02, 0x0a, 0xf8, 0x00, 0x01, 0x00, 0x00, 0x00, 0x04, 0x00,
  0x00, 0x00, 0x00, 0x00, 0x50, 0x05, 0xff, 0xff, 0xff, 0xff, 0x24, 0x00,
  0x00, 0x00, 0x00, 0x00, 0x00, 0x00, 0xff, 0xff, 0xff, 0xff, 0xff, 0xff,
  0xff, 0xff, 0x03, 0x00, 0x01, 0x7c, 0xff, 0xff, 0xff, 0xff, 0x0f, 0x0c,
  0x81, 0x80, 0x80, 0x28, 0x00, 0x08, 0xff, 0x81, 0x80, 0x28, 0x08, 0x81,
  0x80, 0x80, 0x28, 0x00, 0x00, 0x00, 0xff, 0xff, 0xff, 0xff, 0x34, 0x00,
  0x00, 0x00, 0x00, 0x00, 0x00, 0x00, 0x00, 0x00, 0x00, 0x00, 0x00, 0x00,
  0x00, 0x00, 0x00, 0x00, 0x00, 0x00, 0x00, 0x00, 0x00, 0x00, 0x60, 0x1a,
  0x00, 0x00, 0x00, 0x00, 0x00, 0x00, 0x04, 0x10, 0x00, 0x00, 0x00, 0x04,
  0xb0, 0x00, 0x00, 0x00, 0x0c, 0x81, 0x80, 0x80, 0x28, 0x00, 0x04, 0x90,
  0x19, 0x00, 0x00, 0x00, 0x00, 0x00, 0x00, 0x00, 0x00, 0x00, 0xff, 0xff,
  0xff, 0xff, 0x3c, 0x00, 0x00, 0x00, 0x00, 0x00, 0x00, 0x00, 0xff, 0xff,
  0xff, 0xff, 0xff, 0xff, 0xff, 0xff, 0x03, 0x00, 0x01, 0x7c, 0x80, 0x82,
  0x80, 0x28, 0x0c, 0x81, 0x80, 0x80, 0x28, 0x00, 0x08, 0xff, 0x81, 0x80,
  0x28, 0x08, 0x81, 0x80, 0x80, 0x28, 0x08, 0x82, 0x80, 0x80, 0x28, 0x16,
  0x80, 0x82, 0x80, 0x28, 0x10, 0x03, 0x00, 0x00, 0x00, 0x00, 0x00, 0x00,
  0x00, 0x00, 0x92, 0x82, 0x80, 0x80, 0x28, 0x00, 0x22, 0x00, 0xff, 0xff,
  0xff, 0xff, 0x1c, 0x00, 0x00, 0x00, 0x00, 0x00, 0x00, 0x00, 0x70, 0x00,
  0x00, 0x00, 0x00, 0x00, 0x00, 0x00, 0x60, 0x1a, 0x00, 0x00, 0x00, 0x00,
  0x00, 0x00, 0x00, 0x0b, 0x00, 0x00, 0x00, 0x00, 0x00, 0x00, 0x00, 0x00,
  0x00, 0x00, 0xff, 0xff, 0xff, 0xff, 0x24, 0x00, 0x00, 0x00, 0x00, 0x00,
  0x00, 0x00, 0xff, 0xff, 0xff, 0xff, 0xff, 0xff, 0xff, 0xff, 0x03, 0x00,
  0x01, 0x7c, 0xff, 0xff, 0xff, 0xff, 0x0f, 0x0c, 0x81, 0x80, 0x80, 0x28,
  0x00, 0x08, 0xff, 0x81, 0x80, 0x28, 0x08, 0x81, 0x80, 0x80, 0x28, 0x00,
  0x00, 0x00, 0xff, 0xff, 0xff, 0xff, 0x34, 0x00, 0x00, 0x00, 0x00, 0x00,
  0x00, 0x00, 0xe0, 0x00, 0x00, 0x00, 0x00, 0x00, 0x00, 0x00, 0x00, 0x00,
  0x00, 0x00, 0x00, 0x00, 0x00, 0x00, 0x60, 0x1a, 0x00, 0x00, 0x00, 0x00,
  0x00, 0x00, 0x04, 0x10, 0x00, 0x00, 0x00, 0x04, 0xb0, 0x00, 0x00, 0x00,
  0x0c, 0x81, 0x80, 0x80, 0x28, 0x00, 0x04, 0x90, 0x19, 0x00, 0x00, 0x00,
  0x00, 0x00, 0x00, 0x00, 0x00, 0x00, 0xff, 0xff, 0xff, 0xff, 0x3c, 0x00,
  0x00, 0x00, 0x00, 0x00, 0x00, 0x00, 0xff, 0xff, 0xff, 0xff, 0xff, 0xff,
  0xff, 0xff, 0x03, 0x00, 0x01, 0x7c, 0x80, 0x82, 0x80, 0x28, 0x0c, 0x81,
  0x80, 0x80, 0x28, 0x00, 0x08, 0xff, 0x81, 0x80, 0x28, 0x08, 0x81, 0x80,
  0x80, 0x28, 0x08, 0x82, 0x80, 0x80, 0x28, 0x16, 0x80, 0x82, 0x80, 0x28,
  0x10, 0x03, 0x00, 0x00, 0x00, 0x00, 0x00, 0x00, 0x00, 0x00, 0x92, 0x82,
  0x80, 0x80, 0x28, 0x00, 0x22, 0x00, 0xff, 0xff, 0xff, 0xff, 0x1c, 0x00,
  0x00, 0x00, 0x00, 0x00, 0x00, 0x00, 0x50, 0x01, 0x00, 0x00, 0x00, 0x00,
  0x00, 0x00, 0x60, 0x1a, 0x00, 0x00, 0x00, 0x00, 0x00, 0x00, 0x00, 0x0b,
  0x00, 0x00, 0x00, 0x00, 0x00, 0x00, 0x00, 0x00, 0x00, 0x00, 0x00, 0x00,
  0x04, 0x2f, 0x08, 0x00, 0x0c, 0x00, 0x00, 0x00, 0x28, 0x00, 0x00, 0x00,
  0x04, 0x11, 0x08, 0x00, 0x08, 0x00, 0x00, 0x00, 0x00, 0x00, 0x00, 0x00,
  0x04, 0x11, 0x08, 0x00, 0x0c, 0x00, 0x00, 0x00, 0x00, 0x00, 0x00, 0x00,
  0x04, 0x2f, 0x08, 0x00, 0x0b, 0x00, 0x00, 0x00, 0x28, 0x00, 0x00, 0x00,
  0x04, 0x11, 0x08, 0x00, 0x06, 0x00, 0x00, 0x00, 0x00, 0x00, 0x00, 0x00,
  0x04, 0x11, 0x08, 0x00, 0x0b, 0x00, 0x00, 0x00, 0x00, 0x00, 0x00, 0x00,
  0x04, 0x12, 0x08, 0x00, 0x0b, 0x00, 0x00, 0x00, 0x00, 0x00, 0x00, 0x00,
  0x04, 0x12, 0x08, 0x00, 0x0c, 0x00, 0x00, 0x00, 0x00, 0x00, 0x00, 0x00,
  0x04, 0x66, 0x04, 0x00, 0x03, 0x00, 0x00, 0x00, 0x04, 0x37, 0x04, 0x00,
  0x85, 0x00, 0x00, 0x00, 0x04, 0x5a, 0x20, 0x00, 0x8a, 0x9d, 0x22, 0xa4,
  0xb1, 0x9d, 0x14, 0x6d, 0x00, 0xb4, 0x2a, 0xf3, 0xf7, 0x58, 0x03, 0xa5,
  0x27, 0x2c, 0x21, 0x30, 0xc9, 0x1e, 0xc7, 0x8f, 0x0f, 0x0c, 0x49, 0x6c,
  0x0a, 0x2f, 0x00, 0x00, 0x04, 0x17, 0x0c, 0x00, 0x00, 0x00, 0x00, 0x00,
  0x04, 0x00, 0x1c, 0x00, 0x00, 0xf0, 0x11, 0x00, 0x04, 0x17, 0x0c, 0x00,
  0x00, 0x00, 0x00, 0x00, 0x03, 0x00, 0x18, 0x00, 0x00, 0xf0, 0x11, 0x00,
  0x04, 0x17, 0x0c, 0x00, 0x00, 0x00, 0x00, 0x00, 0x02, 0x00, 0x10, 0x00,
  0x00, 0xf5, 0x21, 0x00, 0x04, 0x17, 0x0c, 0x00, 0x00, 0x00, 0x00, 0x00,
  0x01, 0x00, 0x08, 0x00, 0x00, 0xf5, 0x21, 0x00, 0x04, 0x17, 0x0c, 0x00,
  0x00, 0x00, 0x00, 0x00, 0x00, 0x00, 0x00, 0x00, 0x00, 0xf5, 0x21, 0x00,
  0x03, 0x50, 0x00, 0x00, 0x03, 0x1b, 0xff, 0x00, 0x03, 0x5f, 0x01, 0x01,
  0x04, 0x29, 0x14, 0x00, 0xff, 0xff, 0xff, 0xff, 0xff, 0xff, 0xff, 0xff,
  0xff, 0xff, 0xff, 0xff, 0xff, 0xff, 0xff, 0xff, 0xff, 0xff, 0xff, 0xff,
  0x04, 0x28, 0x14, 0x00, 0xe0, 0x18, 0x00, 0x00, 0x20, 0x19, 0x00, 0x00,
  0x50, 0x19, 0x00, 0x00, 0x80, 0x19, 0x00, 0x00, 0xb0, 0x19, 0x00, 0x00,
  0x02, 0x4a, 0x00, 0x00, 0x04, 0x1c, 0x08, 0x00, 0xd0, 0x19, 0x00, 0x00,
  0x50, 0x1a, 0x00, 0x00, 0x04, 0x1e, 0x04, 0x00, 0x00, 0x00, 0x00, 0x00,
  0x04, 0x66, 0x04, 0x00, 0x03, 0x00, 0x00, 0x00, 0x04, 0x37, 0x04, 0x00,
  0x85, 0x00, 0x00, 0x00, 0x04, 0x5a, 0x20, 0x00, 0x8a, 0x9d, 0x22, 0xa4,
  0xb1, 0x9d, 0x14, 0x6d, 0x00, 0xb4, 0x2a, 0xf3, 0xf7, 0x58, 0x03, 0xa5,
  0x27, 0x2c, 0x21, 0x30, 0xc9, 0x1e, 0xc7, 0x8f, 0x0f, 0x0c, 0x49, 0x6c,
  0x0a, 0x2f, 0x00, 0x00, 0x04, 0x17, 0x0c, 0x00, 0x00, 0x00, 0x00, 0x00,
  0x04, 0x00, 0x1c, 0x00, 0x00, 0xf0, 0x11, 0x00, 0x04, 0x17, 0x0c, 0x00,
  0x00, 0x00, 0x00, 0x00, 0x03, 0x00, 0x18, 0x00, 0x00, 0xf0, 0x11, 0x00,
  0x04, 0x17, 0x0c, 0x00, 0x00, 0x00, 0x00, 0x00, 0x02, 0x00, 0x10, 0x00,
  0x00, 0xf5, 0x21, 0x00, 0x04, 0x17, 0x0c, 0x00, 0x00, 0x00, 0x00, 0x00,
  0x01, 0x00, 0x08, 0x00, 0x00, 0xf5, 0x21, 0x00, 0x04, 0x17, 0x0c, 0x00,
  0x00, 0x00, 0x00, 0x00, 0x00, 0x00, 0x00, 0x00, 0x00, 0xf5, 0x21, 0x00,
  0x03, 0x50, 0x00, 0x00, 0x03, 0x1b, 0xff, 0x00, 0x03, 0x5f, 0x01, 0x01,
  0x04, 0x29, 0x14, 0x00, 0xff, 0xff, 0xff, 0xff, 0xff, 0xff, 0xff, 0xff,
  0xff, 0xff, 0xff, 0xff, 0xff, 0xff, 0xff, 0xff, 0xff, 0xff, 0xff, 0xff,
  0x04, 0x28, 0x14, 0x00, 0xe0, 0x18, 0x00, 0x00, 0x20, 0x19, 0x00, 0x00,
  0x50, 0x19, 0x00, 0x00, 0x80, 0x19, 0x00, 0x00, 0xb0, 0x19, 0x00, 0x00,
  0x02, 0x4a, 0x00, 0x00, 0x04, 0x1c, 0x08, 0x00, 0xd0, 0x19, 0x00, 0x00,
  0x50, 0x1a, 0x00, 0x00, 0x04, 0x1e, 0x04, 0x00, 0x00, 0x00, 0x00, 0x00,
  0x00, 0x00, 0x00, 0x00, 0x6c, 0x07, 0x00, 0x00, 0x00, 0x00, 0x00, 0x00,
  0x08, 0x00, 0x01, 0x00, 0x0b, 0x00, 0x00, 0x00, 0x90, 0x07, 0x00, 0x00,
  0x00, 0x00, 0x00, 0x00, 0x6c, 0x07, 0x00, 0x00, 0x00, 0x00, 0x00, 0x00,
  0x08, 0x00, 0x01, 0x00, 0x0c, 0x00, 0x00, 0x00, 0x90, 0x07, 0x00, 0x00,
  0x00, 0x00, 0x00, 0x00, 0xac, 0x01, 0x00, 0x00, 0x00, 0x00, 0x00, 0x00,
  0x3d, 0x00, 0x01, 0x00, 0x0c, 0x00, 0x00, 0x00, 0x60, 0x1a, 0x00, 0x00,
  0x00, 0x00, 0x00, 0x00, 0x24, 0x01, 0x00, 0x00, 0x00, 0x00, 0x00, 0x00,
  0x3d, 0x00, 0x01, 0x00, 0x0c, 0x00, 0x00, 0x00, 0x00, 0x00, 0x00, 0x00,
  0x00, 0x00, 0x00, 0x00, 0x88, 0x01, 0x00, 0x00, 0x00, 0x00, 0x00, 0x00,
  0x3d, 0x00, 0x01, 0x00, 0x0c, 0x00, 0x00, 0x00, 0x00, 0x00, 0x00, 0x00,
  0x00, 0x00, 0x00, 0x00, 0xcc, 0x00, 0x00, 0x00, 0x00, 0x00, 0x00, 0x00,
  0x3d, 0x00, 0x01, 0x00, 0x0b, 0x00, 0x00, 0x00, 0x60, 0x1a, 0x00, 0x00,
  0x00, 0x00, 0x00, 0x00, 0x44, 0x00, 0x00, 0x00, 0x00, 0x00, 0x00, 0x00,
  0x3d, 0x00, 0x01, 0x00, 0x0b, 0x00, 0x00, 0x00, 0x00, 0x00, 0x00, 0x00,
  0x00, 0x00, 0x00, 0x00, 0xa8, 0x00, 0x00, 0x00, 0x00, 0x00, 0x00, 0x00,
  0x3d, 0x00, 0x01, 0x00, 0x0b, 0x00, 0x00, 0x00, 0x00, 0x00, 0x00, 0x00,
  0x00, 0x00, 0x00, 0x00, 0x00, 0x00, 0x00, 0x00, 0x00, 0x00, 0x00, 0x00,
  0x00, 0x00, 0x00, 0x00, 0x00, 0x00, 0x00, 0x00, 0x00, 0x00, 0x00, 0x00,
  0x00, 0x00, 0x00, 0x00, 0x29, 0x00, 0x00, 0x00, 0x03, 0x00, 0x05, 0x00,
  0x00, 0x00, 0x00, 0x00, 0x00, 0x00, 0x00, 0x00, 0x00, 0x00, 0x00, 0x00,
  0x00, 0x00, 0x00, 0x00, 0x39, 0x00, 0x00, 0x00, 0x03, 0x00, 0x06, 0x00,
  0x00, 0x00, 0x00, 0x00, 0x00, 0x00, 0x00, 0x00, 0x00, 0x00, 0x00, 0x00,
  0x00, 0x00, 0x00, 0x00, 0x5d, 0x00, 0x00, 0x00, 0x03, 0x00, 0x14, 0x00,
  0x00, 0x00, 0x00, 0x00, 0x00, 0x00, 0x00, 0x00, 0x00, 0x00, 0x00, 0x00,
  0x00, 0x00, 0x00, 0x00, 0xa7, 0x00, 0x00, 0x00, 0x21, 0x00, 0x00, 0x00,
  0x00, 0x00, 0x00, 0x00, 0x00, 0x00, 0x00, 0x00, 0x04, 0x00, 0x00, 0x00,
  0x00, 0x00, 0x00, 0x00, 0xd6, 0x00, 0x00, 0x00, 0x20, 0xa0, 0x1d, 0x00,
  0x00, 0x00, 0x00, 0x00, 0x00, 0x00, 0x00, 0x00, 0x00, 0x00, 0x00, 0x00,
  0x00, 0x00, 0x00, 0x00, 0xf7, 0x00, 0x00, 0x00, 0x02, 0x00, 0x14, 0x00,
  0x60, 0x1a, 0x00, 0x00, 0x00, 0x00, 0x00, 0x00, 0x00, 0x0b, 0x00, 0x00,
  0x00, 0x00, 0x00, 0x00, 0x61, 0x01, 0x00, 0x00, 0x03, 0x00, 0x15, 0x00,
  0x00, 0x00, 0x00, 0x00, 0x00, 0x00, 0x00, 0x00, 0x00, 0x00, 0x00, 0x00,
  0x00, 0x00, 0x00, 0x00, 0xa5, 0x01, 0x00, 0x00, 0x02, 0x00, 0x15, 0x00,
  0x60, 0x1a, 0x00, 0x00, 0x00, 0x00, 0x00, 0x00, 0x00, 0x0b, 0x00, 0x00,
  0x00, 0x00, 0x00, 0x00, 0x0b, 0x02, 0x00, 0x00, 0x03, 0x00, 0x16, 0x00,
  0x00, 0x00, 0x00, 0x00, 0x00, 0x00, 0x00, 0x00, 0x00, 0x00, 0x00, 0x00,
  0x00, 0x00, 0x00, 0x00, 0x3b, 0x02, 0x00, 0x00, 0x03, 0x00, 0x0b, 0x00,
  0x00, 0x00, 0x00, 0x00, 0x00, 0x00, 0x00, 0x00, 0x00, 0x00, 0x00, 0x00,
  0x00, 0x00, 0x00, 0x00, 0x57, 0x02, 0x00, 0x00, 0x12, 0x10, 0x14, 0x00,
  0x00, 0x00, 0x00, 0x00, 0x00, 0x00, 0x00, 0x00, 0x60, 0x25, 0x00, 0x00,
  0x00, 0x00, 0x00, 0x00, 0x67, 0x02, 0x00, 0x00, 0x12, 0x10, 0x15, 0x00,
  0x00, 0x00, 0x00, 0x00, 0x00, 0x00, 0x00, 0x00, 0x60, 0x25, 0x00, 0x00,
  0x00, 0x00, 0x00, 0x00, 0x00, 0x00, 0x00, 0x00, 0x00, 0x00, 0x00, 0x00,
  0x00, 0x00, 0x00, 0x00, 0x00, 0x00, 0x00, 0x00, 0x00, 0x00, 0x00, 0x00,
  0x00, 0x00, 0x00, 0x00, 0x00, 0x00, 0x00, 0x00, 0x00, 0x00, 0x00, 0x00,
  0x00, 0x00, 0x00, 0x00, 0x00, 0x00, 0x00, 0x00, 0x00, 0x00, 0x00, 0x00,
  0x00, 0x00, 0x00, 0x00, 0x00, 0x00, 0x00, 0x00, 0x00, 0x00, 0x00, 0x00,
  0x00, 0x00, 0x00, 0x00, 0x00, 0x00, 0x00, 0x00, 0x01, 0x00, 0x00, 0x00,
  0x03, 0x00, 0x00, 0x00, 0x00, 0x00, 0x00, 0x00, 0x00, 0x00, 0x00, 0x00,
  0x00, 0x00, 0x00, 0x00, 0x00, 0x00, 0x00, 0x00, 0x40, 0x00, 0x00, 0x00,
  0x00, 0x00, 0x00, 0x00, 0x1f, 0x03, 0x00, 0x00, 0x00, 0x00, 0x00, 0x00,
  0x00, 0x00, 0x00, 0x00, 0x00, 0x00, 0x00, 0x00, 0x01, 0x00, 0x00, 0x00,
  0x00, 0x00, 0x00, 0x00, 0x00, 0x00, 0x00, 0x00, 0x00, 0x00, 0x00, 0x00,
  0x0b, 0x00, 0x00, 0x00, 0x03, 0x00, 0x00, 0x00, 0x00, 0x00, 0x00, 0x00,
  0x00, 0x00, 0x00, 0x00, 0x00, 0x00, 0x00, 0x00, 0x00, 0x00, 0x00, 0x00,
  0x83, 0x03, 0x00, 0x00, 0x00, 0x00, 0x00, 0x00, 0xaf, 0x02, 0x00, 0x00,
  0x00, 0x00, 0x00, 0x00, 0x00, 0x00, 0x00, 0x00, 0x00, 0x00, 0x00, 0x00,
  0x01, 0x00, 0x00, 0x00, 0x00, 0x00, 0x00, 0x00, 0x00, 0x00, 0x00, 0x00,
  0x00, 0x00, 0x00, 0x00, 0x13, 0x00, 0x00, 0x00, 0x02, 0x00, 0x00, 0x00,
  0x00, 0x00, 0x00, 0x00, 0x00, 0x00, 0x00, 0x00, 0x00, 0x00, 0x00, 0x00,
  0x00, 0x00, 0x00, 0x00, 0x38, 0x06, 0x00, 0x00, 0x00, 0x00, 0x00, 0x00,
  0x68, 0x01, 0x00, 0x00, 0x00, 0x00, 0x00, 0x00, 0x02, 0x00, 0x00, 0x00,
  0x0f, 0x00, 0x00, 0x00, 0x08, 0x00, 0x00, 0x00, 0x00, 0x00, 0x00, 0x00,
  0x18, 0x00, 0x00, 0x00, 0x00, 0x00, 0x00, 0x00, 0x67, 0x01, 0x00, 0x00,
  0x01, 0x00, 0x00, 0x00, 0x00, 0x00, 0x00, 0x00, 0x00, 0x00, 0x00, 0x00,
  0x00, 0x00, 0x00, 0x00, 0x00, 0x00, 0x00, 0x00, 0xa0, 0x07, 0x00, 0x00,
  0x00, 0x00, 0x00, 0x00, 0xb0, 0x01, 0x00, 0x00, 0x00, 0x00, 0x00, 0x00,
  0x00, 0x00, 0x00, 0x00, 0x00, 0x00, 0x00, 0x00, 0x01, 0x00, 0x00, 0x00,
  0x00, 0x00, 0x00, 0x00, 0x00, 0x00, 0x00, 0x00, 0x00, 0x00, 0x00, 0x00,
  0x29, 0x00, 0x00, 0x00, 0x07, 0x00, 0x00, 0x00, 0x00, 0x00, 0x00, 0x02,
  0x00, 0x00, 0x00, 0x00, 0x00, 0x00, 0x00, 0x00, 0x00, 0x00, 0x00, 0x00,
  0x50, 0x09, 0x00, 0x00, 0x00, 0x00, 0x00, 0x00, 0xa8, 0x00, 0x00, 0x00,
  0x00, 0x00, 0x00, 0x00, 0x00, 0x00, 0x00, 0x00, 0x00, 0x00, 0x00, 0x00,
  0x04, 0x00, 0x00, 0x00, 0x00, 0x00, 0x00, 0x00, 0x00, 0x00, 0x00, 0x00,
  0x00, 0x00, 0x00, 0x00, 0x39, 0x00, 0x00, 0x00, 0x07, 0x00, 0x00, 0x00,
  0x40, 0x00, 0x00, 0x01, 0x00, 0x00, 0x00, 0x00, 0x00, 0x00, 0x00, 0x00,
  0x00, 0x00, 0x00, 0x00, 0xf8, 0x09, 0x00, 0x00, 0x00, 0x00, 0x00, 0x00,
  0x20, 0x00, 0x00, 0x00, 0x00, 0x00, 0x00, 0x00, 0x05, 0x00, 0x00, 0x00,
  0x08, 0x00, 0x00, 0x00, 0x04, 0x00, 0x00, 0x00, 0x00, 0x00, 0x00, 0x00,
  0x00, 0x00, 0x00, 0x00, 0x00, 0x00, 0x00, 0x00, 0x49, 0x00, 0x00, 0x00,
  0x00, 0x00, 0x00, 0x70, 0x00, 0x00, 0x00, 0x00, 0x00, 0x00, 0x00, 0x00,
  0x00, 0x00, 0x00, 0x00, 0x00, 0x00, 0x00, 0x00, 0x18, 0x0a, 0x00, 0x00,
  0x00, 0x00, 0x00, 0x00, 0x60, 0x00, 0x00, 0x00, 0x00, 0x00, 0x00, 0x00,
  0x03, 0x00, 0x00, 0x00, 0x00, 0x00, 0x00, 0x00, 0x04, 0x00, 0x00, 0x00,
  0x00, 0x00, 0x00, 0x00, 0x00, 0x00, 0x00, 0x00, 0x00, 0x00, 0x00, 0x00,
  0x52, 0x00, 0x00, 0x00, 0x86, 0x00, 0x00, 0x70, 0x00, 0x00, 0x00, 0x00,
  0x00, 0x00, 0x00, 0x00, 0x00, 0x00, 0x00, 0x00, 0x00, 0x00, 0x00, 0x00,
  0x78, 0x0a, 0x00, 0x00, 0x00, 0x00, 0x00, 0x00, 0x20, 0x00, 0x00, 0x00,
  0x00, 0x00, 0x00, 0x00, 0x00, 0x00, 0x00, 0x00, 0x00, 0x00, 0x00, 0x00,
  0x04, 0x00, 0x00, 0x00, 0x00, 0x00, 0x00, 0x00, 0x00, 0x00, 0x00, 0x00,
  0x00, 0x00, 0x00, 0x00, 0x73, 0x00, 0x00, 0x00, 0x00, 0x00, 0x00, 0x70,
  0x40, 0x00, 0x00, 0x00, 0x00, 0x00, 0x00, 0x00, 0x00, 0x00, 0x00, 0x00,
  0x00, 0x00, 0x00, 0x00, 0x98, 0x0a, 0x00, 0x00, 0x00, 0x00, 0x00, 0x00,
  0xd0, 0x00, 0x00, 0x00, 0x00, 0x00, 0x00, 0x00, 0x03, 0x00, 0x00, 0x00,
  0x0f, 0x00, 0x00, 0x00, 0x04, 0x00, 0x00, 0x00, 0x00, 0x00, 0x00, 0x00,
  0x00, 0x00, 0x00, 0x00, 0x00, 0x00, 0x00, 0x00, 0x06, 0x01, 0x00, 0x00,
  0x00, 0x00, 0x00, 0x70, 0x40, 0x00, 0x00, 0x00, 0x00, 0x00, 0x00, 0x00,
  0x00, 0x00, 0x00, 0x00, 0x00, 0x00, 0x00, 0x00, 0x68, 0x0b, 0x00, 0x00,
  0x00, 0x00, 0x00, 0x00, 0xd0, 0x00, 0x00, 0x00, 0x00, 0x00, 0x00, 0x00,
  0x03, 0x00, 0x00, 0x00, 0x10, 0x00, 0x00, 0x00, 0x04, 0x00, 0x00, 0x00,
  0x00, 0x00, 0x00, 0x00, 0x00, 0x00, 0x00, 0x00, 0x00, 0x00, 0x00, 0x00,
  0x97, 0x01, 0x00, 0x00, 0x01, 0x00, 0x00, 0x70, 0x00, 0x00, 0x00, 0x00,
  0x00, 0x00, 0x00, 0x00, 0x00, 0x00, 0x00, 0x00, 0x00, 0x00, 0x00, 0x00,
  0x38, 0x0c, 0x00, 0x00, 0x00, 0x00, 0x00, 0x00, 0x20, 0x00, 0x00, 0x00,
  0x00, 0x00, 0x00, 0x00, 0x03, 0x00, 0x00, 0x00, 0x00, 0x00, 0x00, 0x00,
  0x04, 0x00, 0x00, 0x00, 0x00, 0x00, 0x00, 0x00, 0x08, 0x00, 0x00, 0x00,
  0x00, 0x00, 0x00, 0x00, 0xd7, 0x00, 0x00, 0x00, 0x04, 0x00, 0x00, 0x00,
  0x40, 0x00, 0x00, 0x00, 0x00, 0x00, 0x00, 0x00, 0x00, 0x00, 0x00, 0x00,
  0x00, 0x00, 0x00, 0x00, 0x58, 0x0c, 0x00, 0x00, 0x00, 0x00, 0x00, 0x00,
  0x00, 0x00, 0x00, 0x00, 0x00, 0x00, 0x00, 0x00, 0x03, 0x00, 0x00, 0x00,
  0x0f, 0x00, 0x00, 0x00, 0x08, 0x00, 0x00, 0x00, 0x00, 0x00, 0x00, 0x00,
  0x18, 0x00, 0x00, 0x00, 0x00, 0x00, 0x00, 0x00, 0x4e, 0x01, 0x00, 0x00,
  0x04, 0x00, 0x00, 0x00, 0x40, 0x00, 0x00, 0x00, 0x00, 0x00, 0x00, 0x00,
  0x00, 0x00, 0x00, 0x00, 0x00, 0x00, 0x00, 0x00, 0x58, 0x0c, 0x00, 0x00,
  0x00, 0x00, 0x00, 0x00, 0x00, 0x00, 0x00, 0x00, 0x00, 0x00, 0x00, 0x00,
  0x03, 0x00, 0x00, 0x00, 0x10, 0x00, 0x00, 0x00, 0x08, 0x00, 0x00, 0x00,
  0x00, 0x00, 0x00, 0x00, 0x18, 0x00, 0x00, 0x00, 0x00, 0x00, 0x00, 0x00,
  0x85, 0x01, 0x00, 0x00, 0x04, 0x00, 0x00, 0x00, 0x40, 0x00, 0x00, 0x00,
  0x00, 0x00, 0x00, 0x00, 0x00, 0x00, 0x00, 0x00, 0x00, 0x00, 0x00, 0x00,
  0x58, 0x0c, 0x00, 0x00, 0x00, 0x00, 0x00, 0x00, 0x90, 0x00, 0x00, 0x00,
  0x00, 0x00, 0x00, 0x00, 0x03, 0x00, 0x00, 0x00, 0x04, 0x00, 0x00, 0x00,
  0x08, 0x00, 0x00, 0x00, 0x00, 0x00, 0x00, 0x00, 0x18, 0x00, 0x00, 0x00,
  0x00, 0x00, 0x00, 0x00, 0x5d, 0x00, 0x00, 0x00, 0x01, 0x00, 0x00, 0x00,
  0x06, 0x00, 0x00, 0x00, 0x00, 0x00, 0x00, 0x00, 0x00, 0x00, 0x00, 0x00,
  0x00, 0x00, 0x00, 0x00, 0x00, 0x0d, 0x00, 0x00, 0x00, 0x00, 0x00, 0x00,
  0x00, 0x18, 0x00, 0x00, 0x00, 0x00, 0x00, 0x00, 0x03, 0x00, 0x00, 0x00,
  0x0b, 0x00, 0x00, 0x00, 0x80, 0x00, 0x00, 0x00, 0x00, 0x00, 0x00, 0x00,
  0x00, 0x00, 0x00, 0x00, 0x00, 0x00, 0x00, 0x00, 0xf2, 0x00, 0x00, 0x00,
  0x01, 0x00, 0x00, 0x00, 0x06, 0x00, 0x00, 0x00, 0x00, 0x00, 0x00, 0x00,
  0x00, 0x00, 0x00, 0x00, 0x00, 0x00, 0x00, 0x00, 0x00, 0x25, 0x00, 0x00,
  0x00, 0x00, 0x00, 0x00, 0x00, 0x18, 0x00, 0x00, 0x00, 0x00, 0x00, 0x00,
  0x03, 0x00, 0x00, 0x00, 0x0c, 0x00, 0x00, 0x00, 0x80, 0x00, 0x00, 0x00,
  0x00, 0x00, 0x00, 0x00, 0x00, 0x00, 0x00, 0x00, 0x00, 0x00, 0x00, 0x00,
  0xa7, 0x00, 0x00, 0x00, 0x08, 0x00, 0x00, 0x00, 0x03, 0x00, 0x00, 0x00,
  0x00, 0x00, 0x00, 0x00, 0x00, 0x00, 0x00, 0x00, 0x00, 0x00, 0x00, 0x00,
  0x00, 0x3d, 0x00, 0x00, 0x00, 0x00, 0x00, 0x00, 0x40, 0x00, 0x00, 0x00,
  0x00, 0x00, 0x00, 0x00, 0x00, 0x00, 0x00, 0x00, 0x00, 0x00, 0x00, 0x00,
  0x01, 0x00, 0x00, 0x00, 0x00, 0x00, 0x00, 0x00, 0x00, 0x00, 0x00, 0x00,
  0x00, 0x00, 0x00, 0x00, 0xb3, 0x01, 0x00, 0x00, 0x01, 0x00, 0x00, 0x00,
  0x42, 0x00, 0x00, 0x00, 0x00, 0x00, 0x00, 0x00, 0x00, 0x00, 0x00, 0x00,
  0x00, 0x00, 0x00, 0x00, 0x00, 0x3d, 0x00, 0x00, 0x00, 0x00, 0x00, 0x00,
  0xa0, 0x03, 0x00, 0x00, 0x00, 0x00, 0x00, 0x00, 0x00, 0x00, 0x00, 0x00,
  0x0f, 0x00, 0x00, 0x00, 0x04, 0x00, 0x00, 0x00, 0x00, 0x00, 0x00, 0x00,
  0x00, 0x00, 0x00, 0x00, 0x00, 0x00, 0x00, 0x00, 0xd1, 0x01, 0x00, 0x00,
  0x01, 0x00, 0x00, 0x00, 0x42, 0x00, 0x00, 0x00, 0x00, 0x00, 0x00, 0x00,
  0x00, 0x00, 0x00, 0x00, 0x00, 0x00, 0x00, 0x00, 0xa0, 0x40, 0x00, 0x00,
  0x00, 0x00, 0x00, 0x00, 0xa0, 0x03, 0x00, 0x00, 0x00, 0x00, 0x00, 0x00,
  0x00, 0x00, 0x00, 0x00, 0x10, 0x00, 0x00, 0x00, 0x04, 0x00, 0x00, 0x00,
  0x00, 0x00, 0x00, 0x00, 0x00, 0x00, 0x00, 0x00, 0x00, 0x00, 0x00, 0x00,
  0xed, 0x01, 0x00, 0x00, 0x16, 0x00, 0x00, 0x70, 0x00, 0x00, 0x00, 0x10,
  0x00, 0x00, 0x00, 0x00, 0x00, 0x00, 0x00, 0x00, 0x00, 0x00, 0x00, 0x00,
  0x40, 0x44, 0x00, 0x00, 0x00, 0x00, 0x00, 0x00, 0xa2, 0x02, 0x00, 0x00,
  0x00, 0x00, 0x00, 0x00, 0x1e, 0x00, 0x00, 0x00, 0x0b, 0x00, 0x00, 0x00,
  0x10, 0x00, 0x00, 0x00, 0x00, 0x00, 0x00, 0x00, 0x00, 0x00, 0x00, 0x00,
  0x00, 0x00, 0x00, 0x00, 0x0e, 0x02, 0x00, 0x00, 0x16, 0x00, 0x00, 0x70,
  0x00, 0x00, 0x00, 0x10, 0x00, 0x00, 0x00, 0x00, 0x00, 0x00, 0x00, 0x00,
  0x00, 0x00, 0x00, 0x00, 0xf0, 0x46, 0x00, 0x00, 0x00, 0x00, 0x00, 0x00,
  0xa2, 0x02, 0x00, 0x00, 0x00, 0x00, 0x00, 0x00, 0x1e, 0x00, 0x00, 0x00,
  0x0c, 0x00, 0x00, 0x00, 0x10, 0x00, 0x00, 0x00, 0x00, 0x00, 0x00, 0x00,
  0x00, 0x00, 0x00, 0x00, 0x00, 0x00, 0x00, 0x00, 0x2d, 0x02, 0x00, 0x00,
  0x01, 0x00, 0x00, 0x00, 0x00, 0x00, 0x00, 0x10, 0x00, 0x00, 0x00, 0x00,
  0x00, 0x00, 0x00, 0x00, 0x00, 0x00, 0x00, 0x00, 0x92, 0x49, 0x00, 0x00,
  0x00, 0x00, 0x00, 0x00, 0xc0, 0x01, 0x00, 0x00, 0x00, 0x00, 0x00, 0x00,
  0x00, 0x00, 0x00, 0x00, 0x00, 0x00, 0x00, 0x00, 0x01, 0x00, 0x00, 0x00,
  0x00, 0x00, 0x00, 0x00, 0x00, 0x00, 0x00, 0x00, 0x00, 0x00, 0x00, 0x00,
  0x42, 0x02, 0x00, 0x00, 0x83, 0x00, 0x00, 0x70, 0x00, 0x00, 0x00, 0x10,
  0x00, 0x00, 0x00, 0x00, 0x00, 0x00, 0x00, 0x00, 0x00, 0x00, 0x00, 0x00,
  0x54, 0x4b, 0x00, 0x00, 0x00, 0x00, 0x00, 0x00, 0x60, 0x00, 0x00, 0x00,
  0x00, 0x00, 0x00, 0x00, 0x1e, 0x00, 0x00, 0x00, 0x00, 0x00, 0x00, 0x00,
  0x04, 0x00, 0x00, 0x00, 0x00, 0x00, 0x00, 0x00, 0x00, 0x00, 0x00, 0x00,
  0x00, 0x00, 0x00, 0x00, 0x53, 0x02, 0x00, 0x00, 0x83, 0x00, 0x00, 0x70,
  0x40, 0x00, 0x00, 0x10, 0x00, 0x00, 0x00, 0x00, 0x00, 0x00, 0x00, 0x00,
  0x00, 0x00, 0x00, 0x00, 0xb4, 0x4b, 0x00, 0x00, 0x00, 0x00, 0x00, 0x00,
  0xd8, 0x00, 0x00, 0x00, 0x00, 0x00, 0x00, 0x00, 0x1e, 0x00, 0x00, 0x00,
  0x14, 0x00, 0x00, 0x00, 0x04, 0x00, 0x00, 0x00, 0x00, 0x00, 0x00, 0x00,
  0x00, 0x00, 0x00, 0x00, 0x00, 0x00, 0x00, 0x00, 0x74, 0x02, 0x00, 0x00,
  0x83, 0x00, 0x00, 0x70, 0x40, 0x00, 0x00, 0x10, 0x00, 0x00, 0x00, 0x00,
  0x00, 0x00, 0x00, 0x00, 0x00, 0x00, 0x00, 0x00, 0x8c, 0x4c, 0x00, 0x00,
  0x00, 0x00, 0x00, 0x00, 0xd8, 0x00, 0x00, 0x00, 0x00, 0x00, 0x00, 0x00,
  0x1e, 0x00, 0x00, 0x00, 0x15, 0x00, 0x00, 0x00, 0x04, 0x00, 0x00, 0x00,
  0x00, 0x00, 0x00, 0x00, 0x00, 0x00, 0x00, 0x00, 0x00, 0x00, 0x00, 0x00,
  0x93, 0x02, 0x00, 0x00, 0x82, 0x00, 0x00, 0x70, 0x40, 0x00, 0x00, 0x10,
  0x00, 0x00, 0x00, 0x00, 0x00, 0x00, 0x00, 0x00, 0x00, 0x00, 0x00, 0x00,
  0x68, 0x4d, 0x00, 0x00, 0x00, 0x00, 0x00, 0x00, 0x18, 0x00, 0x00, 0x00,
  0x00, 0x00, 0x00, 0x00, 0x1e, 0x00, 0x00, 0x00, 0x14, 0x00, 0x00, 0x00,
  0x08, 0x00, 0x00, 0x00, 0x00, 0x00, 0x00, 0x00, 0x18, 0x00, 0x00, 0x00,
  0x00, 0x00, 0x00, 0x00, 0xb6, 0x02, 0x00, 0x00, 0x82, 0x00, 0x00, 0x70,
  0x40, 0x00, 0x00, 0x10, 0x00, 0x00, 0x00, 0x00, 0x00, 0x00, 0x00, 0x00,
  0x00, 0x00, 0x00, 0x00, 0x80, 0x4d, 0x00, 0x00, 0x00, 0x00, 0x00, 0x00,
  0x18, 0x00, 0x00, 0x00, 0x00, 0x00, 0x00, 0x00, 0x1e, 0x00, 0x00, 0x00,
  0x15, 0x00, 0x00, 0x00, 0x08, 0x00, 0x00, 0x00, 0x00, 0x00, 0x00, 0x00,
  0x18, 0x00, 0x00, 0x00, 0x00, 0x00, 0x00, 0x00, 0xd7, 0x02, 0x00, 0x00,
  0x82, 0x00, 0x00, 0x70, 0x40, 0x00, 0x00, 0x10, 0x00, 0x00, 0x00, 0x00,
  0x00, 0x00, 0x00, 0x00, 0x00, 0x00, 0x00, 0x00, 0x98, 0x4d, 0x00, 0x00,
  0x00, 0x00, 0x00, 0x00, 0x90, 0x00, 0x00, 0x00, 0x00, 0x00, 0x00, 0x00,
  0x1e, 0x00, 0x00, 0x00, 0x16, 0x00, 0x00, 0x00, 0x08, 0x00, 0x00, 0x00,
  0x00, 0x00, 0x00, 0x00, 0x18, 0x00, 0x00, 0x00, 0x00, 0x00, 0x00, 0x00,
  0xf1, 0x02, 0x00, 0x00, 0x15, 0x00, 0x00, 0x70, 0x03, 0x00, 0x00, 0x10,
  0x00, 0x00, 0x00, 0x00, 0x00, 0x00, 0x00, 0x00, 0x00, 0x00, 0x00, 0x00,
  0x28, 0x4e, 0x00, 0x00, 0x00, 0x00, 0x00, 0x00, 0x00, 0x00, 0x00, 0x00,
  0x00, 0x00, 0x00, 0x00, 0x00, 0x00, 0x00, 0x00, 0x00, 0x00, 0x00, 0x00,
  0x01, 0x00, 0x00, 0x00, 0x00, 0x00, 0x00, 0x00, 0x00, 0x00, 0x00, 0x00,
  0x00, 0x00, 0x00, 0x00, 0x0f, 0x03, 0x00, 0x00, 0x85, 0x00, 0x00, 0x70,
  0x00, 0x00, 0x00, 0x10, 0x00, 0x00, 0x00, 0x00, 0x00, 0x00, 0x00, 0x00,
  0x00, 0x00, 0x00, 0x00, 0x28, 0x4e, 0x00, 0x00, 0x00, 0x00, 0x00, 0x00,
  0x38, 0x01, 0x00, 0x00, 0x00, 0x00, 0x00, 0x00, 0x02, 0x00, 0x00, 0x00,
  0x0b, 0x00, 0x00, 0x00, 0x08, 0x00, 0x00, 0x00, 0x00, 0x00, 0x00, 0x00,
  0x18, 0x00, 0x00, 0x00, 0x00, 0x00, 0x00, 0x00, 0x06, 0x00, 0x00, 0x00,
  0x04, 0x00, 0x00, 0x00, 0x20, 0x57, 0x00, 0x00, 0x00, 0x00, 0x00, 0x00,
  0x00, 0x00, 0x00, 0x00, 0x00, 0x00, 0x00, 0x00, 0x00, 0x00, 0x00, 0x00,
  0x00, 0x00, 0x00, 0x00, 0x18, 0x01, 0x00, 0x00, 0x00, 0x00, 0x00, 0x00,
  0x18, 0x01, 0x00, 0x00, 0x00, 0x00, 0x00, 0x00, 0x08, 0x00, 0x00, 0x00,
  0x00, 0x00, 0x00, 0x00, 0x01, 0x00, 0x00, 0x00, 0x04, 0x00, 0x00, 0x00,
  0x20, 0x57, 0x00, 0x00, 0x00, 0x00, 0x00, 0x00, 0x00, 0x00, 0x00, 0x00,
  0x00, 0x00, 0x00, 0x00, 0x00, 0x00, 0x00, 0x00, 0x00, 0x00, 0x00, 0x00,
  0x18, 0x01, 0x00, 0x00, 0x00, 0x00, 0x00, 0x00, 0x18, 0x01, 0x00, 0x00,
  0x00, 0x00, 0x00, 0x00, 0x08, 0x00, 0x00, 0x00, 0x00, 0x00, 0x00, 0x00,
  0x01, 0x00, 0x00, 0x00, 0x05, 0x00, 0x00, 0x00, 0x00, 0x0d, 0x00, 0x00,
  0x00, 0x00, 0x00, 0x00, 0x00, 0x00, 0x00, 0x00, 0x00, 0x00, 0x00, 0x00,
  0x00, 0x00, 0x00, 0x00, 0x00, 0x00, 0x00, 0x00, 0x00, 0x30, 0x00, 0x00,
  0x00, 0x00, 0x00, 0x00, 0x00, 0x30, 0x00, 0x00, 0x00, 0x00, 0x00, 0x00,
  0x08, 0x00, 0x00, 0x00, 0x00, 0x00, 0x00, 0x00, 0x01, 0x00, 0x00, 0x00,
  0x06, 0x00, 0x00, 0x00, 0x00, 0x3d, 0x00, 0x00, 0x00, 0x00, 0x00, 0x00,
  0x00, 0x00, 0x00, 0x00, 0x00, 0x00, 0x00, 0x00, 0x00, 0x00, 0x00, 0x00,
  0x00, 0x00, 0x00, 0x00, 0x00, 0x00, 0x00, 0x00, 0x00, 0x00, 0x00, 0x00,
  0x40, 0x00, 0x00, 0x00, 0x00, 0x00, 0x00, 0x00, 0x08, 0x00, 0x00, 0x00,
  0x00, 0x00, 0x00, 0x00, 0x01, 0x00, 0x00, 0x00, 0x04, 0x00, 0x00, 0x00,
  0x00, 0x3d, 0x00, 0x00, 0x00, 0x00, 0x00, 0x00, 0x00, 0x00, 0x00, 0x00,
  0x00, 0x00, 0x00, 0x00, 0x00, 0x00, 0x00, 0x00, 0x00, 0x00, 0x00, 0x00,
  0x40, 0x07, 0x00, 0x00, 0x00, 0x00, 0x00, 0x00, 0x40, 0x07, 0x00, 0x00,
  0x00, 0x00, 0x00, 0x00, 0x08, 0x00, 0x00, 0x00, 0x00, 0x00, 0x00, 0x00
};

#ifdef __cplusplus
}
#endif
